name,leverage,latent_inventory,margin_buffer,liquidation_base,liquidation_gain,crowding,liquidity_withdrawal,liquidity_inventory_sensitivity,passive_pre_max_abs_distance,active_probe_distance,normalized_parameter_distance,terminal_return,max_drawdown,peak_spread_bps,minimum_depth,accepted_after_probe,holdout_response_rmse,holdout_terminal_return,holdout_max_drawdown,holdout_realized_volatility,holdout_peak_spread_bps,holdout_minimum_depth,holdout_peak_volume_index,holdout_liquidation_fraction
candidate_0370,5.75758999208,0.612159059649,0.0234864382541,0.0499227047575,2.37005735076,1.01895682591,3.36833451643,0.25067696036,0,0.0925051176332,0.303610324136,0.00012695430244,0.0327545672315,13.9598759216,0.7603271881,True,0.803140188914,0.00198415954296,0.0404993425753,0.00146594037354,19.6648085982,0.735650024789,2.51558029327,0.933387077679
candidate_0602,4.77787975852,0.462726612934,0.0238633120214,0.0476576419812,5.86228129885,1.06591054869,2.74092716938,0.288517833244,0,0.116856685279,0.328882929723,0.000197142061928,0.0252716886148,12.9859864689,0.77641773215,True,0.750735157332,0.00203349206888,0.0355591259402,0.00140347512199,18.337498598,0.715320809355,2.37560833764,0.941269515588
candidate_0090,5.50241444063,0.770471496543,0.0172289124379,0.0155103861275,2.80755356932,0.784639906205,3.55483427188,0.347386665557,0,0.121437445415,0.258933131633,0.000114816988528,0.0276018109096,15.8388016501,0.69984311815,True,0.509933107051,0.0019721853385,0.0380417001553,0.00145214311613,20.0914595125,0.645619039801,2.40659227551,0.913273371953
candidate_0563,3.1496657858,0.846064696661,0.0190708063939,0.0208834369929,4.29690678135,0.890443573276,6.759619986,0.235691022235,0,0.152140790728,0.201280670097,0.000193497484027,0.0246078227767,13.9062152781,0.809978965132,True,0.456636770049,0.00202607778788,0.0346194711888,0.00142699389753,20.4598301957,0.699558525527,2.38595951975,0.912644554491
candidate_0071,5.71307535987,1.04071789623,0.0218121415609,0.0403664001012,3.47193041877,0.519765169938,4.97120148642,0.321727484373,0,0.159820042544,0.188893762616,0.000136839014215,0.0307703903614,16.3996597411,0.684087341892,True,0.370114083732,0.00199093833845,0.0411261008664,0.00146650707968,19.7639193906,0.626480686464,2.45826236289,0.955787706641
candidate_0474,5.30150231591,0.632379998012,0.0197195445552,0.0205275456144,6.2233326275,0.626094048462,2.76965540618,0.366569139787,0,0.17456552542,0.280942015403,0.000196767225821,0.0248267332168,15.2844315725,0.709386213148,True,0.518237344688,0.00203565812406,0.0350311854026,0.00142848828386,19.599651626,0.633121123767,2.38065038178,0.949082306275
candidate_0552,4.39094815352,0.469798715478,0.0223331507157,0.040587860889,3.16593337477,0.957492148806,6.92239783686,0.346278028231,0,0.175051154924,0.27982868518,0.000225529427374,0.0219057162173,12.4982953358,0.816938721426,True,0.611086963259,0.00204561291335,0.0301678863705,0.00133860502885,18.4002501133,0.713156876195,2.29726550502,0.792476479928
candidate_0594,6.213436583,0.490315883311,0.0201992521575,0.046110687547,2.76304164186,0.995960425584,8.31752476152,0.110869802241,0,0.204335044518,0.35475163308,0.000160058976654,0.0317385323039,15.3674925791,0.797900268853,True,0.913726417517,0.0020060027424,0.0406269230841,0.00154832277657,22.3317424205,0.717219680054,2.55905289498,0.951864321959
candidate_0480,6.14586249323,0.699064122942,0.0229789016235,0.0497286377534,3.1597166235,0.647792757559,4.53972151884,0.171472566357,0,0.213414530168,0.222170409065,0.000178070429608,0.0272625076428,12.4982953358,0.849228735127,True,0.945914081491,0.00202190339617,0.0349742443979,0.00140141570516,18.9013868379,0.806516284096,2.43037836496,0.908431654889
candidate_0354,2.62528870316,0.743194073971,0.0175201810782,0.0489609452285,5.23242694639,0.485068524441,4.63774293205,0.216690091667,0,0.236581407196,0.248880573643,0.000234207203332,0.022006263709,14.2735125758,0.83206486066,True,1.0167726765,0.00207358977769,0.030431800603,0.00137878933132,19.6839180072,0.78547590656,2.28808781262,0.896925906116
candidate_0372,5.85763246921,0.588892097333,0.0205606449633,0.0382237729209,6.3114735521,0.268655942643,4.22605969157,0.343006459703,0,0.237140101392,0.283438447495,0.000242438817768,0.0216070927635,13.0139338113,0.837318936457,True,0.728993028465,0.00207683684067,0.0296663968062,0.00134638194365,18.5452427314,0.728215543893,2.22765854511,0.777979967659
candidate_0089,6.01425386374,0.679657847451,0.0214018546598,0.0417393057166,6.10890019091,0.526076663903,8.30912257951,0.298591965308,0,0.250009256429,0.25497821113,0.000187166841693,0.0267604116619,16.042621415,0.71270327639,True,1.23911609652,0.0020286166794,0.0388201841998,0.00145721634096,20.8039419012,0.569134499969,2.43388576904,0.975057483518
candidate_0207,4.64731097948,0.745639946552,0.0239150974693,0.0347607105589,5.35564092998,0.781881686545,6.36923368643,0.275219602133,0,0.251005973645,0.117645172476,0.000210196204432,0.0234533239373,12.4982953358,0.843180098447,True,0.532128871955,0.00201456130198,0.0380727678811,0.00141403181916,18.0934013213,0.667512646175,2.33679847691,0.94007810887
candidate_0414,3.89716004725,0.521388392838,0.0191862609599,0.0311712851492,4.72998402818,0.563604617744,8.18035242321,0.359440951617,0,0.251470231622,0.271065106154,0.000236773007487,0.0217675121996,13.7532266652,0.803161222229,True,0.67512747191,0.00206749636549,0.0302079368807,0.0013667271851,20.4413966037,0.682853201011,2.27730512959,0.803483249814
candidate_0510,2.54416661448,0.356706890576,0.0191864606165,0.0427438532662,5.98011786149,0.758159632863,2.68228510811,0.374884840674,0,0.254018117826,0.375785926898,0.000243179037629,0.0216419486737,13.3925332766,0.793941587611,True,0.844512078613,0.00208095847025,0.0296066501098,0.00134608135621,18.5595082507,0.700223226929,2.20492374601,0.79474892229
candidate_0330,4.22811842792,0.401565654882,0.016927792961,0.0134295185966,5.30870551667,1.01426456732,5.70219237699,0.330054617476,0,0.255752818649,0.316268164963,0.000211974911126,0.0231052502779,14.3592544298,0.752797183204,True,0.365964797856,0.0020453232684,0.0327227987628,0.00140791237085,20.9316951891,0.644431013467,2.36448315685,0.91280467763
candidate_0607,1.63433190761,0.801324999029,0.0190567476888,0.0437130067835,2.28482605192,0.576981578089,5.29610205585,0.322073261571,0,0.256566169725,0.309369408625,0.000243703807441,0.0216428464251,13.4188573234,0.846251544872,True,0.963287027368,0.00208194058111,0.0294540434432,0.00134107621962,18.3892456646,0.785216537006,2.19696234738,0.659928892574
candidate_0318,4.24700830542,0.571893301281,0.0195201724511,0.0279409578859,4.01910292029,0.84503748861,4.40176799104,0.207332764635,0,0.256745974938,0.166602204976,0.000213979889618,0.0231490023529,13.6493565979,0.859752053112,True,0.920379166595,0.00204622445445,0.0318094128193,0.00138625428554,19.0421449177,0.797821606863,2.33211073063,0.849820075885
candidate_0220,5.48203641434,0.747934420529,0.0194574374398,0.0425115816387,4.0686078409,0.758755500189,4.3795878256,0.179964549921,0,0.257804825459,0.143983397082,0.000158710080543,0.0354243615335,15.6571466924,0.770182909408,True,0.579701918513,0.00201200369868,0.0439836521124,0.00161888789263,22.2565564566,0.723078126456,2.62512860578,0.980371440387
candidate_0112,6.82567387465,0.5072237819,0.0224015096998,0.0484611204301,5.5583434814,0.408651088968,5.34121736075,0.267189821169,0,0.269489549049,0.264479284938,0.000236660132038,0.0210750940575,12.4982953358,0.868279728738,True,0.721810462783,0.00206474719444,0.0298292701077,0.00133313165095,17.9566990028,0.769831712392,2.27680451507,0.82684643277
candidate_0443,6.01085639874,0.669593422171,0.0197122530126,0.022896788634,6.27983398945,0.534953110259,6.86859770739,0.0946974689085,0,0.269501362143,0.264235235779,0.000205160099078,0.0251408327249,13.4806952258,0.886266005156,True,0.734421083556,0.00204333044784,0.0353082652516,0.00144135684856,20.1328236175,0.799208536352,2.41142176375,0.945285527125
candidate_0305,6.17715548289,0.416417328388,0.017950200051,0.0315920084928,6.42210203042,0.315755702714,5.77171186417,0.218709437524,0,0.2784658122,0.280419476413,0.000240498280634,0.0217178715775,13.6582836238,0.864194020558,True,0.917572632001,0.00207808672526,0.0299114294372,0.00135781598975,19.2959875226,0.793531636957,2.24183563542,0.834256324825
candidate_0042,3.16505146278,0.847218716145,0.0163006090749,0.0356943147222,1.73457570009,0.861100723857,7.89871078053,0.154818133974,0,0.280785295992,0.306981447038,0.000181316185066,0.0256251437714,16.4164703994,0.822140229327,True,0.532634558208,0.00202542835064,0.0326360757571,0.00142870542083,21.8809665142,0.768456368593,2.40368161359,0.862372659196
candidate_0326,6.04520954604,1.00479726252,0.0194126621962,0.0199557311127,2.96683934699,0.486897191496,4.43877881434,0.195508185806,0,0.286377315459,0.212310967865,0.000185096585068,0.0241902948769,13.6545772263,0.862795882968,True,0.847438918224,0.0020148486511,0.0329123967531,0.00139692831966,18.9923903629,0.802231141931,2.34668143669,0.835001406771
candidate_0543,2.44716725168,1.09990107767,0.0196307579192,0.0361119502304,6.40845821513,0.440030156156,5.98895747025,0.186041769251,0,0.291176085186,0.281640287611,0.000235237141682,0.0217959355707,13.389579962,0.879053480744,True,0.921980968205,0.00206991688439,0.0303816774037,0.00136984230794,19.2274723522,0.805578522496,2.29173574852,0.864404317913
candidate_0682,6.98040697116,0.951836779128,0.0231503119452,0.0371601277744,1.75587688396,0.792825236476,3.04559043415,0.114517229627,0,0.318128408348,0.314545835196,5.08531984007e-05,0.0376776436976,12.4982953358,0.859187300437,True,1.23481276028,0.0019217938791,0.0459421448841,0.00153053470329,19.7117111404,0.837596717802,2.55812222119,0.928829513513
candidate_0002,2.60979872145,0.543101114647,0.0160058699119,0.0286252184257,1.69798250447,0.603124464872,8.33357407077,0.266161234568,0,0.322394515018,0.33822871824,0.000241405891962,0.0221455156887,14.8933139632,0.859823321392,True,0.779792854337,0.00207867690489,0.0297869003722,0.00135452661246,20.0831632829,0.81013485478,2.19696234738,0.625940900498
candidate_0433,6.61315541389,0.443692758243,0.0169210255162,0.0163399164655,6.10109126269,0.38859576802,6.37304620811,0.153722372493,0,0.323483758957,0.310981357645,0.000235652271826,0.0218024779778,13.9380465308,0.887066291942,True,0.948289787567,0.00207046421141,0.0302267995086,0.00136983220442,19.7407651994,0.817878515433,2.28396836002,0.846895384012
candidate_0635,4.78771989957,0.810233797625,0.0185997529102,0.0129497803377,4.2442602023,0.29194733409,7.89974765702,0.370406923686,0,0.326723689194,0.317951464311,0.000244299073134,0.0215175601828,13.227940193,0.881083093046,True,0.715635628775,0.00207591188871,0.0295659806959,0.00134097419166,19.2989076397,0.752295990239,2.20908945369,0.606486860721
candidate_0291,2.44847207741,0.764099933083,0.0178407455138,0.0516932992841,3.17179705668,0.791802851,8.02668579974,0.264781057148,0,0.336914328013,0.310602876701,0.000212832514506,0.0238265869568,15.4203127242,0.760832884707,True,0.56591811654,0.00205349732081,0.0322392991578,0.00142691048888,22.1934295723,0.689728909199,2.39528360983,0.911363924958
candidate_0364,2.88680221501,0.522252408628,0.0163904400268,0.0184609953645,1.66841146838,0.435827471094,7.96581571557,0.369562746557,0,0.339252195535,0.387520887367,0.000246406614332,0.0217431602944,14.2160936844,0.875359920073,True,0.819784880307,0.00208626328866,0.0292872120143,0.00134058323887,19.2643373857,0.819026372777,2.19696234738,0.448681149455
candidate_0232,4.63356445885,0.330267014697,0.0160076716496,0.0302285154509,5.89892977322,0.823414496801,7.02158901297,0.211981410218,0,0.34101962913,0.271102187012,0.000221750713519,0.0238249132522,15.8697489287,0.787170100415,True,0.483672146352,0.00206247048466,0.032489004479,0.00142590030774,22.0756813354,0.718204792754,2.39494387059,0.940950502237
candidate_0051,1.412724042,0.908834900239,0.019171608778,0.0247957544849,5.45957184421,0.751230743028,5.07801365766,0.246524573369,0,0.344209310834,0.258644373045,0.000243103223474,0.0215622540184,12.9949659315,0.893044648949,True,0.96528729549,0.00207821848948,0.0295050132991,0.00133984407108,18.2101912877,0.811587953268,2.20644514716,0.71326547422
candidate_0047,1.63198753327,1.00343554359,0.0202250265175,0.037959109499,4.94207844782,0.418081681738,4.95182295773,0.264180609027,0,0.347175652935,0.269666144352,0.000246031972414,0.0214889194751,12.7555878129,0.893677951787,True,1.04415614775,0.00208428126447,0.0292032554391,0.0013325733342,17.7161669831,0.819932321577,2.19696234738,0.665769767447
candidate_0054,2.5647194077,0.377970289688,0.0169938773363,0.0486450548332,2.80101567024,0.269036071839,6.98966428557,0.198737207652,0,0.359304940099,0.377298303961,0.000248364132926,0.0214519137992,13.5315372266,0.890280236874,True,1.15099742144,0.00208977985578,0.0290826222946,0.00133706981942,18.6130080962,0.841214415944,2.19696234738,0.698467803158
candidate_0614,3.8916349365,0.820296858604,0.019919605745,0.0301571186149,1.60040928766,0.91093864418,4.08841910226,0.159915771138,0,0.359464307869,0.27031940276,0.000186840935243,0.0239228625872,14.0260238523,0.888790816382,True,1.32708873535,0.00202444545162,0.0312735518912,0.00138567393942,18.592316339,0.863595943089,2.32727449174,0.75567497733
candidate_0014,5.90213026672,0.9378521192,0.0171578644933,0.0286199281974,2.03163551224,0.76664844592,5.98215323336,0.205304420275,0,0.364262316395,0.202649540823,6.24880404632e-05,0.0380858695632,16.4196858832,0.698968189266,True,1.09886108578,0.00193085028509,0.0482978745826,0.00163938470292,23.0066703871,0.633949671388,2.60121520433,0.960902995238
candidate_0236,3.13076541451,0.856847313369,0.0198227332264,0.0318030121002,3.65121509325,0.766955586828,6.69607947465,0.101523477414,0,0.365724398935,0.232824013979,0.000217438867135,0.0231978432373,13.6647728085,0.910599594189,True,0.953711902955,0.00204835641111,0.0317905307764,0.00138933359434,19.365417891,0.848536353927,2.33904395447,0.840302680022
candidate_0057,5.50765930629,0.716127011067,0.0163761786973,0.013938702795,4.36625805304,0.824537048162,5.69843647679,0.179814959922,0,0.370021767304,0.195910779983,0.000144358796329,0.0364244862011,16.1938706477,0.723159824399,True,0.421796852178,0.00199787439627,0.047454408423,0.00163975927693,22.67227657,0.647791839641,2.57658211541,0.983138803059
candidate_0616,6.34868493696,0.516103611407,0.0219984975074,0.0192083627797,6.22093410627,0.68655123135,5.69231784221,0.312440922135,0,0.372604719866,0.241583268183,0.000237349038791,0.0210750940575,12.4982953358,0.904454656127,True,0.295406367185,0.0020314970547,0.0336842253289,0.00136525820796,18.0038696906,0.673264425855,2.28482595541,0.903593672741
candidate_0113,2.16694136286,0.740818560241,0.0160362113792,0.0319386258751,5.94733630281,0.650726867253,3.41392183353,0.32653248769,0,0.373303888177,0.270050484276,0.000228222171923,0.0226796154177,15.209704206,0.732223433269,True,0.749391211579,0.00206841893162,0.0307272072418,0.00138926196049,20.3580994857,0.687583858198,2.31961853092,0.920293454231
candidate_0605,6.25987478087,0.783824952278,0.0190033359731,0.0386587050006,5.03554897573,0.276180159863,3.85625769812,0.129808077694,0,0.374101354838,0.251166809245,0.000231027693838,0.0219868242458,13.594847631,0.907668142827,True,1.42547779735,0.00206748595032,0.0304001352105,0.0013718007487,18.460454874,0.867678730509,2.29303047286,0.856606851299
candidate_0436,3.01686965916,0.507664942477,0.0209145178706,0.0424407147965,5.0207189181,0.985796916083,3.11277746353,0.169014789127,0,0.378257676507,0.297664257314,0.000232201512186,0.0213589991208,12.4982953358,0.902038474085,True,1.37247401681,0.00206480275117,0.0305157187995,0.00136885660379,18.0951020292,0.850174829606,2.29274938687,0.839200211595
candidate_0544,4.40856212121,0.937421291486,0.0200757046837,0.013037003715,5.76519760747,0.314128506632,5.22612810626,0.333104701726,0,0.384941763106,0.276692964173,0.000244493440084,0.0214048128895,12.4982953358,0.908381327752,True,0.599723150534,0.0020725557792,0.0293394005092,0.00133104359437,17.9904769353,0.766437063604,2.2082939028,0.668759450318
candidate_0287,6.6246030288,0.533782543601,0.0202655050214,0.0401485239008,3.14505344863,0.534909474302,4.65471192954,0.121243912161,0,0.387926642716,0.25173021815,0.000221729368852,0.0229467990385,13.6875093985,0.913714058101,True,1.34869208781,0.00205503117253,0.0309183764848,0.00138056198134,18.5770725533,0.873278520049,2.31508813849,0.818186420708
candidate_0630,4.01662227872,0.843946633527,0.0164298381932,0.0171197518388,3.5069502399,0.598103131965,7.67396898334,0.356754024349,0,0.390816245877,0.259085485591,0.000195198882645,0.0240733082452,15.6000736398,0.711187146802,True,1.01044745391,0.0020257593594,0.0328004367865,0.00141767235727,22.0036466895,0.6034443321,2.37901964313,0.88797430552
candidate_0516,5.31944144546,0.890513037002,0.0228163623119,0.0405621036997,5.89730100826,0.459922058817,2.57697954683,0.14991222337,0,0.398124433935,0.253084672045,0.000218238821092,0.0231661024709,12.4982953358,0.906042763249,True,1.38843792593,0.00204636680447,0.0324018737174,0.00136702229234,17.7276494657,0.85241239587,2.33850661608,0.900470139307
candidate_0353,6.72161196569,0.976835949834,0.0215304252372,0.0486244872813,3.26434738788,0.370512950169,3.34242212466,0.0895399429087,0,0.408192669434,0.325068286299,0.00019604783659,0.025403271201,12.4982953358,0.922865369886,True,1.55362485733,0.00203899307947,0.0322803020762,0.0013736143271,18.4559492234,0.893629639691,2.39913430171,0.884581992283
candidate_0699,3.78258266106,0.590390840008,0.0215792953916,0.0454204636064,3.71437574687,0.333114781779,4.96689623052,0.273843811876,0,0.40899576745,0.241382691788,0.000247154548881,0.0210750940575,12.4982953358,0.915947834865,True,1.11532794225,0.00208531596649,0.0286268795569,0.00131014922958,16.7658340619,0.837290260147,2.19696234738,0.576505826205
candidate_0458,3.51428040374,0.463499686974,0.0165964082888,0.0286265190081,5.21863365006,0.713007718253,4.53092210003,0.0850160852199,0,0.41474566541,0.276859217742,0.000232493982556,0.0223894271183,14.1220423702,0.920224662014,True,1.50986996749,0.00207113467902,0.0302306796093,0.0013692211581,18.7566485738,0.88613307304,2.27779836565,0.863165831222
candidate_0100,3.7837990595,0.941629086644,0.0189268534415,0.0382893653998,6.08969670046,0.554985467929,5.61107150313,0.289275784268,0,0.415049778737,0.181218575212,0.000194237742284,0.0285546870194,16.5496804938,0.701546572996,True,0.338248268605,0.00204025172272,0.037735049766,0.00150916339148,22.2645578482,0.626346154254,2.50980105021,0.977931416687
candidate_0095,3.78395477139,0.420152765288,0.0208637681278,0.024994099804,3.53132924644,0.464260199655,6.12006059964,0.358534853737,0,0.422734956879,0.277192331555,0.000248362999935,0.0213444221283,12.4982953358,0.91913932691,True,0.88782300239,0.00208712844751,0.0288721635976,0.00132224096325,17.3304601633,0.830836143021,2.19696234738,0.456503652848
candidate_0040,3.68661252334,0.373141604498,0.0189567043039,0.0332798519047,3.04593394843,0.429046708702,3.26183398308,0.203680997641,0,0.438117521089,0.29560654123,0.000246968106394,0.0214258404718,12.6395694309,0.922228274878,True,1.52083359995,0.00208729780385,0.0288421330608,0.00132202133066,16.5947974763,0.881792318273,2.19696234738,0.569647609161
candidate_0629,1.46940453598,0.966806981924,0.0218073596653,0.038946270799,3.18097753908,0.477580295781,5.85734483722,0.370631389134,0,0.439894956377,0.319031100687,0.00024902061112,0.0210750940575,12.4982953358,0.926081882814,True,0.899061408006,0.00208746045231,0.0285280400866,0.00130900642548,16.7561967239,0.817341599875,2.19696234738,0.482944642035
candidate_0085,4.06627462419,1.0419051956,0.0167440047493,0.0217022975273,3.87953569805,0.771734146437,2.74157971986,0.328146266942,0,0.443305122279,0.25045515787,0.000135265718996,0.0366944724616,17.8322602999,0.653950206413,True,0.465646052074,0.00199234038736,0.0456385409488,0.00160333566101,21.7854392314,0.625099132364,2.56381474173,0.979575968792
candidate_0206,3.74984481608,0.933973770532,0.0222647954753,0.051069249976,1.57707240977,0.443860571267,4.59441461795,0.151433112734,0,0.448533571647,0.323501288032,0.000236592649493,0.0210750940575,12.4982953358,0.928172898564,True,1.51554227752,0.00206983818506,0.029065492217,0.00131978909118,17.1480154579,0.894692508369,2.24263073309,0.668326029743
candidate_0200,3.78497258498,0.428064398277,0.0217475417049,0.0454152807556,3.30777983215,0.763158718949,5.15380665044,0.166276675882,0,0.458688036029,0.260509141731,0.000241259139182,0.0210750940575,12.4982953358,0.931187118956,True,1.34150773745,0.00207555655266,0.0289267943581,0.00131532628334,17.0943277118,0.882431041651,2.21228545929,0.670458204996
candidate_0465,2.33759647418,0.863851987315,0.0172758868334,0.026552993938,3.83484893547,0.419444359451,6.56917615806,0.113428650906,0,0.460957680407,0.275800914606,0.000242469312583,0.0216344019244,13.5113028353,0.928544518557,True,1.31548473994,0.00208045166559,0.0295401081357,0.00134324369897,18.5060844788,0.871921954735,2.19696234738,0.695270820214
candidate_0422,3.28437223279,0.424148817811,0.019617213636,0.0359657069666,2.21236145298,0.317639918228,7.24216772132,0.209188513298,0,0.465371657386,0.328726158439,0.000248691546535,0.0213664234608,12.6308062625,0.931226484841,True,1.25928128647,0.00208961586105,0.0288298833314,0.00132541963875,17.5036022954,0.876042108786,2.19696234738,0.498840778802
candidate_0512,5.58540892269,0.392292848441,0.022955589822,0.0471701396708,2.47450150108,0.532407394261,6.58913487373,0.247474871777,0,0.467207274336,0.289475756901,0.00024590878294,0.0210750940575,12.4982953358,0.93430459949,True,1.05794886846,0.00207888587309,0.0288164179295,0.00131360613163,16.955079786,0.854199692916,2.19696234738,0.588793231151
candidate_0592,3.63994943482,0.898608295103,0.0242221245413,0.0363120434932,3.61170960612,0.832612604431,7.47563266133,0.142625932356,0,0.468620520613,0.220899075609,0.000224148970056,0.0224567360652,12.4982953358,0.933625307113,True,0.575180864227,0.00203171760403,0.0318519194825,0.00135374675793,17.5641154634,0.831930716098,2.30872539116,0.809666140744
candidate_0427,1.357034191,0.912756882385,0.019644529633,0.0361073738949,5.50697293476,0.736217600518,7.54328974283,0.110226582059,0,0.47543240445,0.323872795799,0.000242491825417,0.0216243843228,13.009734661,0.933212873461,True,1.20565226818,0.00207925520243,0.0296483299858,0.00134687042379,18.5060857971,0.86338070829,2.22075648841,0.752534348822
candidate_0320,4.42684740733,0.548289536356,0.0206128119296,0.0274680711111,1.55548683013,1.08768226417,3.58153585136,0.124027596428,0,0.487827769884,0.347276878046,0.000220792679624,0.0221958518215,13.3904460611,0.940017193275,True,1.617514839,0.00204739842814,0.030116922277,0.00135768913582,17.5378033889,0.911450592283,2.26322001932,0.64101428465
candidate_0624,3.37234073536,0.994888683154,0.022339711669,0.020629363625,3.30210552502,0.633688506017,8.27448998951,0.35490475326,0,0.489556492985,0.289163257019,0.000245045826521,0.0210750940575,12.4982953358,0.938940291284,True,1.00508560594,0.00206165114375,0.0289623826786,0.00131519659466,17.530532563,0.785812254375,2.21361637699,0.56059207401
candidate_0685,2.02430000172,0.810370084427,0.0168500846677,0.0158671925619,3.88761356262,0.366457768976,4.96583265277,0.153061281945,0,0.491065953817,0.300499343021,0.000247047997007,0.0214256652756,12.999975845,0.938072990588,True,1.45038454003,0.00208693031068,0.0289721702792,0.00132651776368,17.3942616004,0.891219497925,2.19696234738,0.560848798151
candidate_0597,1.80757225851,0.977713496208,0.0196805500787,0.051845349816,2.76984290089,0.451310160472,7.60742200236,0.0945924569467,0,0.495052195014,0.387707169479,0.000242956832057,0.0216859343139,13.1360144601,0.939167083837,True,1.38086773815,0.00208207015031,0.0295430106276,0.00134479011565,18.1858016985,0.881159830129,2.19696234738,0.705922721726
candidate_0050,2.89229848451,0.303625989867,0.022689533403,0.0481705876765,3.24352627256,0.996213720382,3.05017233914,0.289531351359,0,0.500211509662,0.375437924379,0.000248562865185,0.0210750940575,12.4982953358,0.943493586775,True,1.27113180357,0.00208408597486,0.0286130152592,0.00130848343666,16.3268336693,0.835976875548,2.19696234738,0.562397589459
candidate_0645,5.64933524272,0.721506317571,0.0227690848396,0.0515258130123,1.69210810387,0.42080810731,4.29420446548,0.109624029882,0,0.501984102162,0.334002209301,0.00023369750126,0.0214367220576,12.4982953358,0.946095140077,True,1.65262710385,0.00206756223638,0.0291392184182,0.00132333794482,17.0935077847,0.917727041293,2.2601133553,0.676013998001
candidate_0277,4.43994541701,0.311888597883,0.0191903683197,0.034674367672,3.90843790591,0.389664622044,8.20521804521,0.136036247415,0,0.503379425002,0.334794099893,0.000247428217317,0.0214411843509,12.848162056,0.938399875337,True,1.23238867108,0.00208708443797,0.0291017468932,0.00133231691949,18.0831449347,0.867617568259,2.19696234738,0.615085114711
candidate_0462,4.72627901663,1.01430343636,0.0190634218737,0.0345547181607,2.66227516037,0.75650013248,8.11521434809,0.220522261387,0,0.505628956739,0.230246333657,0.000104147280761,0.0374683426358,18.250124786,0.656007596926,True,1.64079138206,0.00195597650252,0.0497824549555,0.0016664412094,23.4432677748,0.538966138675,2.60158256072,0.976533675724
candidate_0154,4.417676254,0.912839736321,0.0200809741696,0.0322553413448,3.1797209601,0.263832788619,6.61490265175,0.132965362337,0,0.505937399093,0.252615603238,0.000243680430499,0.021577367677,12.7797915332,0.94450259926,False,1.32377430148,0.00207985245068,0.0293649581269,0.00133479118099,17.6970086365,0.88916591516,2.19696234738,0.610958402242
candidate_0525,3.40307366554,0.827139009613,0.0205890538983,0.0455651459154,3.04207924735,0.430579188369,5.92855124877,0.0875167729613,0,0.509767950173,0.285436087377,0.000238643372559,0.0217941501799,13.0492952637,0.947983404537,False,1.50968554097,0.00207505651896,0.0297660676035,0.00134894208728,17.7833031272,0.902876536421,2.22504408607,0.718344517751
candidate_0027,2.46442361607,0.876163417871,0.0186197131181,0.0214700936531,3.30658420641,0.6347666183,3.06983601588,0.130622533849,0,0.510394847328,0.28527086541,0.000239724038137,0.0216140996767,12.8755066745,0.947487263945,False,1.64891619477,0.00207490430248,0.0293741211242,0.00133210416928,16.9469741309,0.911791429175,2.19696234738,0.619088815426
candidate_0216,1.8199507366,0.501886164833,0.0186325901731,0.0398970013526,5.27138942354,0.515348109736,6.0115255139,0.102053049543,0,0.510803277402,0.323028472084,0.000246983139411,0.0214637557984,12.8667037916,0.943147152829,False,1.52108753191,0.00208726109444,0.0290711435845,0.00133099498798,17.5284484833,0.890999573634,2.19696234738,0.719972906696
candidate_0506,2.6899841627,0.689407971186,0.0180926737028,0.0292233695998,2.73438851994,0.320698540177,3.39991295623,0.139137222933,0,0.515026163138,0.307668186098,0.000246901830564,0.0214128108728,12.6270756495,0.946879886642,False,1.71401610918,0.00208745568511,0.0287834515492,0.00131993600057,16.4059476981,0.919002305829,2.19696234738,0.554023278225
candidate_0092,1.81112580591,0.566163611211,0.0207865549389,0.0353662271649,4.29847701594,0.35240255358,7.6731263745,0.17823340478,0,0.533291968155,0.315702454201,0.000249721235851,0.0212663993507,12.4982953358,0.951313204402,False,1.27382121329,0.00209065243953,0.0286463049873,0.0013190708091,17.0729237459,0.882214251075,2.19696234738,0.518992303495
candidate_0242,1.50531807963,0.519688111208,0.0228132386932,0.0506614127548,2.04309426426,0.618649460621,7.47339543438,0.306964032907,0,0.536566841702,0.386704998404,0.000250214239149,0.0210750940575,12.4982953358,0.952838692785,False,1.08152248564,0.00209051051294,0.0284099074597,0.00130682699458,16.4510713566,0.869141341771,2.19696234738,0.424128063465
candidate_0013,2.75660852367,0.383616980171,0.0217989662843,0.0434944672278,4.75635450249,0.368575264302,7.49259304113,0.200561816033,0,0.566135301816,0.324035329987,0.000250173201604,0.0210750940575,12.4982953358,0.959760572678,False,1.23243278358,0.002091009253,0.0283944743777,0.00130747055874,16.5206438605,0.884230713024,2.19696234738,0.472493539987
candidate_0498,2.06744500934,0.378568716427,0.0220228058131,0.0457320738683,4.71679461293,0.485529579663,4.07951587148,0.191182694766,0,0.571611194474,0.326732894313,0.000250189196748,0.0210750940575,12.4982953358,0.962902681886,False,1.52684906864,0.00209129825389,0.0282831283456,0.00130343839507,15.7530280552,0.907377966562,2.19696234738,0.474053452463
candidate_0686,5.66529352854,0.711981707271,0.0206811636898,0.0439738461457,4.31992770188,0.761171841993,5.73324844044,0.293370537566,0,0.576577281002,0.141291281147,0.000146711427191,0.0375818494222,19.1524454942,0.637396591267,False,0.82853775915,0.00199935986684,0.0485030344595,0.0016740967666,22.9045920627,0.5596254275,2.62305186383,0.98859185915
candidate_0357,4.0981623177,0.582972754351,0.0235971180716,0.0382801125624,3.854080579,0.53427412969,3.90241116003,0.266920970347,0,0.590460052716,0.183615658327,0.000249001003334,0.0210750940575,12.4982953358,0.968896189929,False,1.20585291919,0.00207975962782,0.0286985155671,0.00130935764288,16.3231000454,0.856655093254,2.19696234738,0.536381814903
candidate_0323,5.82321876291,0.822690577584,0.0225117744332,0.0213710835347,6.39766692125,0.842827957099,5.24947448902,0.311171119313,0,0.591292342865,0.200439360824,8.93757867235e-05,0.0499426401049,23.3031210153,0.543902587601,False,1.92508445984,0.00196315071331,0.0698214377073,0.00210847700538,31.0064916154,0.424905538358,2.47540844435,0.999482315342
candidate_0367,5.00392069714,0.464112917717,0.0233619798456,0.0324912707019,4.32788026246,0.521648158274,4.31278070215,0.301421491773,0,0.591548541249,0.19772423158,0.000249395343306,0.0210750940575,12.4982953358,0.968878645248,False,1.07030911839,0.00208202176065,0.0286245051677,0.00130719505126,16.2733216717,0.84970021595,2.19696234738,0.48909516471
candidate_0164,5.10884478829,0.452370242034,0.0235362542292,0.0382404300285,4.68642154266,0.483658540563,6.40668577435,0.369992630036,0,0.593627447007,0.252424635218,0.000249951448702,0.0210750940575,12.4982953358,0.966117552312,False,0.657417269264,0.00208103770586,0.0287251367305,0.00131104911754,16.8082042761,0.793707753162,2.19696234738,0.541359150301
candidate_0638,3.60817315634,0.404965096444,0.0231179381579,0.051739476483,5.04381150048,0.369270721731,4.84579434264,0.270341223257,0,0.595840550659,0.307654514173,0.000250457282745,0.0210750940575,12.4982953358,0.966243303823,False,1.1804601186,0.00208942065366,0.028450151354,0.00130601526776,16.1925049843,0.862658033984,2.19696234738,0.500208780802
candidate_0142,5.21056710749,0.758459605158,0.0194464472893,0.0189531986216,6.0855643551,0.668787123909,6.31463992921,0.376080365813,0,0.600128194976,0.23539358631,0.000149556248156,0.0336562633957,20.5647020892,0.571024094842,False,1.44937937179,0.00200333842913,0.048999893007,0.00164327235627,25.5381803289,0.444376522646,2.50514726249,0.993115943088
candidate_0258,1.83870830183,0.992787295022,0.0179574724871,0.0415582149784,6.28180458331,0.646056504079,8.49606331371,0.371538930088,0,0.606891408454,0.361140782155,0.000221496475045,0.0233489511575,17.1483018425,0.672355075833,False,0.992924761263,0.00205898481531,0.0331147316295,0.00143698208452,23.3144914446,0.558615935111,2.41476558124,0.954301595793
candidate_0310,5.37290919695,0.723302509517,0.0223387931109,0.0189397882924,5.00790304912,0.320805722189,2.66638577262,0.249558438969,0,0.617331323958,0.255084337176,0.000249408876618,0.0210750940575,12.4982953358,0.975095598158,False,1.3681901629,0.00208364486446,0.0285037068957,0.00130286308705,15.8431536224,0.888628699257,2.19696234738,0.435435087222
candidate_0438,5.99621217551,1.06717955029,0.0187611533806,0.0193096561921,5.15311747375,0.529082670023,6.55922092219,0.244904502837,0,0.623037272893,0.195064363323,0.000130621115009,0.0418346572963,20.0807772958,0.61482169367,False,1.50690245991,0.00198624057114,0.0563319507234,0.00180906165486,24.6576820785,0.500559006907,2.6093085138,0.995704127857
candidate_0064,5.09874758549,0.367680964899,0.0212431356499,0.0317316357335,3.65244579597,0.281993052374,3.52035968122,0.11802188772,0,0.631038775829,0.322395606291,0.000249825127805,0.0210750940575,12.4982953358,0.978684166828,False,1.82198305595,0.00209071499341,0.0282613060614,0.00130179816744,15.5000693598,0.944102284842,2.19696234738,0.40592377573
candidate_0558,2.4619248847,0.892805655407,0.0173464422035,0.0286912449321,4.07305677964,0.964737650017,8.39940762177,0.372489359888,0,0.632336101676,0.319612086331,0.000172574606854,0.0276056356175,19.0475099484,0.615917568893,False,1.38593962324,0.00201455097899,0.0387911495683,0.00150694073035,23.6285539022,0.485732227543,2.48555296573,0.965129130875
candidate_0315,2.95454912005,0.379926778975,0.0225406846648,0.0201150803221,1.66877085057,0.914257471664,7.9059396296,0.311369088031,0,0.633006543942,0.383229150141,0.000250327398181,0.0210750940575,12.4982953358,0.976224513357,False,1.20173368665,0.00209018754402,0.0283583947533,0.001303733729,16.1526839283,0.908260757474,2.19696234738,0.224768725588
candidate_0123,2.13524694299,0.597281584917,0.0191181820058,0.0175153014834,3.69228884666,0.355395117719,4.71669823257,0.0801181411986,0,0.633829860754,0.347938132721,0.000249550617237,0.0212556620415,12.4982953358,0.968363283885,False,1.82253597628,0.00209081943043,0.0284865155165,0.00131269016437,16.1027788036,0.930463977307,2.19696234738,0.422241466139
candidate_0381,6.5039259731,0.398885909535,0.0241615534409,0.0272325104504,4.81615734065,0.74880345916,5.86733629205,0.355896718599,0,0.634442515461,0.25363617123,0.000249708238259,0.0210750940575,12.4982953358,0.980014120128,False,0.493829594385,0.002064145512,0.0289195321449,0.00131282023232,16.66603254,0.777966796005,2.19955665209,0.610164217737
candidate_0453,2.71235305916,0.955819932896,0.023292838938,0.0247678291217,2.10387140069,0.490252732362,6.66170833173,0.363505173125,0,0.637629737422,0.30575579269,0.000250352594373,0.0210750940575,12.4982953358,0.97671611097,False,1.07220758369,0.00208799785505,0.0284701422718,0.00130389568421,16.144444326,0.895373584673,2.19696234738,0.270016543677
candidate_0214,2.00860460707,0.729174876398,0.0235751233855,0.0429393578554,2.5712538699,0.845050937397,7.4810054776,0.145034878471,0,0.637963477341,0.318511154942,0.000248860088784,0.0210750940575,12.4982953358,0.980619256442,False,1.32255377868,0.00208152624314,0.0287226314247,0.00131144155975,16.497785916,0.912373189252,2.19696234738,0.50781810174
candidate_0387,3.6933818933,0.31223995372,0.0214628759046,0.0235718496761,6.48245473227,0.784663237627,5.14738302794,0.0911705198371,0,0.640951468313,0.342320832876,0.000248477827976,0.0210750940575,12.4982953358,0.979648310194,False,1.6366370705,0.00208453175062,0.0285850626413,0.00130713583331,16.3204961022,0.925870103708,2.19696234738,0.55953161991
candidate_0519,1.48197155392,0.617773398441,0.0236316846905,0.0416061874276,3.44162591306,0.433232954908,7.80164141724,0.219890464724,0,0.641467110096,0.32489005142,0.000250883828069,0.0210750940575,12.4982953358,0.980923460254,False,1.31773679863,0.0020922598529,0.0282325036186,0.00130371306007,15.7101743465,0.908519576892,2.19696234738,0.333341114394
candidate_0117,1.58055067701,0.51102376316,0.0215738725876,0.0300814846368,3.78150868613,0.931653842096,6.98709585868,0.0971290391934,0,0.644663467311,0.346396269965,0.000249256450416,0.0210750940575,12.4982953358,0.974855611271,False,1.5610782635,0.00208798387629,0.0284694908123,0.00130682798399,16.3591385065,0.918502708655,2.19696234738,0.445790520765
candidate_0048,5.55369518226,0.919935094017,0.0195478580809,0.0276372545185,5.19546825382,0.895878576771,3.53919475129,0.13584152058,0,0.644746853459,0.204027607308,0.000126267827903,0.0544439807029,19.0351183749,0.73637728337,False,0.817822881704,0.00198409979492,0.0639137732102,0.00209531290514,23.6845476198,0.698293876482,2.83384873928,0.998507237505
candidate_0518,2.10091606908,0.649398324442,0.0238794854474,0.0408609536957,5.32544330597,0.913173593928,3.71816080462,0.183394553989,0,0.651213541989,0.276387644049,0.000249750537257,0.0210750940575,12.4982953358,0.983332182657,False,1.42158458605,0.00207918793669,0.0287238471633,0.00131038095003,16.2127522616,0.890254287861,2.19696234738,0.593264060065
candidate_0309,2.01285789172,0.355998086515,0.0210524224442,0.0153727440052,5.14630011046,0.663586019075,3.88058937922,0.151487969356,0,0.651942893622,0.351798796232,0.000250613789897,0.0210750940575,12.4982953358,0.980562809554,False,1.68230357549,0.00209151333971,0.0283213701674,0.00130600236685,15.6104895623,0.93272078526,2.19696234738,0.362789417797
candidate_0385,3.41421970251,0.603229652207,0.0233240785223,0.0228521098461,1.66742444585,0.301818211677,6.62359982948,0.254697582595,0,0.667001829379,0.314155391176,0.000250947405935,0.0210750940575,12.4982953358,0.985217916644,False,1.51968280842,0.00209254435031,0.0281648833553,0.00130167703439,15.4934205396,0.930759915273,2.19696234738,0.193444895053
candidate_0613,1.36530679537,0.873670112696,0.0221278389774,0.0163142893632,3.1093272507,0.995536597249,3.32458093224,0.14030434579,0,0.668826479812,0.363451885567,0.000249867252512,0.0210750940575,12.4982953358,0.988056966351,False,1.77730952065,0.00208789530251,0.0283242532648,0.00130034433242,15.4934205396,0.952522535983,2.19696234738,0.299717426554
candidate_0259,3.50674691558,0.30528388718,0.0227770270886,0.0333748617156,5.00726690251,0.341268749237,3.34058289209,0.115871011507,0,0.679287293121,0.346974001134,0.000250964580452,0.0210750940575,12.4982953358,0.98795336798,False,1.86186706555,0.00209239532252,0.0281250342184,0.00129984813986,15.4934205396,0.950985924216,2.19696234738,0.366259967074
candidate_0610,2.31444717781,0.362461547598,0.0243119720875,0.0268842254659,3.76080831884,0.843758558513,4.84915946746,0.312992887839,0,0.681523897354,0.302488860872,0.000251113236146,0.0210750940575,12.4982953358,0.989876505907,False,1.29748416718,0.00209150368255,0.0282101503788,0.00130054185643,15.4934205396,0.915582193977,2.19696234738,0.254915981801
candidate_0046,6.61166890428,0.424693368179,0.0242642941014,0.0212684640995,1.94087822975,0.609737418509,3.19089974853,0.350701560786,0,0.685223603074,0.339762301417,0.000250844834939,0.0210750940575,12.4982953358,0.991258632036,False,1.43638452658,0.0020873902035,0.0284111713036,0.00130036089013,15.5005355996,0.918657589556,2.19696234738,0.229051887501
candidate_0646,3.81148885316,0.330301962514,0.023972488529,0.0224967033593,4.26026528921,1.06869716955,5.24986945893,0.211324348284,0,0.694786578662,0.299211455229,0.000250900642139,0.0210750940575,12.4982953358,0.991413959559,False,1.33265988539,0.00208685988117,0.0284364510178,0.00130104893143,15.6675979992,0.924967402567,2.19696234738,0.313535301049
candidate_0693,3.10863985148,0.333356021668,0.0242552005906,0.0235065761731,6.28584129854,0.970443596915,8.30238287152,0.209043688401,0,0.694905785479,0.36127966211,0.000251022801816,0.0210750940575,12.4982953358,0.991813152158,False,1.04029621359,0.00208799973182,0.0283822891236,0.00130075026839,15.7398425869,0.903491395936,2.19696234738,0.354545528638
candidate_0502,4.29702577682,0.321849604654,0.024593489881,0.0285347343756,2.59595714015,1.02580575201,3.03055040874,0.156935934518,0,0.698228735338,0.34823706971,0.000250802355422,0.0210750940575,12.4982953358,0.995514788289,False,1.78215398739,0.00208722467918,0.0284225035835,0.00130068434132,15.4934205396,0.953929007251,2.19696234738,0.291600370627
candidate_0196,4.95795668662,0.375792754438,0.0240458105458,0.0330354248526,2.86027018231,0.602877535348,4.18203746823,0.119913049396,0,0.699437945833,0.28124655516,0.000250825589143,0.0210750940575,12.4982953358,0.993551033629,False,1.78075674551,0.00208791868401,0.0284175962277,0.00130160707779,15.4934205396,0.952061973521,2.19696234738,0.333410591465
candidate_0579,1.40095669516,1.09580099149,0.0245882207745,0.013950505387,2.21725627666,0.40044624508,6.90564522622,0.302806325009,0,0.700384732765,0.386772477903,0.000251284021318,0.0210750940575,12.4982953358,0.995720156222,False,1.47894681732,0.00209346254136,0.028024790554,0.00129914882219,15.4934205396,0.940410346446,2.19696234738,0.123074440148
candidate_0668,4.89258879992,1.08776168368,0.0181036814796,0.0238980684149,2.80468472555,0.901254613736,7.97366632483,0.119959840603,0,0.701619521504,0.293068451521,5.17318346098e-05,0.0506928909478,21.1157483681,0.604222266583,False,2.45217143498,0.00190420366062,0.0689499493466,0.00203822506342,28.4722542756,0.446273915087,2.69694675262,0.993913339801
candidate_0238,2.09748999252,0.523276192411,0.0240603910554,0.0214652003614,6.46179863237,0.876946895871,5.45873180439,0.118117093404,0,0.704800566357,0.331817488141,0.000251050958775,0.0210750940575,12.4982953358,0.994134837215,False,1.61420253593,0.00208909008665,0.0283074051569,0.00129984776326,15.4934205396,0.942168974991,2.19696234738,0.33030961519
candidate_0043,6.85776495197,0.552853751116,0.0244711331468,0.0156104362649,3.16546495206,0.427933303659,5.17328866756,0.108185678144,0,0.709867171207,0.300805269247,0.000251022442138,0.0210750940575,12.4982953358,0.997624916236,False,1.70875197833,0.00208905360265,0.0282806953295,0.00129839722141,15.4934205396,0.957466817523,2.19696234738,0.199730303102
candidate_0345,5.73439073195,0.515044445416,0.0245435914931,0.0132726587292,3.94316376641,0.991593478,5.48560076122,0.0924605612337,0,0.7114507623,0.309966448051,0.000250819495364,0.0210750940575,12.4982953358,0.998468828824,False,1.31167454205,0.00206971234173,0.028570783192,0.00130278832229,15.6671862939,0.945271611322,2.19696234738,0.390653677502
candidate_0549,5.05371331977,0.652837215502,0.0172482918449,0.0272167985232,6.03546074784,1.05220826197,4.0142921013,0.202428816307,0,0.717310636203,0.22939263541,0.000155978546439,0.0471943444443,18.9419568885,0.679730756661,False,0.614515910357,0.0020085557539,0.0566425343795,0.00194773551276,25.0674313804,0.637267978902,2.85307900401,0.998653833944
candidate_0000,3.12553676096,0.786155119944,0.047636263721,0.020823352333,1.91074947877,0.693100049085,2.90691212813,0.217857192257,0,0.718044358867,0.357997048268,0.000251413617758,0.0210750940575,12.4982953358,1,False,2.29059248547,0.0020948755619,0.027794303238,0.00129489540889,15.4934205396,1,2.19696234738,0
candidate_0001,6.5498614188,0.7459910945,0.040804311197,0.0380210918604,5.95634327444,0.676102585016,4.71370990985,0.116863285864,0,0.718044358867,0.263700386821,0.000251413617758,0.0210750940575,12.4982953358,1,False,1.73340791601,0.0020948755619,0.027794303238,0.00129489540889,15.4934205396,1,2.19696234738,0
candidate_0003,2.50572574835,0.329857806619,0.0574299314997,0.0490775472405,4.05857141305,1.02427753214,3.39571563917,0.378348438708,0,0.718044358867,0.495313796657,0.000251413617758,0.0210750940575,12.4982953358,1,False,2.36169738171,0.0020948755619,0.027794303238,0.00129489540889,15.4934205396,1,2.19696234738,0
candidate_0004,3.62558587026,1.00713520823,0.0390430293191,0.0511674660678,6.0742805286,0.281086689384,3.50881812546,0.211525859339,0,0.718044358867,0.345783862185,0.000251413617758,0.0210750940575,12.4982953358,1,False,1.88857289762,0.0020948755619,0.027794303238,0.00129489540889,15.4934205396,1,2.19696234738,0
candidate_0005,4.29046135883,0.810412839137,0.0368649799373,0.0342152685469,3.77612606035,0.597417140291,3.45981356144,0.213276324801,0,0.718044358867,0.194158607495,0.000251413617758,0.0210750940575,12.4982953358,1,False,1.82172079304,0.0020948755619,0.027794303238,0.00129489540889,15.4934205396,1,2.19696234738,0
candidate_0006,5.0225280725,0.421031124581,0.0385538596095,0.0385655961651,4.22977229267,0.411043156558,6.72554008402,0.176806164095,0,0.718044358867,0.281071075401,0.000251413617758,0.0210750940575,12.4982953358,1,False,1.97430082586,0.0020948755619,0.027794303238,0.00129489540889,15.4934205396,1,2.19696234738,0
candidate_0007,3.33667837618,0.461492116806,0.053850462577,0.0419105832979,2.35468802671,0.425977146742,6.23836187361,0.239322665456,0,0.718044358867,0.39042017497,0.000251413617758,0.0210750940575,12.4982953358,1,False,2.34945943959,0.0020948755619,0.027794303238,0.00129489540889,15.4934205396,1,2.19696234738,0
candidate_0008,2.95350851327,0.505377726959,0.0307796156256,0.0360775634439,4.21451950899,0.638448387088,3.86597168135,0.119847627475,0,0.718044358867,0.274138652486,0.000251413617758,0.0210750940575,12.4982953358,1,False,1.96915885662,0.00209434313782,0.027794303238,0.00129236288833,15.4934205396,0.994809334294,2.19696234738,0.0369133718672
candidate_0009,6.20449042178,0.822090583584,0.0560177015097,0.0226028155323,3.86143441157,0.686745234535,5.75365855229,0.270609050958,0,0.718044358867,0.306165943342,0.000251413617758,0.0210750940575,12.4982953358,1,False,2.36986018171,0.0020948755619,0.027794303238,0.00129489540889,15.4934205396,1,2.19696234738,0
candidate_0010,1.53529910611,0.985671926485,0.0345885642158,0.0190415431841,2.18362015403,0.385397435457,3.09127145,0.237094931905,0,0.718044358867,0.377405377082,0.000251413617758,0.0210750940575,12.4982953358,1,False,2.07043276139,0.0020948755619,0.027794303238,0.00129489540889,15.4934205396,1,2.19696234738,0
candidate_0011,1.54177196229,0.598146976317,0.0503330792533,0.0299711734686,4.58651143163,0.414720710841,5.82543549262,0.267085380295,0,0.718044358867,0.361713670506,0.000251413617758,0.0210750940575,12.4982953358,1,False,2.27411414465,0.0020948755619,0.027794303238,0.00129489540889,15.4934205396,1,2.19696234738,0
candidate_0012,5.09393891132,0.802383088006,0.0495446804271,0.0216805640103,4.52573621002,0.512407291853,4.45687285607,0.342945741335,0,0.718044358867,0.289313483677,0.000251413617758,0.0210750940575,12.4982953358,1,False,2.1793740581,0.0020948755619,0.027794303238,0.00129489540889,15.4934205396,1,2.19696234738,0
candidate_0015,6.40598690058,0.336454957656,0.0413320580397,0.0462214068667,1.83379355741,0.268819922971,7.62240668816,0.262853664866,0,0.718044358867,0.420028043309,0.000251413617758,0.0210750940575,12.4982953358,1,False,2.02899458193,0.0020948755619,0.027794303238,0.00129489540889,15.4934205396,1,2.19696234738,0
candidate_0016,4.21980392965,0.819410807768,0.0480221577489,0.0300211377493,4.30864160705,0.381215876146,4.8744933912,0.087001083415,0,0.718044358867,0.316618740579,0.000251413617758,0.0210750940575,12.4982953358,1,False,2.30864137529,0.0020948755619,0.027794303238,0.00129489540889,15.4934205396,1,2.19696234738,0
candidate_0017,5.119170663,0.444320377292,0.035750031454,0.0352783974193,5.09945295322,0.462017187188,5.01320695453,0.271445938631,0,0.718044358867,0.233212236202,0.000251413617758,0.0210750940575,12.4982953358,1,False,1.69374659718,0.0020948755619,0.027794303238,0.00129489540889,15.4934205396,1,2.19696234738,0
candidate_0018,2.29600087991,0.562750618369,0.0586156657642,0.0505892147358,6.43371869795,0.383662579708,6.12256796221,0.208403310135,0,0.718044358867,0.448122048588,0.000251413617758,0.0210750940575,12.4982953358,1,False,2.42242330931,0.0020948755619,0.027794303238,0.00129489540889,15.4934205396,1,2.19696234738,0
candidate_0019,2.12152876792,0.329773621908,0.03096457209,0.0228488766658,1.8543742108,0.904566642105,7.51206593602,0.12974465296,0,0.718044358867,0.415266977131,0.000251413617758,0.0210750940575,12.4982953358,1,False,1.97710343782,0.00209465693219,0.027794303238,0.00129369945211,15.4934205396,0.996931905214,2.19696234738,0.022873651024
candidate_0020,6.14439221013,0.655386822197,0.0260210876277,0.0194368654968,2.79941012986,0.396932004548,4.62059512105,0.32532556106,0,0.718044358867,0.251448230824,0.000251413617758,0.0210750940575,12.4982953358,1,False,1.35299309032,0.00209000967818,0.0282272150571,0.00129773119569,15.4934205396,0.943190123501,2.19696234738,0.171062573164
candidate_0021,1.60206089748,0.847496961899,0.0492896237505,0.0210676836815,4.63901595097,0.557272108401,8.22805031794,0.11489351535,0,0.718044358867,0.403946754025,0.000251413617758,0.0210750940575,12.4982953358,1,False,2.33890026848,0.0020948755619,0.027794303238,0.00129489540889,15.4934205396,1,2.19696234738,0
candidate_0022,3.22909332449,0.745011252753,0.0355261571581,0.0297481730518,2.53019592289,0.478380298617,7.09591596617,0.0982300156258,0,0.718044358867,0.307243301787,0.000251413617758,0.0210750940575,12.4982953358,1,False,2.05013405214,0.0020948755619,0.027794303238,0.00129489540889,15.4934205396,1,2.19696234738,0
candidate_0023,4.94442530958,0.474574649005,0.0260808628613,0.0429670829434,5.58236039677,0.919241897786,4.62479671143,0.300742252624,0,0.718044358867,0.239979752258,0.000251413617758,0.0210750940575,12.4982953358,1,False,0.580182239158,0.002049719989,0.0304760544213,0.00133256610758,16.6427133725,0.761652297032,2.24326668552,0.777571038547
candidate_0024,2.90090564253,0.926751155995,0.0287152530594,0.0482009636643,3.94818484961,0.987307059493,4.80237199685,0.319189032405,0,0.718044358867,0.273353104306,0.000251413617758,0.0210750940575,12.4982953358,1,False,0.70426321719,0.00204963939953,0.028939037459,0.0012874656385,15.4934205396,0.794383119704,2.19696234738,0.639209679867
candidate_0025,6.68999701848,0.561680267255,0.0536411324791,0.0426321826921,5.74610024191,0.469794230752,6.76925219546,0.136903675454,0,0.718044358867,0.368616691564,0.000251413617758,0.0210750940575,12.4982953358,1,False,2.32371686262,0.0020948755619,0.027794303238,0.00129489540889,15.4934205396,1,2.19696234738,0
candidate_0026,4.79223405899,0.550027623844,0.0379298517707,0.039484037242,3.93091963439,1.04096241102,2.96102283613,0.152885111401,0,0.718044358867,0.30514502175,0.000251413617758,0.0210750940575,12.4982953358,1,False,1.87381772029,0.0020948755619,0.027794303238,0.00129489540889,15.4934205396,1,2.19696234738,0
candidate_0028,5.97825585738,0.353301585787,0.0250867026242,0.0485371009415,2.50131887159,0.81139530226,3.73986371805,0.108712453492,0,0.718044358867,0.35182964278,0.000251413617758,0.0210750940575,12.4982953358,1,False,1.73434088097,0.00207318145383,0.0289303152161,0.00131823417304,16.3121479406,0.934711526568,2.22494971587,0.587155642697
candidate_0029,2.55435407471,1.0840199727,0.035150740997,0.0230391967016,5.78217024645,0.862272696459,7.31413257577,0.278298105742,0,0.718044358867,0.297443546257,0.000251413617758,0.0210750940575,12.4982953358,1,False,1.20809276161,0.0020948755619,0.027794303238,0.00129489540889,15.4934205396,1,2.19696234738,0
candidate_0030,4.83775420044,1.08383854733,0.0252580264866,0.02717760753,3.39798872379,0.729426066288,5.55707616426,0.296849022927,0,0.718044358867,0.167801290996,0.000251413617758,0.0210750940575,12.4982953358,1,False,0.851081403092,0.00196259302066,0.0387877126068,0.00140155467955,17.1880677313,0.681984310599,2.29722742473,0.891341427195
candidate_0031,2.52445317352,1.02478394344,0.0496931594925,0.0372650264352,1.93686222203,1.02464128146,8.03001119075,0.317364692567,0,0.718044358867,0.420455850774,0.000251413617758,0.0210750940575,12.4982953358,1,False,2.16162432675,0.0020948755619,0.027794303238,0.00129489540889,15.4934205396,1,2.19696234738,0
candidate_0032,5.17036134789,0.496515231639,0.043456327937,0.0441395943174,4.55801183927,0.533461102341,7.20611654465,0.327923522135,0,0.718044358867,0.300516034789,0.000251413617758,0.0210750940575,12.4982953358,1,False,1.77763029265,0.0020948755619,0.027794303238,0.00129489540889,15.4934205396,1,2.19696234738,0
candidate_0033,2.1535065242,1.08812837823,0.0439376933809,0.0229817674228,1.6348809824,0.358839321384,3.30063352421,0.19263304651,0,0.718044358867,0.409124192439,0.000251413617758,0.0210750940575,12.4982953358,1,False,2.27180221468,0.0020948755619,0.027794303238,0.00129489540889,15.4934205396,1,2.19696234738,0
candidate_0034,6.9440094486,0.643914353385,0.0572264162982,0.0333506219684,4.04065598358,0.763872816625,4.90933613544,0.364391539677,0,0.718044358867,0.356696681532,0.000251413617758,0.0210750940575,12.4982953358,1,False,2.37658929543,0.0020948755619,0.027794303238,0.00129489540889,15.4934205396,1,2.19696234738,0
candidate_0035,4.28055365036,0.371555091454,0.0521311822047,0.0397394003665,3.42805257694,0.702253926839,6.63470499626,0.127391823748,0,0.718044358867,0.372183530152,0.000251413617758,0.0210750940575,12.4982953358,1,False,2.35178643553,0.0020948755619,0.027794303238,0.00129489540889,15.4934205396,1,2.19696234738,0
candidate_0036,2.58388584216,0.686476550882,0.0566019380991,0.0409347794726,5.47304193684,0.330583826761,6.06082479224,0.314909032341,0,0.718044358867,0.391222058136,0.000251413617758,0.0210750940575,12.4982953358,1,False,2.37285008184,0.0020948755619,0.027794303238,0.00129489540889,15.4934205396,1,2.19696234738,0
candidate_0037,3.72099610794,0.940816910387,0.0509639047889,0.0164799373919,6.09852004165,0.922164057911,4.01128421449,0.355690770262,0,0.718044358867,0.369137677307,0.000251413617758,0.0210750940575,12.4982953358,1,False,2.12268489616,0.0020948755619,0.027794303238,0.00129489540889,15.4934205396,1,2.19696234738,0
candidate_0038,5.51473110872,0.761224454033,0.0328165765974,0.0199352829547,4.63065170051,0.925021754379,6.24652957046,0.184173709651,0,0.718044358867,0.196804241139,0.000251413617758,0.0210750940575,12.4982953358,1,False,1.17217119491,0.0020948755619,0.027794303238,0.00129489540889,15.4934205396,1,2.19696234738,0
candidate_0039,5.70252813061,0.490450624272,0.0257269514558,0.0501333041637,5.78715516547,0.799836549304,5.94449200162,0.294511114466,0,0.718044358867,0.255420043546,0.000251413617758,0.0210750940575,12.4982953358,1,False,0.220377522182,0.00203654603039,0.0333032029348,0.00136710451943,17.4364286728,0.708742918858,2.30610725326,0.900147691057
candidate_0041,1.96786998932,0.409305142339,0.0501401401359,0.0195089100295,1.94517484043,0.550139728817,5.42051107532,0.35239915037,0,0.718044358867,0.439604822987,0.000251413617758,0.0210750940575,12.4982953358,1,False,2.30689359077,0.0020948755619,0.027794303238,0.00129489540889,15.4934205396,1,2.19696234738,0
candidate_0044,2.76044317541,0.816925387519,0.0304009571678,0.0152853317418,3.42886036858,0.40678484396,7.055053168,0.291089724041,0,0.718044358867,0.286739416673,0.000251413617758,0.0210750940575,12.4982953358,1,False,1.5914190118,0.00209463492516,0.027794303238,0.00129359109912,15.4934205396,0.990904126459,2.19696234738,0.0172636980358
candidate_0045,4.59792455061,0.426877365352,0.0447377334134,0.0259316706644,4.49128131839,1.03124096789,6.39447291309,0.153379278168,0,0.718044358867,0.325634184719,0.000251413617758,0.0210750940575,12.4982953358,1,False,2.09462178128,0.0020948755619,0.027794303238,0.00129489540889,15.4934205396,1,2.19696234738,0
candidate_0049,4.87095400649,0.580674232405,0.0341562483281,0.0510841290751,4.26700278005,0.649635212579,7.86045463303,0.21275338935,0,0.718044358867,0.271504555896,0.000251413617758,0.0210750940575,12.4982953358,1,False,1.42203490029,0.0020948755619,0.027794303238,0.00129489540889,15.4934205396,1,2.19696234738,0
candidate_0052,6.10860512519,0.992652180415,0.0310531639437,0.0203598873395,4.01137580472,1.07243571171,6.66443932863,0.266168188768,0,0.718044358867,0.245865570065,0.000251413617758,0.0210750940575,12.4982953358,1,False,3.77767633951,0.0020948755619,0.027794303238,0.00129489540889,15.4934205396,1,2.19696234738,0
candidate_0053,3.9701294083,0.802203169936,0.0387186202828,0.0126083437755,4.16538971059,0.597879883131,7.40744346306,0.241297632,0,0.718044358867,0.266928765137,0.000251413617758,0.0210750940575,12.4982953358,1,False,1.79187144247,0.0020948755619,0.027794303238,0.00129489540889,15.4934205396,1,2.19696234738,0
candidate_0055,4.0133529267,0.481556539596,0.0451189616698,0.0383827123221,1.9582658776,0.36978915044,3.77334824118,0.118082816625,0,0.718044358867,0.383815682057,0.000251413617758,0.0210750940575,12.4982953358,1,False,2.28888011704,0.0020948755619,0.027794303238,0.00129489540889,15.4934205396,1,2.19696234738,0
candidate_0056,4.61708588876,0.441670573935,0.0371790218273,0.0418836077735,1.80536040026,1.06090524621,3.87568716765,0.0935068023136,0,0.718044358867,0.39124998795,0.000251413617758,0.0210750940575,12.4982953358,1,False,2.10444809724,0.0020948755619,0.027794303238,0.00129489540889,15.4934205396,1,2.19696234738,0
candidate_0058,2.69210942645,1.09049633198,0.0571500172927,0.0506448783637,1.84611135566,0.781217421468,6.43996705386,0.108170479665,0,0.718044358867,0.463578221806,0.000251413617758,0.0210750940575,12.4982953358,1,False,2.40087190631,0.0020948755619,0.027794303238,0.00129489540889,15.4934205396,1,2.19696234738,0
candidate_0059,5.00616724732,0.964325181778,0.0581127510224,0.0511001342011,1.81073233524,0.302008310387,3.84837453872,0.355585772287,0,0.718044358867,0.457646034098,0.000251413617758,0.0210750940575,12.4982953358,1,False,2.36636886292,0.0020948755619,0.027794303238,0.00129489540889,15.4934205396,1,2.19696234738,0
candidate_0060,4.53466597597,0.774230752206,0.048023937388,0.0499468327869,2.45730991468,1.02936406734,2.95142508742,0.220278693922,0,0.718044358867,0.37116751091,0.000251413617758,0.0210750940575,12.4982953358,1,False,1.97296997347,0.0020948755619,0.027794303238,0.00129489540889,15.4934205396,1,2.19696234738,0
candidate_0061,5.69049572933,0.68464878072,0.0374745626974,0.0156818375128,3.27068751914,0.896853821906,2.60124328155,0.271518897593,0,0.718044358867,0.295128455454,0.000251413617758,0.0210750940575,12.4982953358,1,False,1.74668174122,0.0020948755619,0.027794303238,0.00129489540889,15.4934205396,1,2.19696234738,0
candidate_0062,2.1947149801,0.49264327133,0.0508562866523,0.038564439508,2.05969738907,0.599252125863,2.90333291713,0.16422865608,0,0.718044358867,0.420856262241,0.000251413617758,0.0210750940575,12.4982953358,1,False,2.33579980683,0.0020948755619,0.027794303238,0.00129489540889,15.4934205396,1,2.19696234738,0
candidate_0063,3.51727020575,0.68372125677,0.0532204537595,0.0300255686897,1.98777551323,0.387174152742,7.67960464255,0.146510845018,0,0.718044358867,0.398032847595,0.000251413617758,0.0210750940575,12.4982953358,1,False,2.36963016088,0.0020948755619,0.027794303238,0.00129489540889,15.4934205396,1,2.19696234738,0
candidate_0065,4.64001633843,0.986811658902,0.0300599592066,0.027809969699,3.57184998379,0.530495590776,4.69582546223,0.127258464572,0,0.718044358867,0.202144505252,0.000251413617758,0.0210750940575,12.4982953358,1,False,1.70511457892,0.00209372904954,0.027794303238,0.00129104753427,15.4934205396,0.991733042872,2.19696234738,0.0310888309708
candidate_0066,3.66263628066,0.900395724583,0.0466394955391,0.0282789208418,4.40926806902,0.734931306604,4.97201227736,0.113011702673,0,0.718044358867,0.278349578254,0.000251413617758,0.0210750940575,12.4982953358,1,False,2.18741963055,0.0020948755619,0.027794303238,0.00129489540889,15.4934205396,1,2.19696234738,0
candidate_0067,3.49854678028,0.33957929134,0.0492580334102,0.0335349676489,2.55496524979,0.442707823659,5.37867441614,0.202349535479,0,0.718044358867,0.372271304236,0.000251413617758,0.0210750940575,12.4982953358,1,False,2.30769878454,0.0020948755619,0.027794303238,0.00129489540889,15.4934205396,1,2.19696234738,0
candidate_0068,6.47183579529,0.51210025066,0.0564867374382,0.0441527989337,3.56743883165,0.569720867188,5.41946578351,0.117178586239,0,0.718044358867,0.380777664741,0.000251413617758,0.0210750940575,12.4982953358,1,False,2.38436235833,0.0020948755619,0.027794303238,0.00129489540889,15.4934205396,1,2.19696234738,0
candidate_0069,6.07049711592,0.398486036124,0.0345270198282,0.036006734086,3.82845969115,0.460680564428,6.61657717735,0.213348452419,0,0.718044358867,0.25959258895,0.000251413617758,0.0210750940575,12.4982953358,1,False,1.7511876969,0.0020948755619,0.027794303238,0.00129489540889,15.4934205396,1,2.19696234738,0
candidate_0070,3.26729772472,0.924376828557,0.0593359443906,0.0236542242545,4.50936058272,1.07404618579,3.53311309423,0.226693828593,0,0.718044358867,0.395020825588,0.000251413617758,0.0210750940575,12.4982953358,1,False,2.42242330931,0.0020948755619,0.027794303238,0.00129489540889,15.4934205396,1,2.19696234738,0
candidate_0072,4.76173364609,0.874010154913,0.0269323013587,0.0389424124826,6.1789892829,0.458268337456,8.31767436551,0.126700687272,0,0.718044358867,0.278091055238,0.000251413617758,0.0210750940575,12.4982953358,1,False,1.02689556897,0.00207744541543,0.027794303238,0.00127811438484,15.4934205396,0.937698766159,2.19696234738,0.44874375789
candidate_0073,5.96043055897,0.894852527628,0.0599836240146,0.0519656344892,5.61514157092,1.05796882944,6.43924456088,0.180146601346,0,0.718044358867,0.415023016979,0.000251413617758,0.0210750940575,12.4982953358,1,False,2.42242330931,0.0020948755619,0.027794303238,0.00129489540889,15.4934205396,1,2.19696234738,0
candidate_0074,4.3272897539,0.446186363597,0.0507445467449,0.0247938088586,3.26993664012,0.583040892652,5.06443280502,0.337444498508,0,0.718044358867,0.337897101511,0.000251413617758,0.0210750940575,12.4982953358,1,False,2.27116523263,0.0020948755619,0.027794303238,0.00129489540889,15.4934205396,1,2.19696234738,0
candidate_0075,5.91189737031,0.59820110757,0.0549206022317,0.0418914228865,5.64697566424,0.471405386088,5.56172662246,0.373246790942,0,0.718044358867,0.363796728445,0.000251413617758,0.0210750940575,12.4982953358,1,False,2.25713943736,0.0020948755619,0.027794303238,0.00129489540889,15.4934205396,1,2.19696234738,0
candidate_0076,2.42181593519,0.583521788035,0.0381340872462,0.0353406501669,1.60793672388,0.637553887707,7.58786746561,0.187981474351,0,0.718044358867,0.350649367345,0.000251413617758,0.0210750940575,12.4982953358,1,False,2.03122257208,0.0020948755619,0.027794303238,0.00129489540889,15.4934205396,1,2.19696234738,0
candidate_0077,5.88481108964,0.428082562586,0.0595874297777,0.031168188067,4.28931924249,0.634953986159,7.33652933802,0.130522080398,0,0.718044358867,0.397790414318,0.000251413617758,0.0210750940575,12.4982953358,1,False,2.42242330931,0.0020948755619,0.027794303238,0.00129489540889,15.4934205396,1,2.19696234738,0
candidate_0078,4.9285832827,0.848412639509,0.0364373421361,0.0163660332342,3.31690057504,0.439108549815,8.44232895813,0.301817627233,0,0.718044358867,0.299010226792,0.000251413617758,0.0210750940575,12.4982953358,1,False,1.59363123567,0.0020948755619,0.027794303238,0.00129489540889,15.4934205396,1,2.19696234738,0
candidate_0079,6.51313369462,0.345396711008,0.029634271147,0.0250529599592,1.74813345725,0.393088313453,8.33080096683,0.309820399046,0,0.718044358867,0.384594773341,0.000251413617758,0.0210750940575,12.4982953358,1,False,1.60110269258,0.00209450338815,0.027794303238,0.00129298941735,15.4934205396,0.980316573738,2.19696234738,0.0274018585321
candidate_0080,5.50471891002,0.415569228437,0.0438881101047,0.0120215842865,1.84218030591,0.335718901819,3.26927026479,0.194954935897,0,0.718044358867,0.414389728191,0.000251413617758,0.0210750940575,12.4982953358,1,False,2.30240207402,0.0020948755619,0.027794303238,0.00129489540889,15.4934205396,1,2.19696234738,0
candidate_0081,6.61282626645,0.332183092547,0.0246266975455,0.048261584573,3.60873530377,0.903818473447,2.80651727775,0.190585353125,0,0.718044358867,0.339190943478,0.000251413617758,0.0210750940575,12.4982953358,1,False,1.40501677813,0.00205949477844,0.0297704537545,0.00133125173638,16.9962838778,0.860326068906,2.27562203437,0.731160493342
candidate_0082,2.98713595839,0.719515328232,0.04849597063,0.0208112197329,3.11283775831,0.541454038692,5.3925197465,0.372267485514,0,0.718044358867,0.34153508077,0.000251413617758,0.0210750940575,12.4982953358,1,False,2.19389028651,0.0020948755619,0.027794303238,0.00129489540889,15.4934205396,1,2.19696234738,0
candidate_0083,3.36745923526,0.579877514794,0.04420121168,0.0516775695122,1.84611523908,0.771804112164,8.21445452709,0.217193126655,0,0.718044358867,0.392540387038,0.000251413617758,0.0210750940575,12.4982953358,1,False,2.02407604938,0.0020948755619,0.027794303238,0.00129489540889,15.4934205396,1,2.19696234738,0
candidate_0084,5.14085083021,0.922462203238,0.0356241011092,0.0400226024802,2.58857834335,0.659949182291,6.08842158691,0.360550535005,0,0.718044358867,0.247118098577,0.000251413617758,0.0210750940575,12.4982953358,1,False,1.31542438,0.0020948755619,0.027794303238,0.00129489540889,15.4934205396,1,2.19696234738,0
candidate_0086,6.63046744444,0.618967852125,0.0527658458518,0.0164206011547,5.79921539292,0.879025871247,5.14757093499,0.0944649589732,0,0.718044358867,0.380540931273,0.000251413617758,0.0210750940575,12.4982953358,1,False,2.34809548321,0.0020948755619,0.027794303238,0.00129489540889,15.4934205396,1,2.19696234738,0
candidate_0087,6.56377139407,0.839709713843,0.044231140217,0.0411011843237,3.54578603787,0.761937001605,8.44050748329,0.228794282666,0,0.718044358867,0.294170404094,0.000251413617758,0.0210750940575,12.4982953358,1,False,1.37598911094,0.0020948755619,0.027794303238,0.00129489540889,15.4934205396,1,2.19696234738,0
candidate_0088,5.99354993996,0.735317458606,0.0323668778893,0.0287100111813,3.7083250624,0.503367665467,2.8288801027,0.115734348717,0,0.718044358867,0.25679492886,0.000251413617758,0.0210750940575,12.4982953358,1,False,1.95922075829,0.0020948755619,0.027794303238,0.00129489540889,15.4934205396,1,2.19696234738,0
candidate_0091,5.75919747824,0.491955782931,0.0388839014485,0.0439424969615,4.08784472877,1.0147249839,4.93551429667,0.318554402569,0,0.718044358867,0.289080201034,0.000251413617758,0.0210750940575,12.4982953358,1,False,1.44907391772,0.0020948755619,0.027794303238,0.00129489540889,15.4934205396,1,2.19696234738,0
candidate_0093,2.05250986007,0.807510150333,0.0329615783154,0.0465919635243,3.74640823729,0.30239951974,6.71700750237,0.136701630491,0,0.718044358867,0.33521372757,0.000251413617758,0.0210750940575,12.4982953358,1,False,1.9340307681,0.0020948755619,0.027794303238,0.00129489540889,15.4934205396,1,2.19696234738,0
candidate_0094,6.04387713619,0.461255333915,0.0529611882504,0.0369241179616,2.24826396971,0.384801136516,6.23856901231,0.104089353968,0,0.718044358867,0.405278548921,0.000251413617758,0.0210750940575,12.4982953358,1,False,2.37403198086,0.0020948755619,0.027794303238,0.00129489540889,15.4934205396,1,2.19696234738,0
candidate_0096,2.37062889967,0.322347662982,0.0576837084003,0.0172557936774,5.03328328268,0.782782953706,6.38845318218,0.301577975427,0,0.718044358867,0.44152979003,0.000251413617758,0.0210750940575,12.4982953358,1,False,2.40226022892,0.0020948755619,0.027794303238,0.00129489540889,15.4934205396,1,2.19696234738,0
candidate_0097,5.07434506625,0.372131457357,0.0457863749716,0.0360795606209,1.54039007497,0.828717345612,3.5486543192,0.357260497321,0,0.718044358867,0.398530069594,0.000251413617758,0.0210750940575,12.4982953358,1,False,2.0880587168,0.0020948755619,0.027794303238,0.00129489540889,15.4934205396,1,2.19696234738,0
candidate_0098,5.14587532931,1.08476727881,0.0579251613815,0.0153067244632,1.97093983306,1.0860622223,4.00131064919,0.328309640358,0,0.718044358867,0.449042935523,0.000251413617758,0.0210750940575,12.4982953358,1,False,2.40318860071,0.0020948755619,0.027794303238,0.00129489540889,15.4934205396,1,2.19696234738,0
candidate_0099,1.34307967129,0.540481986203,0.0564247604478,0.0175768257248,2.23880622916,0.71424618062,7.02017611809,0.345750794497,0,0.718044358867,0.469237582882,0.000251413617758,0.0210750940575,12.4982953358,1,False,2.39780495022,0.0020948755619,0.027794303238,0.00129489540889,15.4934205396,1,2.19696234738,0
candidate_0101,4.97866403334,0.499537729602,0.0579323135475,0.041660227594,2.3534620653,0.390367209354,6.28602251217,0.35157493622,0,0.718044358867,0.41613983651,0.000251413617758,0.0210750940575,12.4982953358,1,False,2.37662453873,0.0020948755619,0.027794303238,0.00129489540889,15.4934205396,1,2.19696234738,0
candidate_0102,2.35248512036,0.830531597588,0.0371638278089,0.0279045483989,5.90141863831,0.894744804289,8.43503208628,0.307763461485,0,0.718044358867,0.324894940109,0.000251413617758,0.0210750940575,12.4982953358,1,False,1.32651209342,0.0020948755619,0.027794303238,0.00129489540889,15.4934205396,1,2.19696234738,0
candidate_0103,2.85480611212,0.556666618348,0.0545083380266,0.0204316807697,6.22344761719,1.03049191073,5.36108578487,0.284851263875,0,0.718044358867,0.395674668809,0.000251413617758,0.0210750940575,12.4982953358,1,False,2.35303977827,0.0020948755619,0.027794303238,0.00129489540889,15.4934205396,1,2.19696234738,0
candidate_0104,2.94162497302,0.967557654993,0.0264308133287,0.020461841562,3.11124287542,1.00634281144,6.45854338624,0.0800106128793,0,0.718044358867,0.322009777473,0.000251413617758,0.0210750940575,12.4982953358,1,False,1.40794800103,0.00208380451194,0.027794303238,0.00127357506111,15.4934205396,0.966515721933,2.19696234738,0.207668950291
candidate_0105,6.73291401565,0.543938913355,0.0421069956987,0.0518437752892,5.26905783058,0.758202265165,4.40286129406,0.160502047368,0,0.718044358867,0.315751321261,0.000251413617758,0.0210750940575,12.4982953358,1,False,1.7864318671,0.0020948755619,0.027794303238,0.00129489540889,15.4934205396,1,2.19696234738,0
candidate_0106,1.60289039776,0.688356071848,0.0265218699214,0.0470577329284,1.5397568054,0.710488282804,4.37844026159,0.347054805227,0,0.718044358867,0.36927752969,0.000251413617758,0.0210750940575,12.4982953358,1,False,1.45418985841,0.0020922821686,0.027794303238,0.00128635222186,15.4934205396,0.926976575466,2.19696234738,0.190707698882
candidate_0107,2.23100833373,0.746322430739,0.0299928929197,0.0187690247109,2.19668994827,0.338960349424,6.96673330147,0.11762785272,0,0.718044358867,0.360336717532,0.000251413617758,0.0210750940575,12.4982953358,1,False,1.9919479563,0.00209469600279,0.027794303238,0.00129389724389,15.4934205396,0.990675208888,2.19696234738,0.0209328502585
candidate_0108,6.81311042369,0.575137121882,0.0585236956263,0.0481540598657,5.66922159443,0.371234560951,4.82774751548,0.252320250124,0,0.718044358867,0.397110890677,0.000251413617758,0.0210750940575,12.4982953358,1,False,2.3847053445,0.0020948755619,0.027794303238,0.00129489540889,15.4934205396,1,2.19696234738,0
candidate_0109,2.19991233285,0.422070176265,0.0414183093168,0.0394217463464,4.31401457777,0.94513423226,4.09583165452,0.114903767573,0,0.718044358867,0.369800365423,0.000251413617758,0.0210750940575,12.4982953358,1,False,2.18204720435,0.0020948755619,0.027794303238,0.00129489540889,15.4934205396,1,2.19696234738,0
candidate_0110,3.70343705873,1.05451207693,0.0434258807775,0.0518865039873,2.80663151175,0.93039107828,3.1528039917,0.0931638650082,0,0.718044358867,0.394196220188,0.000251413617758,0.0210750940575,12.4982953358,1,False,2.04718727304,0.0020948755619,0.027794303238,0.00129489540889,15.4934205396,1,2.19696234738,0
candidate_0111,5.46886789879,0.772853339801,0.0582322183419,0.0465587557275,6.10633043208,0.421462392538,6.27065405144,0.176065336072,0,0.718044358867,0.373564714104,0.000251413617758,0.0210750940575,12.4982953358,1,False,2.39458637743,0.0020948755619,0.027794303238,0.00129489540889,15.4934205396,1,2.19696234738,0
candidate_0114,6.20479258597,0.922614131259,0.0280800849245,0.0277653976579,5.0956854753,0.824132672439,5.28109280822,0.362122152667,0,0.718044358867,0.191597087707,0.000251413617758,0.0210750940575,12.4982953358,1,False,2.09171885461,0.00188903528814,0.0626919015237,0.0017859994007,27.2881555459,0.451399044572,2.19696234738,0.994430511991
candidate_0115,1.81777689775,0.42290735085,0.0262470991058,0.0120103868426,3.4129697354,0.558802922648,5.05707793605,0.188744551617,0,0.718044358867,0.346858040129,0.000251413617758,0.0210750940575,12.4982953358,1,False,1.80743521217,0.0020942975518,0.027794303238,0.00129248590308,15.4934205396,0.970761408713,2.19696234738,0.0810353662092
candidate_0116,1.51685642894,1.09487737522,0.0252129441143,0.0470302865521,1.55381444133,0.260609553138,3.06030415815,0.357492832922,0,0.718044358867,0.444696364557,0.000251413617758,0.0210750940575,12.4982953358,1,False,1.47476737756,0.0020926527722,0.0281763083142,0.00130299265041,15.4934205396,0.900212969085,2.19696234738,0.273475729925
candidate_0118,2.14252640951,0.90140722916,0.0489664835414,0.0454211131642,6.23034189885,0.821181882829,3.75515528065,0.262334930261,0,0.718044358867,0.361021918798,0.000251413617758,0.0210750940575,12.4982953358,1,False,2.09171793667,0.0020948755619,0.027794303238,0.00129489540889,15.4934205396,1,2.19696234738,0
candidate_0119,6.13300082066,0.986096150423,0.043592469342,0.0214730991175,3.6703179727,0.487061863098,5.41111724807,0.0950232372931,0,0.718044358867,0.299040599273,0.000251413617758,0.0210750940575,12.4982953358,1,False,2.12096323066,0.0020948755619,0.027794303238,0.00129489540889,15.4934205396,1,2.19696234738,0
candidate_0120,1.5867819564,1.04596726089,0.0474976042066,0.039686383687,4.35288426799,0.462158430267,3.99119722009,0.347014198711,0,0.718044358867,0.375853243918,0.000251413617758,0.0210750940575,12.4982953358,1,False,2.07893621734,0.0020948755619,0.027794303238,0.00129489540889,15.4934205396,1,2.19696234738,0
candidate_0121,5.41923301848,0.459497233077,0.0300135170489,0.0382281304007,3.08869673037,0.563783201918,3.3887780775,0.267527207719,0,0.718044358867,0.247461948273,0.000251413617758,0.0210750940575,12.4982953358,1,False,1.67194046636,0.00209399189541,0.027794303238,0.00129139955901,15.4934205396,0.985707840464,2.19696234738,0.0412069158492
candidate_0122,4.79827962726,1.07401438742,0.0466685451816,0.0301102052848,4.22175500836,0.980864448751,3.75160861932,0.26401430414,0,0.718044358867,0.286926128876,0.000251413617758,0.0210750940575,12.4982953358,1,False,1.59363746283,0.0020948755619,0.027794303238,0.00129489540889,15.4934205396,1,2.19696234738,0
candidate_0124,3.39104128757,0.92333188117,0.0566613772699,0.0275832571326,4.80191691531,0.735244115565,5.35262173999,0.337618584853,0,0.718044358867,0.335465337448,0.000251413617758,0.0210750940575,12.4982953358,1,False,2.38253936733,0.0020948755619,0.027794303238,0.00129489540889,15.4934205396,1,2.19696234738,0
candidate_0125,4.48459697923,0.941490554804,0.0334076531358,0.0267738153333,1.90920337512,0.925492493008,3.22040984222,0.333687512861,0,0.718044358867,0.299331714819,0.000251413617758,0.0210750940575,12.4982953358,1,False,1.58914784084,0.0020948755619,0.027794303238,0.00129489540889,15.4934205396,1,2.19696234738,0
candidate_0126,4.87269206857,0.382502609914,0.0449774220456,0.0507601982145,2.18123247708,1.05665093587,6.90386200967,0.288183995535,0,0.718044358867,0.40609931783,0.000251413617758,0.0210750940575,12.4982953358,1,False,1.90459470001,0.0020948755619,0.027794303238,0.00129489540889,15.4934205396,1,2.19696234738,0
candidate_0127,6.23649438527,0.954352120249,0.0251042396163,0.0465484543678,6.28593602224,0.732909337518,7.69710018121,0.25538224564,0,0.718044358867,0.245692221107,0.000251413617758,0.0210750940575,12.4982953358,1,False,3.47290473357,0.00191974772169,0.0926339606539,0.00281042237447,44.4241046722,0.2,2.58898707025,0.999991828596
candidate_0128,1.38855079922,0.332288824112,0.0534833270808,0.0323242882397,3.96429285431,0.663753904636,6.14745501778,0.253771639961,0,0.718044358867,0.417334868371,0.000251413617758,0.0210750940575,12.4982953358,1,False,2.3506543018,0.0020948755619,0.027794303238,0.00129489540889,15.4934205396,1,2.19696234738,0
candidate_0129,4.54416321279,0.693404510053,0.0412160514364,0.027843698369,4.12241006672,0.802211443673,6.05570631972,0.348515256608,0,0.718044358867,0.231660843981,0.000251413617758,0.0210750940575,12.4982953358,1,False,1.57713368812,0.0020948755619,0.027794303238,0.00129489540889,15.4934205396,1,2.19696234738,0
candidate_0130,5.57788427364,1.06586099003,0.0392505133257,0.0147007369231,5.53970708266,0.652520344952,6.92461035469,0.344371865379,0,0.718044358867,0.293219656651,0.000251413617758,0.0210750940575,12.4982953358,1,False,1.57048819295,0.0020948755619,0.027794303238,0.00129489540889,15.4934205396,1,2.19696234738,0
candidate_0131,2.0473859944,0.585364401222,0.055971116286,0.0237074657132,2.52080598324,0.259098169665,5.05298557627,0.350613402075,0,0.718044358867,0.448301865733,0.000251413617758,0.0210750940575,12.4982953358,1,False,2.38979202937,0.0020948755619,0.027794303238,0.00129489540889,15.4934205396,1,2.19696234738,0
candidate_0132,2.65306465861,0.704279267248,0.0332983942982,0.0201606176383,3.98728066872,0.739453922907,2.88729665995,0.29320784405,0,0.718044358867,0.275807388793,0.000251413617758,0.0210750940575,12.4982953358,1,False,1.75158704736,0.0020948755619,0.027794303238,0.00129489540889,15.4934205396,1,2.19696234738,0
candidate_0133,5.43725352808,0.392299383376,0.0287963426206,0.0334704877896,6.31768635928,0.706933799765,6.58581102786,0.323355565315,0,0.718044358867,0.266863629231,0.000251413617758,0.0210750940575,12.4982953358,1,False,1.02588715501,0.00209099457578,0.027794303238,0.00128472114859,15.4934205396,0.950284779324,2.19696234738,0.151663456927
candidate_0134,1.34438610491,0.679729420218,0.0512108342696,0.0367939537244,1.83351866508,0.541516739845,6.33153883118,0.182986892142,0,0.718044358867,0.410069900279,0.000251413617758,0.0210750940575,12.4982953358,1,False,2.34341471299,0.0020948755619,0.027794303238,0.00129489540889,15.4934205396,1,2.19696234738,0
candidate_0135,3.02788243889,0.808572280955,0.0522494240583,0.0296878490562,6.10982288297,0.392960102537,2.62692281152,0.356952576588,0,0.718044358867,0.393136650485,0.000251413617758,0.0210750940575,12.4982953358,1,False,2.26079091851,0.0020948755619,0.027794303238,0.00129489540889,15.4934205396,1,2.19696234738,0
candidate_0136,3.61235684448,0.581438743934,0.0472361234681,0.0379076435237,1.59296797027,0.256426837519,3.29689744988,0.302729450249,0,0.718044358867,0.402617116701,0.000251413617758,0.0210750940575,12.4982953358,1,False,2.19836338254,0.0020948755619,0.027794303238,0.00129489540889,15.4934205396,1,2.19696234738,0
candidate_0137,3.80836755218,0.315795719431,0.0381082872672,0.0271327190678,4.82747226673,0.700676361208,7.0260172404,0.371309404388,0,0.718044358867,0.334051570277,0.000251413617758,0.0210750940575,12.4982953358,1,False,1.64093481259,0.0020948755619,0.027794303238,0.00129489540889,15.4934205396,1,2.19696234738,0
candidate_0138,1.84915509748,0.482951990877,0.0330906839818,0.0354810654382,1.86499214788,0.948197757833,2.51813564798,0.264300806766,0,0.718044358867,0.390627734153,0.000251413617758,0.0210750940575,12.4982953358,1,False,1.9493429169,0.0020948755619,0.027794303238,0.00129489540889,15.4934205396,1,2.19696234738,0
candidate_0139,3.30034380563,0.968948906051,0.0381820096953,0.0434679002109,6.00046446673,0.252890461908,6.78483755557,0.0877817026718,0,0.718044358867,0.359459021388,0.000251413617758,0.0210750940575,12.4982953358,1,False,2.06696069384,0.0020948755619,0.027794303238,0.00129489540889,15.4934205396,1,2.19696234738,0
candidate_0140,6.96260484256,0.535877102423,0.052364068334,0.0304028616476,2.73693269567,0.684333832648,6.80112158661,0.378920503997,0,0.718044358867,0.374964853785,0.000251413617758,0.0210750940575,12.4982953358,1,False,2.23906914368,0.0020948755619,0.027794303238,0.00129489540889,15.4934205396,1,2.19696234738,0
candidate_0141,4.87365070847,1.0198545722,0.0451770137346,0.0218100846796,5.91056529739,0.774647204348,5.3164198026,0.0968451753424,0,0.718044358867,0.306674346075,0.000251413617758,0.0210750940575,12.4982953358,1,False,1.84660014507,0.0020948755619,0.027794303238,0.00129489540889,15.4934205396,1,2.19696234738,0
candidate_0143,6.12901179339,0.517220954142,0.0352164745395,0.031936078465,4.09075960412,0.266576644711,4.29566084353,0.280921907882,0,0.718044358867,0.266915753448,0.000251413617758,0.0210750940575,12.4982953358,1,False,1.78484477324,0.0020948755619,0.027794303238,0.00129489540889,15.4934205396,1,2.19696234738,0
candidate_0144,4.93799944746,1.04213475808,0.046452636035,0.035421342948,1.50720261583,0.3196774974,6.01835136393,0.192093556117,0,0.718044358867,0.352712424918,0.000251413617758,0.0210750940575,12.4982953358,1,False,2.2098948523,0.0020948755619,0.027794303238,0.00129489540889,15.4934205396,1,2.19696234738,0
candidate_0145,2.80214178248,0.862005069735,0.0504730916151,0.0188212679018,2.53577165143,0.781955557512,2.64686176179,0.305392423075,0,0.718044358867,0.381402392933,0.000251413617758,0.0210750940575,12.4982953358,1,False,2.30979063577,0.0020948755619,0.027794303238,0.00129489540889,15.4934205396,1,2.19696234738,0
candidate_0146,5.75806605544,0.533044664959,0.040176035326,0.0189517896966,2.49901743632,1.03771632413,7.19535777245,0.109021820106,0,0.718044358867,0.362631304972,0.000251413617758,0.0210750940575,12.4982953358,1,False,1.99918162991,0.0020948755619,0.027794303238,0.00129489540889,15.4934205396,1,2.19696234738,0
candidate_0147,6.13872124802,0.893382115715,0.0579764891635,0.0351368723811,2.15380431235,0.429006407425,3.16801953101,0.100908363774,0,0.718044358867,0.419618550037,0.000251413617758,0.0210750940575,12.4982953358,1,False,2.4088626558,0.0020948755619,0.027794303238,0.00129489540889,15.4934205396,1,2.19696234738,0
candidate_0148,6.92792786741,0.556536211018,0.0447146365471,0.0153344161816,4.71725568466,1.05759473155,5.25476384306,0.15037906058,0,0.718044358867,0.345233283186,0.000251413617758,0.0210750940575,12.4982953358,1,False,1.81983595782,0.0020948755619,0.027794303238,0.00129489540889,15.4934205396,1,2.19696234738,0
candidate_0149,6.32977774734,0.76892392933,0.0446168102945,0.0150882651724,6.2136779383,0.946683782915,2.52249147829,0.208084716184,0,0.718044358867,0.347749080007,0.000251413617758,0.0210750940575,12.4982953358,1,False,1.67453485315,0.0020948755619,0.027794303238,0.00129489540889,15.4934205396,1,2.19696234738,0
candidate_0150,4.10328404317,0.880969008057,0.0325222399935,0.018578979633,2.71335830088,0.982330259087,7.78938680982,0.349185947966,0,0.718044358867,0.310085626586,0.000251413617758,0.0210750940575,12.4982953358,1,False,1.58444371637,0.0020948755619,0.027794303238,0.00129489540889,15.4934205396,1,2.19696234738,0
candidate_0151,4.17736238243,0.724848596979,0.037496572006,0.0307476291889,6.36536232281,0.623761892069,6.17805491454,0.134538649293,0,0.718044358867,0.242857103913,0.000251413617758,0.0210750940575,12.4982953358,1,False,1.76677146061,0.0020948755619,0.027794303238,0.00129489540889,15.4934205396,1,2.19696234738,0
candidate_0152,1.51901015893,0.703133932634,0.0488997001459,0.045624726213,5.05439117443,0.4899468887,6.16326745414,0.134268372291,0,0.718044358867,0.380648842094,0.000251413617758,0.0210750940575,12.4982953358,1,False,2.29909216949,0.0020948755619,0.027794303238,0.00129489540889,15.4934205396,1,2.19696234738,0
candidate_0153,6.45299587916,0.500380429204,0.0350285096645,0.0122354906227,6.1743965685,0.83368336418,5.67931930524,0.135136155575,0,0.718044358867,0.320726921997,0.000251413617758,0.0210750940575,12.4982953358,1,False,1.57068505134,0.0020948755619,0.027794303238,0.00129489540889,15.4934205396,1,2.19696234738,0
candidate_0155,3.49133379312,0.961125214761,0.0273828478084,0.0175000791574,2.51902330788,0.948141351164,2.87194707042,0.0950530861216,0,0.718044358867,0.342943658173,0.000251413617758,0.0210750940575,12.4982953358,1,False,1.8914856611,0.00208882206241,0.027794303238,0.00128196824556,15.4934205396,0.985100236088,2.19696234738,0.111679208253
candidate_0156,1.99327106067,0.536444287535,0.0345099736119,0.0433016438042,2.09879203287,0.503088378332,6.76933531436,0.089805262655,0,0.718044358867,0.38615468316,0.000251413617758,0.0210750940575,12.4982953358,1,False,2.10033086669,0.0020948755619,0.027794303238,0.00129489540889,15.4934205396,1,2.19696234738,0
candidate_0157,3.84665698308,0.523756975666,0.0589024388033,0.0481916346896,5.59600534036,0.955174634818,6.06385634024,0.170747820519,0,0.718044358867,0.405859927182,0.000251413617758,0.0210750940575,12.4982953358,1,False,2.42242330931,0.0020948755619,0.027794303238,0.00129489540889,15.4934205396,1,2.19696234738,0
candidate_0158,2.08637493224,0.857408752796,0.0428274468292,0.0306276107855,2.94582288668,0.432392619335,5.31515418281,0.161712538718,0,0.718044358867,0.315757357056,0.000251413617758,0.0210750940575,12.4982953358,1,False,2.19950746539,0.0020948755619,0.027794303238,0.00129489540889,15.4934205396,1,2.19696234738,0
candidate_0159,3.90183496025,1.05228676439,0.0594738131787,0.0227346645512,5.99099809452,0.973565870752,7.39258036126,0.246648356435,0,0.718044358867,0.398967272396,0.000251413617758,0.0210750940575,12.4982953358,1,False,2.42242330931,0.0020948755619,0.027794303238,0.00129489540889,15.4934205396,1,2.19696234738,0
candidate_0160,2.28254322882,0.705302467011,0.0462268970894,0.0468562754478,6.42189171989,0.756133090618,7.71419866832,0.367930746193,0,0.718044358867,0.392996708293,0.000251413617758,0.0210750940575,12.4982953358,1,False,1.76589924862,0.0020948755619,0.027794303238,0.00129489540889,15.4934205396,1,2.19696234738,0
candidate_0161,5.10552317826,0.718330214792,0.0555801970592,0.0376915541872,4.25763543534,0.34757222229,4.84721309415,0.268115572367,0,0.718044358867,0.321501488212,0.000251413617758,0.0210750940575,12.4982953358,1,False,2.34930080168,0.0020948755619,0.027794303238,0.00129489540889,15.4934205396,1,2.19696234738,0
candidate_0162,5.26593092929,0.717552298914,0.0571469076818,0.0165710590202,3.64845461447,0.936533402226,5.41866968824,0.190772339513,0,0.718044358867,0.351290231043,0.000251413617758,0.0210750940575,12.4982953358,1,False,2.40701696916,0.0020948755619,0.027794303238,0.00129489540889,15.4934205396,1,2.19696234738,0
candidate_0163,1.78502443056,0.641749256751,0.0404735723218,0.0178991963172,3.21899874588,0.434335608091,5.18577697316,0.224495431854,0,0.718044358867,0.332011386871,0.000251413617758,0.0210750940575,12.4982953358,1,False,2.14058040742,0.0020948755619,0.027794303238,0.00129489540889,15.4934205396,1,2.19696234738,0
candidate_0165,3.19259907013,0.956127909926,0.0598541566219,0.0452577575078,4.87198425191,0.774957820808,5.80195438195,0.194497123161,0,0.718044358867,0.368802370188,0.000251413617758,0.0210750940575,12.4982953358,1,False,2.42242330931,0.0020948755619,0.027794303238,0.00129489540889,15.4934205396,1,2.19696234738,0
candidate_0166,2.93234822543,0.350613400646,0.0410798358686,0.0463575731448,5.81352268273,0.613417145114,3.68731663586,0.301772603126,0,0.718044358867,0.360322341699,0.000251413617758,0.0210750940575,12.4982953358,1,False,1.86206188684,0.0020948755619,0.027794303238,0.00129489540889,15.4934205396,1,2.19696234738,0
candidate_0167,4.63833151562,0.917431049399,0.02879299768,0.0442624074174,6.48691237796,0.355816623869,4.53526464944,0.316606801618,0,0.718044358867,0.259625098708,0.000251413617758,0.0210750940575,12.4982953358,1,False,1.13369726193,0.00208975280014,0.027794303238,0.00128423524758,15.4934205396,0.934042739893,2.19696234738,0.19722830703
candidate_0168,5.13792806432,0.914419001774,0.0448684207583,0.0389983837947,5.26011203503,0.614567082283,3.92012919954,0.0982221558961,0,0.718044358867,0.285512887118,0.000251413617758,0.0210750940575,12.4982953358,1,False,2.04468241258,0.0020948755619,0.027794303238,0.00129489540889,15.4934205396,1,2.19696234738,0
candidate_0169,4.10375214608,1.08212039037,0.0392219823272,0.0129957001548,4.12087434742,0.284588391125,7.82258159362,0.232039435001,0,0.718044358867,0.340488551474,0.000251413617758,0.0210750940575,12.4982953358,1,False,1.93363349102,0.0020948755619,0.027794303238,0.00129489540889,15.4934205396,1,2.19696234738,0
candidate_0170,5.44792753234,0.604248320776,0.0379452204789,0.0496665201535,1.74391422393,0.454988296726,3.78485501707,0.134149446074,0,0.718044358867,0.351582170587,0.000251413617758,0.0210750940575,12.4982953358,1,False,2.08404842315,0.0020948755619,0.027794303238,0.00129489540889,15.4934205396,1,2.19696234738,0
candidate_0171,6.19374244888,0.538519803419,0.047938205495,0.018951360723,5.77613973609,0.319646675959,8.11084497864,0.324371224451,0,0.718044358867,0.381368155692,0.000251413617758,0.0210750940575,12.4982953358,1,False,2.11732238085,0.0020948755619,0.027794303238,0.00129489540889,15.4934205396,1,2.19696234738,0
candidate_0172,3.40642075366,0.88351757562,0.0358039196682,0.0361385785572,3.85574172325,0.396143903218,5.1623719861,0.160871790993,0,0.718044358867,0.231431553143,0.000251413617758,0.0210750940575,12.4982953358,1,False,1.92935750168,0.0020948755619,0.027794303238,0.00129489540889,15.4934205396,1,2.19696234738,0
candidate_0173,5.8897553928,0.837682497439,0.0502292862797,0.019415549095,2.59686225853,0.514508729879,8.45097429417,0.272729938859,0,0.718044358867,0.355081613541,0.000251413617758,0.0210750940575,12.4982953358,1,False,2.27771149522,0.0020948755619,0.027794303238,0.00129489540889,15.4934205396,1,2.19696234738,0
candidate_0174,2.57395280438,0.511998370727,0.0349741953653,0.0236326943571,5.35469771345,0.947669310143,2.78517532122,0.181684565638,0,0.718044358867,0.328100725026,0.000251413617758,0.0210750940575,12.4982953358,1,False,1.92253409793,0.0020948755619,0.027794303238,0.00129489540889,15.4934205396,1,2.19696234738,0
candidate_0176,2.49446994913,0.341018054441,0.0455022888852,0.0484262052384,2.43363206444,0.291237921625,7.80239131559,0.156474742259,0,0.718044358867,0.4583023673,0.000251413617758,0.0210750940575,12.4982953358,1,False,2.23044810739,0.0020948755619,0.027794303238,0.00129489540889,15.4934205396,1,2.19696234738,0
candidate_0177,4.96860625552,0.47405042446,0.0500135445701,0.0454469931272,2.74219183078,0.869154108234,3.06698602162,0.322222716268,0,0.718044358867,0.376811902425,0.000251413617758,0.0210750940575,12.4982953358,1,False,2.14407013141,0.0020948755619,0.027794303238,0.00129489540889,15.4934205396,1,2.19696234738,0
candidate_0178,4.78694280435,0.929746330482,0.0558346816614,0.0134643170781,3.7851349118,0.321868622593,7.20689261986,0.266195539766,0,0.718044358867,0.381094404571,0.000251413617758,0.0210750940575,12.4982953358,1,False,2.40058578028,0.0020948755619,0.027794303238,0.00129489540889,15.4934205396,1,2.19696234738,0
candidate_0179,2.27226337435,1.06719974036,0.0569328909475,0.0400590197392,4.21653285284,0.474080244237,3.45638027888,0.163566384788,0,0.718044358867,0.402891993628,0.000251413617758,0.0210750940575,12.4982953358,1,False,2.39772179515,0.0020948755619,0.027794303238,0.00129489540889,15.4934205396,1,2.19696234738,0
candidate_0180,6.56332898499,0.806538594626,0.0506684277365,0.0273336069668,2.09044121882,1.00025888172,6.47515532976,0.153277623452,0,0.718044358867,0.356305582631,0.000251413617758,0.0210750940575,12.4982953358,1,False,2.21318433017,0.0020948755619,0.027794303238,0.00129489540889,15.4934205396,1,2.19696234738,0
candidate_0181,6.7393435265,0.891380822101,0.0554577967097,0.0512393632812,3.96958392771,1.05627148031,6.38105450267,0.195009374693,0,0.718044358867,0.384378253425,0.000251413617758,0.0210750940575,12.4982953358,1,False,1.72302578145,0.0020948755619,0.027794303238,0.00129489540889,15.4934205396,1,2.19696234738,0
candidate_0182,2.42371559259,0.708298284728,0.0427428791951,0.0223004198303,3.9944444315,0.272641869328,7.92670840272,0.270345966553,0,0.718044358867,0.351282218666,0.000251413617758,0.0210750940575,12.4982953358,1,False,2.07589203471,0.0020948755619,0.027794303238,0.00129489540889,15.4934205396,1,2.19696234738,0
candidate_0183,3.11774412239,0.930678924766,0.0385676974008,0.0500775315286,4.5607882879,0.663102372399,3.78658052459,0.205539040895,0,0.718044358867,0.274385404873,0.000251413617758,0.0210750940575,12.4982953358,1,False,1.81555158065,0.0020948755619,0.027794303238,0.00129489540889,15.4934205396,1,2.19696234738,0
candidate_0184,5.10655361877,0.395042870566,0.0539943717924,0.0269484594939,3.40606372711,0.516592242714,3.75673847727,0.279571480398,0,0.718044358867,0.360195882094,0.000251413617758,0.0210750940575,12.4982953358,1,False,2.35767890149,0.0020948755619,0.027794303238,0.00129489540889,15.4934205396,1,2.19696234738,0
candidate_0185,6.83896330529,0.312005018643,0.0485541602298,0.0153576820251,3.58884858983,0.84676415946,3.15185225955,0.241300381538,0,0.718044358867,0.39737830659,0.000251413617758,0.0210750940575,12.4982953358,1,False,2.27154755087,0.0020948755619,0.027794303238,0.00129489540889,15.4934205396,1,2.19696234738,0
candidate_0186,6.33945110175,0.461143833161,0.0376065697097,0.0125205523827,1.87807783337,0.633762134542,4.38095788229,0.317929385527,0,0.718044358867,0.352675699184,0.000251413617758,0.0210750940575,12.4982953358,1,False,2.01103346214,0.0020948755619,0.027794303238,0.00129489540889,15.4934205396,1,2.19696234738,0
candidate_0188,4.77745269245,0.979495121307,0.0295808872969,0.014388796429,2.0226904822,0.29518597073,7.75409554359,0.374539060509,0,0.718044358867,0.367868920581,0.000251413617758,0.0210750940575,12.4982953358,1,False,1.50296868985,0.00209451123179,0.027794303238,0.00129302308762,15.4934205396,0.982719646838,2.19696234738,0.0172145855464
candidate_0189,1.7118489126,0.996546033117,0.0379433704898,0.0200209670153,3.45574246682,1.06739343061,3.03751419524,0.344937691328,0,0.718044358867,0.385662793763,0.000251413617758,0.0210750940575,12.4982953358,1,False,1.79501802984,0.0020948755619,0.027794303238,0.00129489540889,15.4934205396,1,2.19696234738,0
candidate_0190,3.83798186642,0.711803863127,0.0460885291547,0.0316570331088,4.49946948501,0.998739434385,2.95912126979,0.198842169549,0,0.718044358867,0.301147310012,0.000251413617758,0.0210750940575,12.4982953358,1,False,2.02847538935,0.0020948755619,0.027794303238,0.00129489540889,15.4934205396,1,2.19696234738,0
candidate_0191,3.27733378714,0.607420690582,0.0456070705525,0.0225673422326,2.83163874603,0.71859405715,3.75075345299,0.246796685621,0,0.718044358867,0.304595428767,0.000251413617758,0.0210750940575,12.4982953358,1,False,2.19385452673,0.0020948755619,0.027794303238,0.00129489540889,15.4934205396,1,2.19696234738,0
candidate_0192,2.19932311525,0.35211423939,0.0272164065125,0.021184944327,6.09245372845,0.347716584155,8.30343159405,0.31442867333,0,0.718044358867,0.397213274628,0.000251413617758,0.0210750940575,12.4982953358,1,False,1.30113571579,0.00209442510598,0.027794303238,0.00129322486275,15.4934205396,0.954899539269,2.19696234738,0.101313048003
candidate_0193,4.05649470505,0.832724515879,0.0513050035053,0.0157701071498,5.00318346779,0.456021041879,6.03131920969,0.201035166429,0,0.718044358867,0.313649908192,0.000251413617758,0.0210750940575,12.4982953358,1,False,2.32672168827,0.0020948755619,0.027794303238,0.00129489540889,15.4934205396,1,2.19696234738,0
candidate_0194,5.83517018004,0.93520880358,0.027555233948,0.0473383780229,3.66367770379,1.07773170487,8.43623901989,0.334293753793,0,0.718044358867,0.317054490423,0.000251413617758,0.0210750940575,12.4982953358,1,False,4.50730179016,0.00171620685509,0.153251038977,0.00523011525165,87.1097042645,0.2,4.8828829321,0.999999102407
candidate_0195,5.02259460874,1.06875210699,0.0395579320172,0.0436042671216,1.55953901452,0.493151308758,5.32734444795,0.175891997831,0,0.718044358867,0.316166666279,0.000251413617758,0.0210750940575,12.4982953358,1,False,1.96473156838,0.0020948755619,0.027794303238,0.00129489540889,15.4934205396,1,2.19696234738,0
candidate_0197,5.93268637927,1.09947903772,0.0318091250469,0.0446029801197,2.69292663972,0.794276159874,3.1861257658,0.119326476196,0,0.718044358867,0.30512932021,0.000251413617758,0.0210750940575,12.4982953358,1,False,1.55543989445,0.0020948755619,0.027794303238,0.00129489540889,15.4934205396,1,2.19696234738,0
candidate_0198,4.12182175473,0.631153056268,0.0496194125245,0.0509973247555,4.96245100413,0.509718131105,2.71888181701,0.350087526885,0,0.718044358867,0.374693455687,0.000251413617758,0.0210750940575,12.4982953358,1,False,2.09131576315,0.0020948755619,0.027794303238,0.00129489540889,15.4934205396,1,2.19696234738,0
candidate_0199,3.11710963614,1.04180112636,0.0546418496465,0.0243926476731,1.82456259434,0.430529937216,3.59679078582,0.231922171727,0,0.718044358867,0.402285228744,0.000251413617758,0.0210750940575,12.4982953358,1,False,2.37973566625,0.0020948755619,0.027794303238,0.00129489540889,15.4934205396,1,2.19696234738,0
candidate_0201,5.56854980509,0.707304318654,0.0418003840759,0.0362030198299,3.90450354016,0.77809860126,2.60856549638,0.103441489421,0,0.718044358867,0.29784625502,0.000251413617758,0.0210750940575,12.4982953358,1,False,2.06864509969,0.0020948755619,0.027794303238,0.00129489540889,15.4934205396,1,2.19696234738,0
candidate_0202,6.65267237519,0.627331132674,0.0343887553476,0.0411792685138,4.31482987464,0.797734507486,4.72938833255,0.321673538189,0,0.718044358867,0.216614197772,0.000251413617758,0.0210750940575,12.4982953358,1,False,1.19721228974,0.0020948755619,0.027794303238,0.00129489540889,15.4934205396,1,2.19696234738,0
candidate_0203,3.99947238736,0.531046028006,0.0288262882219,0.0439900461626,6.01354626843,0.929323729643,5.3468714965,0.359016268846,0,0.718044358867,0.280946047163,0.000251413617758,0.0210750940575,12.4982953358,1,False,0.81482153652,0.00208479531142,0.027794303238,0.00127829896462,15.4934205396,0.899898891996,2.19696234738,0.275816420969
candidate_0204,2.48793038938,0.302319673062,0.0471595660499,0.0422396093564,5.13254427715,1.09655689756,5.4474599461,0.208959643257,0,0.718044358867,0.407901338117,0.000251413617758,0.0210750940575,12.4982953358,1,False,2.14962421468,0.0020948755619,0.027794303238,0.00129489540889,15.4934205396,1,2.19696234738,0
candidate_0205,6.91244707069,0.752971814193,0.055762465874,0.0233203662628,5.48062956036,0.586259123395,8.38260698208,0.374735896349,0,0.718044358867,0.398120136018,0.000251413617758,0.0210750940575,12.4982953358,1,False,2.34069680703,0.0020948755619,0.027794303238,0.00129489540889,15.4934205396,1,2.19696234738,0
candidate_0208,5.71083524287,0.730487934375,0.0559294969107,0.0272516787226,6.31005617934,0.983653318271,8.18375016009,0.125672232084,0,0.718044358867,0.400625287611,0.000251413617758,0.0210750940575,12.4982953358,1,False,2.36508776411,0.0020948755619,0.027794303238,0.00129489540889,15.4934205396,1,2.19696234738,0
candidate_0209,4.06967491732,0.567319558402,0.0348358617993,0.0202090195011,5.71027637606,0.720291666405,5.90128041022,0.349215158923,0,0.718044358867,0.256224451632,0.000251413617758,0.0210750940575,12.4982953358,1,False,1.37552649654,0.0020948755619,0.027794303238,0.00129489540889,15.4934205396,1,2.19696234738,0
candidate_0210,2.63830374736,0.618978630294,0.0484071631032,0.0255299696211,3.8201671318,1.02750465851,7.0332787805,0.262119809042,0,0.718044358867,0.34359107111,0.000251413617758,0.0210750940575,12.4982953358,1,False,2.17424242688,0.0020948755619,0.027794303238,0.00129489540889,15.4934205396,1,2.19696234738,0
candidate_0211,4.65862322493,0.933540538996,0.0587386412548,0.040511013365,4.01621112529,0.367568500007,5.68215409552,0.303549259231,0,0.718044358867,0.3538416208,0.000251413617758,0.0210750940575,12.4982953358,1,False,2.42242330931,0.0020948755619,0.027794303238,0.00129489540889,15.4934205396,1,2.19696234738,0
candidate_0212,6.34000501256,1.04431237771,0.0383293077039,0.0186973899242,2.30590680834,0.722157319522,4.72281860072,0.212880372932,0,0.718044358867,0.273922149072,0.000251413617758,0.0210750940575,12.4982953358,1,False,1.65861049547,0.0020948755619,0.027794303238,0.00129489540889,15.4934205396,1,2.19696234738,0
candidate_0213,2.83450077946,0.563946498291,0.0563146440347,0.0499751428548,4.83037720644,0.624630818963,3.08542237476,0.148608102081,0,0.718044358867,0.413976453611,0.000251413617758,0.0210750940575,12.4982953358,1,False,2.3934076614,0.0020948755619,0.027794303238,0.00129489540889,15.4934205396,1,2.19696234738,0
candidate_0215,4.41019715353,1.09352902871,0.0298787815122,0.0254163709949,5.83526525089,0.94568289076,6.44264941883,0.330144244734,0,0.718044358867,0.248348250236,0.000251413617758,0.0210750940575,12.4982953358,1,False,2.21249184658,0.00187753066559,0.0407074420701,0.0013735663572,18.826677341,0.635617936024,2.19696234738,0.921448983577
candidate_0217,5.99287118286,0.446968718806,0.0556317105347,0.0491486146352,3.97664493145,0.266498515095,2.78451872524,0.16598378422,0,0.718044358867,0.43854533526,0.000251413617758,0.0210750940575,12.4982953358,1,False,2.36795520823,0.0020948755619,0.027794303238,0.00129489540889,15.4934205396,1,2.19696234738,0
candidate_0218,2.58148215823,0.63874701979,0.0509419923129,0.0404286123495,5.54559218843,1.03987834219,6.14858452588,0.201742134228,0,0.718044358867,0.357887382784,0.000251413617758,0.0210750940575,12.4982953358,1,False,2.23219486524,0.0020948755619,0.027794303238,0.00129489540889,15.4934205396,1,2.19696234738,0
candidate_0219,4.49233179958,0.667263888846,0.0500104282088,0.0471369937544,1.52096536509,0.953852556318,5.06628275323,0.148815116748,0,0.718044358867,0.384715376445,0.000251413617758,0.0210750940575,12.4982953358,1,False,2.25486849639,0.0020948755619,0.027794303238,0.00129489540889,15.4934205396,1,2.19696234738,0
candidate_0221,6.00783733594,1.07741970095,0.0464830725871,0.0307644674014,1.58219290792,0.772574734963,7.56030158205,0.117342742184,0,0.718044358867,0.372359483607,0.000251413617758,0.0210750940575,12.4982953358,1,False,2.01627679418,0.0020948755619,0.027794303238,0.00129489540889,15.4934205396,1,2.19696234738,0
candidate_0222,2.99089224822,0.432406954894,0.0282721428522,0.0157889510017,5.06912905193,1.06936624076,3.09502859319,0.35714641905,0,0.718044358867,0.370701140918,0.000251413617758,0.0210750940575,12.4982953358,1,False,1.40505646412,0.0020933285583,0.027794303238,0.00129040468123,15.4934205396,0.973597485262,2.19696234738,0.0691133822726
candidate_0223,2.48325545597,0.313317976952,0.0408145312076,0.0162182329832,5.11639458211,0.405166347223,4.65996120407,0.104700603804,0,0.718044358867,0.406989024349,0.000251413617758,0.0210750940575,12.4982953358,1,False,2.24196555219,0.0020948755619,0.027794303238,0.00129489540889,15.4934205396,1,2.19696234738,0
candidate_0224,4.1327562205,0.792487674685,0.0519200953982,0.0280449115352,4.82199510248,0.563045079596,5.76618802848,0.128222574115,0,0.718044358867,0.296958295886,0.000251413617758,0.0210750940575,12.4982953358,1,False,2.33838527296,0.0020948755619,0.027794303238,0.00129489540889,15.4934205396,1,2.19696234738,0
candidate_0225,2.85009640102,0.37736886557,0.0508231801589,0.0367200649264,5.83674496561,0.43540114724,2.64948530054,0.367668128765,0,0.718044358867,0.432284580632,0.000251413617758,0.0210750940575,12.4982953358,1,False,2.19718990208,0.0020948755619,0.027794303238,0.00129489540889,15.4934205396,1,2.19696234738,0
candidate_0226,4.52867724719,0.607248840652,0.0525112988258,0.0239161660311,2.29750433358,0.476454908002,7.96215150704,0.378001484887,0,0.718044358867,0.400572870746,0.000251413617758,0.0210750940575,12.4982953358,1,False,2.30950531278,0.0020948755619,0.027794303238,0.00129489540889,15.4934205396,1,2.19696234738,0
candidate_0227,2.31910164326,1.04549732924,0.0413420401423,0.0241703415611,6.24538728786,0.35758332162,6.49932019396,0.102421220699,0,0.718044358867,0.370231218181,0.000251413617758,0.0210750940575,12.4982953358,1,False,2.14816832058,0.0020948755619,0.027794303238,0.00129489540889,15.4934205396,1,2.19696234738,0
candidate_0228,5.49635227847,0.66928054257,0.0554627671329,0.0214815143557,3.06449803981,0.414469807131,4.48946867772,0.116210578169,0,0.718044358867,0.369818587966,0.000251413617758,0.0210750940575,12.4982953358,1,False,2.40028425538,0.0020948755619,0.027794303238,0.00129489540889,15.4934205396,1,2.19696234738,0
candidate_0229,1.81047169859,0.827875445822,0.0280421019796,0.0215846579522,3.64746342153,1.05905373836,4.6559361343,0.141556389924,0,0.718044358867,0.31585667235,0.000251413617758,0.0210750940575,12.4982953358,1,False,1.76304963226,0.00209214909251,0.027794303238,0.00128625337479,15.4934205396,0.981759683521,2.19696234738,0.10359727028
candidate_0230,1.8304939623,0.609115033812,0.0529399901106,0.0486422166366,2.52618723251,0.544796692561,4.18408833775,0.165061495674,0,0.718044358867,0.418865427514,0.000251413617758,0.0210750940575,12.4982953358,1,False,2.34141051681,0.0020948755619,0.027794303238,0.00129489540889,15.4934205396,1,2.19696234738,0
candidate_0231,3.14109885395,0.570666835195,0.0320303998822,0.0176303429378,6.33430018896,0.394942638083,6.24381522041,0.10244007043,0,0.718044358867,0.334774970038,0.000251413617758,0.0210750940575,12.4982953358,1,False,1.9423836465,0.0020948755619,0.027794303238,0.00129489540889,15.4934205396,1,2.19696234738,0
candidate_0233,5.6515039483,0.458689017696,0.0408940831309,0.017385946245,3.63997374889,0.915364269685,5.75420586361,0.282611732924,0,0.718044358867,0.291136063727,0.000251413617758,0.0210750940575,12.4982953358,1,False,1.83802515128,0.0020948755619,0.027794303238,0.00129489540889,15.4934205396,1,2.19696234738,0
candidate_0234,3.45028824789,0.361974840319,0.0293238236204,0.0519283488612,5.50468045153,0.959346838474,4.09167675166,0.167543526423,0,0.718044358867,0.346461231578,0.000251413617758,0.0210750940575,12.4982953358,1,False,1.68522066591,0.00209173612734,0.027794303238,0.0012894833383,15.4934205396,0.971709368436,2.19696234738,0.16104797099
candidate_0235,1.30542470774,0.397898742979,0.0402237288733,0.0347241630622,6.01519041493,0.509801390779,7.73128263303,0.177504121757,0,0.718044358867,0.397970830708,0.000251413617758,0.0210750940575,12.4982953358,1,False,2.04274923381,0.0020948755619,0.027794303238,0.00129489540889,15.4934205396,1,2.19696234738,0
candidate_0239,5.80995545853,0.945772678897,0.0552848041034,0.0271127335716,5.7378284697,0.279433646245,5.98898011614,0.19551982877,0,0.718044358867,0.348790387412,0.000251413617758,0.0210750940575,12.4982953358,1,False,2.37260819631,0.0020948755619,0.027794303238,0.00129489540889,15.4934205396,1,2.19696234738,0
candidate_0240,3.8246440003,0.987280997494,0.0459805812831,0.0473855983834,2.36538545871,1.08804098562,7.81980318008,0.306817308686,0,0.718044358867,0.386844368816,0.000251413617758,0.0210750940575,12.4982953358,1,False,1.52060001024,0.0020948755619,0.027794303238,0.00129489540889,15.4934205396,1,2.19696234738,0
candidate_0241,5.68356951882,0.499052871975,0.0413980909881,0.0268835656564,3.4376514881,0.334714582624,6.68319679503,0.343804027456,0,0.718044358867,0.311256727668,0.000251413617758,0.0210750940575,12.4982953358,1,False,1.92547651987,0.0020948755619,0.027794303238,0.00129489540889,15.4934205396,1,2.19696234738,0
candidate_0243,6.92646286107,0.397618598244,0.055801163155,0.0290107792715,4.30842089316,0.520027723387,4.23628151008,0.268890633839,0,0.718044358867,0.368348447056,0.000251413617758,0.0210750940575,12.4982953358,1,False,2.36414009477,0.0020948755619,0.027794303238,0.00129489540889,15.4934205396,1,2.19696234738,0
candidate_0244,3.59846605281,0.874832727485,0.0377249395388,0.0425282309303,1.92353475582,0.805502597578,6.77655246983,0.207136553317,0,0.718044358867,0.284905393516,0.000251413617758,0.0210750940575,12.4982953358,1,False,1.74099622167,0.0020948755619,0.027794303238,0.00129489540889,15.4934205396,1,2.19696234738,0
candidate_0245,2.59942946214,0.517505121565,0.0330339612224,0.043142731955,5.6257041014,0.950817016505,6.16478742485,0.0871644836732,0,0.718044358867,0.341232868614,0.000251413617758,0.0210750940575,12.4982953358,1,False,1.89097667477,0.0020948755619,0.027794303238,0.00129489540889,15.4934205396,1,2.19696234738,0
candidate_0246,6.45774968155,0.507995571476,0.0391066258202,0.0485163228332,3.14955846698,0.918534707111,3.72113690442,0.235681245704,0,0.718044358867,0.310409560602,0.000251413617758,0.0210750940575,12.4982953358,1,False,1.71425772529,0.0020948755619,0.027794303238,0.00129489540889,15.4934205396,1,2.19696234738,0
candidate_0247,5.97001067461,0.734859272835,0.0268847288087,0.0139057545489,3.34905271912,0.8586542606,2.66777296146,0.333179891658,0,0.718044358867,0.285720064555,0.000251413617758,0.0210750940575,12.4982953358,1,False,1.18544164743,0.0020845256634,0.027794303238,0.00127630474277,15.4934205396,0.948819302135,2.19696234738,0.149927067416
candidate_0248,1.53050199993,0.952167025031,0.0539793294919,0.0426370669788,1.52874138468,0.717315316432,4.40518040543,0.254959411679,0,0.718044358867,0.427095992229,0.000251413617758,0.0210750940575,12.4982953358,1,False,2.34849075697,0.0020948755619,0.027794303238,0.00129489540889,15.4934205396,1,2.19696234738,0
candidate_0249,4.91288600934,0.53783073112,0.0587663594393,0.0189658053025,2.38204051379,0.530907576057,6.12330133183,0.342038143076,0,0.718044358867,0.404701015096,0.000251413617758,0.0210750940575,12.4982953358,1,False,2.42242330931,0.0020948755619,0.027794303238,0.00129489540889,15.4934205396,1,2.19696234738,0
candidate_0250,1.59859493123,0.728586598659,0.0392368336514,0.0387627244147,4.59635259513,0.833652181243,3.34387762408,0.218606756592,0,0.718044358867,0.309879090634,0.000251413617758,0.0210750940575,12.4982953358,1,False,1.97289887122,0.0020948755619,0.027794303238,0.00129489540889,15.4934205396,1,2.19696234738,0
candidate_0251,4.7046636488,0.432961169353,0.038539345641,0.0144241138933,5.37045152499,0.391716838725,6.00426532269,0.30994143608,0,0.718044358867,0.316901507037,0.000251413617758,0.0210750940575,12.4982953358,1,False,1.81743841687,0.0020948755619,0.027794303238,0.00129489540889,15.4934205396,1,2.19696234738,0
candidate_0252,6.68561382576,0.446495030576,0.0356205432386,0.0299322617993,2.01515128649,0.847991438877,5.54799222664,0.13297879248,0,0.718044358867,0.318767736923,0.000251413617758,0.0210750940575,12.4982953358,1,False,1.92631526647,0.0020948755619,0.027794303238,0.00129489540889,15.4934205396,1,2.19696234738,0
candidate_0253,4.31206560485,0.694408905081,0.0491138560067,0.0169072397556,2.87757286495,0.389620739816,5.98978483954,0.242762823412,0,0.718044358867,0.322351648141,0.000251413617758,0.0210750940575,12.4982953358,1,False,2.31421249815,0.0020948755619,0.027794303238,0.00129489540889,15.4934205396,1,2.19696234738,0
candidate_0254,6.58960787099,0.964284082112,0.029568976496,0.0169634267451,3.58007767275,0.318748839823,4.8147668992,0.191044589949,0,0.718044358867,0.255396848097,0.000251413617758,0.0210750940575,12.4982953358,1,False,1.6473871553,0.00209364513044,0.027794303238,0.00129128535304,15.4934205396,0.9890117751,2.19696234738,0.0389340585661
candidate_0255,2.88031442659,0.72418831857,0.0361304608284,0.0309295999026,6.10985420544,0.94739177604,2.62138504855,0.226219680802,0,0.718044358867,0.299609374965,0.000251413617758,0.0210750940575,12.4982953358,1,False,1.71378739654,0.0020948755619,0.027794303238,0.00129489540889,15.4934205396,1,2.19696234738,0
candidate_0256,2.32811621801,0.888116783461,0.0341648407848,0.0187844769544,4.78689060969,0.468666032959,7.12145927117,0.252337902881,0,0.718044358867,0.275884531258,0.000251413617758,0.0210750940575,12.4982953358,1,False,1.67604547893,0.0020948755619,0.027794303238,0.00129489540889,15.4934205396,1,2.19696234738,0
candidate_0257,6.82878090551,0.352146435031,0.0534469362493,0.0267622170795,5.26525651151,0.643218199415,7.75258591991,0.22970589599,0,0.718044358867,0.38158055904,0.000251413617758,0.0210750940575,12.4982953358,1,False,2.32840337508,0.0020948755619,0.027794303238,0.00129489540889,15.4934205396,1,2.19696234738,0
candidate_0260,3.42572415965,0.655797494412,0.0511239674414,0.015110158008,1.89241193459,0.33695274123,5.84468552223,0.211429064684,0,0.718044358867,0.392979632747,0.000251413617758,0.0210750940575,12.4982953358,1,False,2.36904275456,0.0020948755619,0.027794303238,0.00129489540889,15.4934205396,1,2.19696234738,0
candidate_0261,3.41759334356,0.319015045776,0.0384182742882,0.0406807874486,3.49289520085,0.797133587042,6.18348848322,0.378743615705,0,0.718044358867,0.350759461738,0.000251413617758,0.0210750940575,12.4982953358,1,False,1.67902417777,0.0020948755619,0.027794303238,0.00129489540889,15.4934205396,1,2.19696234738,0
candidate_0262,4.42967724189,0.452800821087,0.0351881481306,0.0464106120439,3.76466815021,0.671043566864,4.89675225182,0.245067122435,0,0.718044358867,0.247934978193,0.000251413617758,0.0210750940575,12.4982953358,1,False,1.7172332484,0.0020948755619,0.027794303238,0.00129489540889,15.4934205396,1,2.19696234738,0
candidate_0263,1.74395980005,0.490791030545,0.0436032298376,0.0251441367048,4.76979611505,0.532572627533,3.1664206176,0.0962188746747,0,0.718044358867,0.392351538044,0.000251413617758,0.0210750940575,12.4982953358,1,False,2.29108966414,0.0020948755619,0.027794303238,0.00129489540889,15.4934205396,1,2.19696234738,0
candidate_0264,5.61171530323,0.872455521529,0.0457335470623,0.044207197562,3.80771239052,0.968919946526,6.29869316973,0.224875015066,0,0.718044358867,0.268868028582,0.000251413617758,0.0210750940575,12.4982953358,1,False,1.43351775402,0.0020948755619,0.027794303238,0.00129489540889,15.4934205396,1,2.19696234738,0
candidate_0265,4.65281217088,0.812653797766,0.0377634671889,0.0514201083904,2.95511372074,0.996034216426,6.23096940787,0.152124081323,0,0.718044358867,0.301838790906,0.000251413617758,0.0210750940575,12.4982953358,1,False,1.45056728074,0.0020948755619,0.027794303238,0.00129489540889,15.4934205396,1,2.19696234738,0
candidate_0266,3.12523391589,0.42204751125,0.0437536739398,0.0315566846453,2.01813325782,0.459697264198,4.82517835647,0.378139056982,0,0.718044358867,0.384423206572,0.000251413617758,0.0210750940575,12.4982953358,1,False,2.08452838127,0.0020948755619,0.027794303238,0.00129489540889,15.4934205396,1,2.19696234738,0
candidate_0267,2.84848669702,0.907644445504,0.0317064030796,0.0356366738466,2.28390239581,0.53536270668,5.40510820776,0.255999579635,0,0.718044358867,0.244416232412,0.000251413617758,0.0210750940575,12.4982953358,1,False,1.72136186448,0.0020948755619,0.027794303238,0.00129489540889,15.4934205396,1,2.19696234738,0
candidate_0268,3.62634839507,0.647250954426,0.0377570795003,0.0190574830893,1.7025774742,0.26600687811,4.36807817699,0.106720509928,0,0.718044358867,0.379106610025,0.000251413617758,0.0210750940575,12.4982953358,1,False,2.24944550966,0.0020948755619,0.027794303238,0.00129489540889,15.4934205396,1,2.19696234738,0
candidate_0269,6.84892217461,0.842607396733,0.0498074572042,0.0351513838401,3.01339015679,0.712495945662,7.86194904146,0.374361029538,0,0.718044358867,0.349671068005,0.000251413617758,0.0210750940575,12.4982953358,1,False,1.84426481825,0.0020948755619,0.027794303238,0.00129489540889,15.4934205396,1,2.19696234738,0
candidate_0270,1.30051175916,0.401520457103,0.0575237278605,0.0394366136961,4.02822917618,0.895866099643,7.98693538283,0.191573813588,0,0.718044358867,0.467788659884,0.000251413617758,0.0210750940575,12.4982953358,1,False,2.39648185015,0.0020948755619,0.027794303238,0.00129489540889,15.4934205396,1,2.19696234738,0
candidate_0271,2.08008494536,0.705568712306,0.056291858341,0.0281101776769,4.4649281319,1.08837017212,4.66984824469,0.27053359354,0,0.718044358867,0.391933143956,0.000251413617758,0.0210750940575,12.4982953358,1,False,2.38915091392,0.0020948755619,0.027794303238,0.00129489540889,15.4934205396,1,2.19696234738,0
candidate_0272,2.98484529521,0.587894701001,0.0334102270014,0.0165094293228,5.40508218856,0.610390111459,5.06686222581,0.0874818492709,0,0.718044358867,0.309384775649,0.000251413617758,0.0210750940575,12.4982953358,1,False,2.02540816556,0.0020948755619,0.027794303238,0.00129489540889,15.4934205396,1,2.19696234738,0
candidate_0273,6.19689598292,0.743635131298,0.0561212041217,0.0431928765679,6.10604074317,0.830415008939,4.05162006398,0.250517616943,0,0.718044358867,0.343030570555,0.000251413617758,0.0210750940575,12.4982953358,1,False,2.26016559562,0.0020948755619,0.027794303238,0.00129489540889,15.4934205396,1,2.19696234738,0
candidate_0274,1.78483485629,0.461224160101,0.0286193799356,0.0203634402629,3.44919318043,0.437539495433,8.03632151925,0.265272664259,0,0.718044358867,0.353627216737,0.000251413617758,0.0210750940575,12.4982953358,1,False,1.59714684645,0.00209458883212,0.027794303238,0.0012937523368,15.4934205396,0.973486032725,2.19696234738,0.0503394308244
candidate_0275,3.19345768051,0.68890303638,0.0518511624505,0.029635709203,1.65524078193,0.452966582189,5.16618868227,0.167148415788,0,0.718044358867,0.371051718794,0.000251413617758,0.0210750940575,12.4982953358,1,False,2.36187514173,0.0020948755619,0.027794303238,0.00129489540889,15.4934205396,1,2.19696234738,0
candidate_0276,4.86715726165,0.516281401957,0.0587433184066,0.0187206189882,1.7511583962,0.878418628441,7.8383848122,0.0893462609917,0,0.718044358867,0.470061304661,0.000251413617758,0.0210750940575,12.4982953358,1,False,2.42242330931,0.0020948755619,0.027794303238,0.00129489540889,15.4934205396,1,2.19696234738,0
candidate_0278,3.43051067242,0.780455024796,0.0454286473097,0.030546434473,1.63303652385,0.652163317073,5.57121541571,0.321184250477,0,0.718044358867,0.318644812646,0.000251413617758,0.0210750940575,12.4982953358,1,False,2.11420127857,0.0020948755619,0.027794303238,0.00129489540889,15.4934205396,1,2.19696234738,0
candidate_0279,4.2977876873,0.907080198043,0.0372951080245,0.0446376649454,4.15149222196,0.48337785963,6.88464096454,0.200560255286,0,0.718044358867,0.226592248658,0.000251413617758,0.0210750940575,12.4982953358,1,False,1.65123202975,0.0020948755619,0.027794303238,0.00129489540889,15.4934205396,1,2.19696234738,0
candidate_0280,5.13496309194,0.830413124728,0.0495843261014,0.0515577978581,5.21700079408,0.53432857946,4.46090244275,0.312213906837,0,0.718044358867,0.314995631226,0.000251413617758,0.0210750940575,12.4982953358,1,False,1.96673370184,0.0020948755619,0.027794303238,0.00129489540889,15.4934205396,1,2.19696234738,0
candidate_0281,3.31540025602,0.510520938717,0.0599832406772,0.0349214450919,2.54862050138,0.797071054372,6.36708972422,0.378592669371,0,0.718044358867,0.427193584588,0.000251413617758,0.0210750940575,12.4982953358,1,False,2.42242330931,0.0020948755619,0.027794303238,0.00129489540889,15.4934205396,1,2.19696234738,0
candidate_0282,3.65143305487,0.427406797368,0.0380816979026,0.0381539794218,2.02915333723,0.808512848814,7.08223119602,0.157869306087,0,0.718044358867,0.337201941251,0.000251413617758,0.0210750940575,12.4982953358,1,False,2.01164871523,0.0020948755619,0.027794303238,0.00129489540889,15.4934205396,1,2.19696234738,0
candidate_0284,4.60822597106,0.959873595014,0.0261160077547,0.0405733129841,3.06770703916,1.06003761357,6.2964698407,0.255389763932,0,0.718044358867,0.225754677695,0.000251413617758,0.0210750940575,12.4982953358,1,False,1.5717298026,0.00191922757159,0.0563309921799,0.00169280423656,22.1819662272,0.565356670778,2.47608621528,0.979330272153
candidate_0285,2.86018073703,0.98951575907,0.0526345794351,0.0507201611776,4.98033397293,0.728819895221,3.887822884,0.18611421269,0,0.718044358867,0.363602999228,0.000251413617758,0.0210750940575,12.4982953358,1,False,2.24928295153,0.0020948755619,0.027794303238,0.00129489540889,15.4934205396,1,2.19696234738,0
candidate_0286,5.48795970793,0.57834611099,0.0466481147296,0.0363105151211,1.73352673379,0.471437815256,8.24413667599,0.187410773703,0,0.718044358867,0.365199025485,0.000251413617758,0.0210750940575,12.4982953358,1,False,2.20560018364,0.0020948755619,0.027794303238,0.00129489540889,15.4934205396,1,2.19696234738,0
candidate_0288,5.03130873872,0.378079386972,0.0331426449554,0.0223785060015,2.19841003582,0.34815462303,7.72994878676,0.291160959713,0,0.718044358867,0.350754240425,0.000251413617758,0.0210750940575,12.4982953358,1,False,1.79743023903,0.0020948755619,0.027794303238,0.00129489540889,15.4934205396,1,2.19696234738,0
candidate_0289,6.94759934862,0.525236250144,0.0471930415632,0.0342714773647,1.51327326907,0.606220081488,7.26811500502,0.262156791251,0,0.718044358867,0.362993375264,0.000251413617758,0.0210750940575,12.4982953358,1,False,2.14206232821,0.0020948755619,0.027794303238,0.00129489540889,15.4934205396,1,2.19696234738,0
candidate_0290,5.85714376318,0.945914700187,0.0413534529062,0.0412749410557,2.0282828058,1.0637571616,6.85955353525,0.195231884527,0,0.718044358867,0.323160295853,0.000251413617758,0.0210750940575,12.4982953358,1,False,1.44006152028,0.0020948755619,0.027794303238,0.00129489540889,15.4934205396,1,2.19696234738,0
candidate_0292,2.25120826023,0.375129059341,0.0276059093069,0.0267064826198,3.56742881179,1.0828731394,7.69933981589,0.110619790001,0,0.718044358867,0.388781072238,0.000251413617758,0.0210750940575,12.4982953358,1,False,1.72859552388,0.00209298211415,0.027794303238,0.00128813396121,15.4934205396,0.969752690213,2.19696234738,0.12416323606
candidate_0293,6.25715203301,0.945402565447,0.045625581125,0.0304997378717,4.5891130076,1.04419407367,4.6735991647,0.341169979299,0,0.718044358867,0.292807726659,0.000251413617758,0.0210750940575,12.4982953358,1,False,1.82625924483,0.0020948755619,0.027794303238,0.00129489540889,15.4934205396,1,2.19696234738,0
candidate_0294,2.5915887519,0.346946276928,0.0533840383651,0.0451982813158,4.9897358191,0.270778686721,2.5461614508,0.0994675220798,0,0.718044358867,0.486914147635,0.000251413617758,0.0210750940575,12.4982953358,1,False,2.38424198015,0.0020948755619,0.027794303238,0.00129489540889,15.4934205396,1,2.19696234738,0
candidate_0295,5.46670423842,1.08591914344,0.0408300769903,0.0277039661726,3.59121905239,0.415189243095,5.64253723174,0.218740479796,0,0.718044358867,0.240852296796,0.000251413617758,0.0210750940575,12.4982953358,1,False,1.85248182428,0.0020948755619,0.027794303238,0.00129489540889,15.4934205396,1,2.19696234738,0
candidate_0296,1.45432254419,1.08863782017,0.031695789895,0.0473332510858,4.44891069379,0.271666900316,5.28477719513,0.237484831892,0,0.718044358867,0.35034654805,0.000251413617758,0.0210750940575,12.4982953358,1,False,1.74480456056,0.0020948755619,0.027794303238,0.00129489540889,15.4934205396,1,2.19696234738,0
candidate_0297,5.2935621958,0.367163747282,0.037491982503,0.0140696703306,4.23481204691,0.61015195541,7.90752642909,0.17103853498,0,0.718044358867,0.335254583721,0.000251413617758,0.0210750940575,12.4982953358,1,False,1.93373860309,0.0020948755619,0.027794303238,0.00129489540889,15.4934205396,1,2.19696234738,0
candidate_0298,5.23960276081,0.840901846958,0.0336684133425,0.0384117870639,4.4852686076,0.601703174163,5.58362138948,0.119558605306,0,0.718044358867,0.187060082343,0.000251413617758,0.0210750940575,12.4982953358,1,False,1.62007595162,0.0020948755619,0.027794303238,0.00129489540889,15.4934205396,1,2.19696234738,0
candidate_0299,1.39908909751,0.452875531658,0.0348031638052,0.0135322583554,2.83099794711,0.665380522156,3.29754945091,0.26007752315,0,0.718044358867,0.388234666401,0.000251413617758,0.0210750940575,12.4982953358,1,False,2.03919763624,0.0020948755619,0.027794303238,0.00129489540889,15.4934205396,1,2.19696234738,0
candidate_0300,2.17495380471,0.489505207428,0.0304875635104,0.0414060848218,3.5728703548,0.977119986556,5.11576341584,0.235273588936,0,0.718044358867,0.298574433091,0.000251413617758,0.0210750940575,12.4982953358,1,False,1.65893128564,0.00209419088493,0.027794303238,0.00129187613466,15.4934205396,0.987337427618,2.19696234738,0.0431581080262
candidate_0301,1.80133014372,0.983271860249,0.048227286976,0.0153889306973,4.32938410865,0.381112213336,2.77096530199,0.240717614755,0,0.718044358867,0.398333640375,0.000251413617758,0.0210750940575,12.4982953358,1,False,2.28622495459,0.0020948755619,0.027794303238,0.00129489540889,15.4934205396,1,2.19696234738,0
candidate_0302,5.8936730658,0.587391993035,0.0497320094799,0.0432275167261,5.46772211279,0.639127273834,3.67460415949,0.0846046759854,0,0.718044358867,0.352725148754,0.000251413617758,0.0210750940575,12.4982953358,1,False,2.28827995488,0.0020948755619,0.027794303238,0.00129489540889,15.4934205396,1,2.19696234738,0
candidate_0303,5.53846608131,0.749215146826,0.0336714246224,0.0421517598078,3.11141894421,0.505146689285,7.609641048,0.151828496227,0,0.718044358867,0.250037768323,0.000251413617758,0.0210750940575,12.4982953358,1,False,1.60140209204,0.0020948755619,0.027794303238,0.00129489540889,15.4934205396,1,2.19696234738,0
candidate_0304,4.00875187469,0.904577542072,0.0285413590714,0.025871160215,5.5392237908,0.401276905601,3.33277121863,0.182903209861,0,0.718044358867,0.227310471837,0.000251413617758,0.0210750940575,12.4982953358,1,False,1.69143715009,0.00209255637663,0.027794303238,0.00128951449795,15.4934205396,0.979665950165,2.19696234738,0.0986427289219
candidate_0306,6.05551805214,0.782234447,0.0357457103176,0.034405399208,6.39789663826,1.05445567173,5.84730079513,0.369366681183,0,0.718044358867,0.289470817026,0.000251413617758,0.0210750940575,12.4982953358,1,False,2.63961207729,0.0020948755619,0.027794303238,0.00129489540889,15.4934205396,1,2.19696234738,0
candidate_0307,6.89345210602,0.666443631146,0.0524566645949,0.021368532208,5.98657822944,0.569121722994,6.68805789414,0.172936975467,0,0.718044358867,0.336960467904,0.000251413617758,0.0210750940575,12.4982953358,1,False,2.3116377473,0.0020948755619,0.027794303238,0.00129489540889,15.4934205396,1,2.19696234738,0
candidate_0308,2.31351996732,0.916953850596,0.0248312536807,0.0169857203002,3.61178477508,0.93948068944,4.72947746431,0.344464369849,0,0.718044358867,0.29113855195,0.000251413617758,0.0210750940575,12.4982953358,1,False,1.05053392549,0.00208554954857,0.0284156288273,0.00129869281633,15.4934205396,0.911705051044,2.19696234738,0.244737469031
candidate_0311,6.0960658682,0.843348047308,0.0384336535246,0.0414785356026,6.32120681652,0.601149753449,7.94593880472,0.314652451679,0,0.718044358867,0.278826968435,0.000251413617758,0.0210750940575,12.4982953358,1,False,1.34228107192,0.0020948755619,0.027794303238,0.00129489540889,15.4934205396,1,2.19696234738,0
candidate_0312,5.35109772439,0.632705752825,0.0281493938021,0.0187796317782,4.25200156868,0.952257612213,2.91854524818,0.18137885538,0,0.718044358867,0.251354760297,0.000251413617758,0.0210750940575,12.4982953358,1,False,1.51282298506,0.00208783972804,0.027794303238,0.00128234817256,15.4934205396,0.975070125572,2.19696234738,0.127410639719
candidate_0313,2.05553512899,0.53799216573,0.0418388055378,0.021278427947,3.13382912611,0.609626812983,4.94844215606,0.135937561515,0,0.718044358867,0.341365051397,0.000251413617758,0.0210750940575,12.4982953358,1,False,2.23340990821,0.0020948755619,0.027794303238,0.00129489540889,15.4934205396,1,2.19696234738,0
candidate_0314,5.6264604882,0.384739553727,0.0396928185464,0.0218736292254,2.19794736862,0.910477425193,6.91457657999,0.277504825472,0,0.718044358867,0.337461398922,0.000251413617758,0.0210750940575,12.4982953358,1,False,1.94433289082,0.0020948755619,0.027794303238,0.00129489540889,15.4934205396,1,2.19696234738,0
candidate_0316,1.39485616684,0.367298703899,0.0411634067235,0.0445629883539,6.18768395271,0.879432466843,6.90802648447,0.10338783806,0,0.718044358867,0.435032466606,0.000251413617758,0.0210750940575,12.4982953358,1,False,2.15269031334,0.0020948755619,0.027794303238,0.00129489540889,15.4934205396,1,2.19696234738,0
candidate_0317,2.03105288162,0.327243091141,0.0443256251955,0.0286762681757,3.06253981807,0.709763033233,2.67013089651,0.164611337062,0,0.718044358867,0.407806430949,0.000251413617758,0.0210750940575,12.4982953358,1,False,2.2600520764,0.0020948755619,0.027794303238,0.00129489540889,15.4934205396,1,2.19696234738,0
candidate_0319,6.48351975539,0.540138378449,0.0411600857022,0.0298028531536,6.14724064486,0.676631203724,3.72868087817,0.121619574459,0,0.718044358867,0.301638845491,0.000251413617758,0.0210750940575,12.4982953358,1,False,1.96327093691,0.0020948755619,0.027794303238,0.00129489540889,15.4934205396,1,2.19696234738,0
candidate_0321,3.39325683095,0.531187125749,0.0496230616223,0.0289509893738,2.65319883721,0.82065768499,4.65779557579,0.239905032839,0,0.718044358867,0.323826452314,0.000251413617758,0.0210750940575,12.4982953358,1,False,2.29248648559,0.0020948755619,0.027794303238,0.00129489540889,15.4934205396,1,2.19696234738,0
candidate_0322,6.49643566406,1.09562505702,0.027190239784,0.0260717839006,2.12248415025,0.777757513291,3.60543693529,0.118137718856,0,0.718044358867,0.297065393475,0.000251413617758,0.0210750940575,12.4982953358,1,False,1.23857505891,0.00191748058334,0.0374668447543,0.00133677990857,15.4934205396,0.874686292298,2.19696234738,0.800949618859
candidate_0324,3.86794061173,0.597038030884,0.0517989122322,0.0419921004762,3.441139689,1.0310963015,4.0758082206,0.228256763827,0,0.718044358867,0.344665866728,0.000251413617758,0.0210750940575,12.4982953358,1,False,2.24222207952,0.0020948755619,0.027794303238,0.00129489540889,15.4934205396,1,2.19696234738,0
candidate_0325,5.59104911765,0.954846691218,0.0494730676395,0.0348680260893,6.46809176602,0.814215067857,8.49801855045,0.286612857059,0,0.718044358867,0.340519919015,0.000251413617758,0.0210750940575,12.4982953358,1,False,1.59580604552,0.0020948755619,0.027794303238,0.00129489540889,15.4934205396,1,2.19696234738,0
candidate_0327,4.45315945419,0.721132359002,0.0288319624795,0.0196554340335,4.74016450338,1.0345530425,3.3316192318,0.11652280961,0,0.718044358867,0.27926465503,0.000251413617758,0.0210750940575,12.4982953358,1,False,1.61226416274,0.00208917344255,0.027794303238,0.00128448856485,15.4934205396,0.984439785537,2.19696234738,0.103456846187
candidate_0328,5.74752978115,0.317468005455,0.0474694658742,0.0427544166009,5.79774486472,0.922981352645,7.81475852028,0.169168134383,0,0.718044358867,0.388072666408,0.000251413617758,0.0210750940575,12.4982953358,1,False,2.08095356235,0.0020948755619,0.027794303238,0.00129489540889,15.4934205396,1,2.19696234738,0
candidate_0329,5.93119173747,0.728299454448,0.0452416620907,0.0300329258705,1.82631371152,0.696308783262,7.91186096571,0.356182675448,0,0.718044358867,0.344077071188,0.000251413617758,0.0210750940575,12.4982953358,1,False,1.90156044888,0.0020948755619,0.027794303238,0.00129489540889,15.4934205396,1,2.19696234738,0
candidate_0331,6.67493078389,0.408326463665,0.037755853384,0.0323901977376,6.14659532652,0.819567622534,4.27045039342,0.239831625657,0,0.718044358867,0.284545655166,0.000251413617758,0.0210750940575,12.4982953358,1,False,1.57902842191,0.0020948755619,0.027794303238,0.00129489540889,15.4934205396,1,2.19696234738,0
candidate_0332,6.39461874863,0.849433295138,0.027972758526,0.0197102619926,3.01304365881,0.791500215437,8.34047217983,0.276475920512,0,0.718044358867,0.256271209531,0.000251413617758,0.0210750940575,12.4982953358,1,False,1.99990969012,0.00206574379314,0.027919305499,0.00127978782191,15.4934205396,0.91817636959,2.19696234738,0.294729142353
candidate_0333,2.73464710665,0.424842717453,0.0452344646751,0.0142724762049,2.97236032252,0.261430996037,6.28035088356,0.351812166269,0,0.718044358867,0.422361020785,0.000251413617758,0.0210750940575,12.4982953358,1,False,2.19299748815,0.0020948755619,0.027794303238,0.00129489540889,15.4934205396,1,2.19696234738,0
candidate_0334,1.5518782892,0.937838493838,0.0251562686861,0.0302799211986,4.11220342212,0.921604657951,3.36516532365,0.277846056089,0,0.718044358867,0.287192088395,0.000251413617758,0.0210750940575,12.4982953358,1,False,1.33730996751,0.0020864715489,0.0284425359237,0.00130072536821,15.4978389005,0.908321539296,2.19696234738,0.32995424195
candidate_0335,2.05933271158,0.531258226148,0.0562609968956,0.0516324715804,1.91128358285,0.844455332108,4.83937480108,0.13646761736,0,0.718044358867,0.467747368135,0.000251413617758,0.0210750940575,12.4982953358,1,False,2.3972551788,0.0020948755619,0.027794303238,0.00129489540889,15.4934205396,1,2.19696234738,0
candidate_0336,3.02360799917,1.04707869721,0.0405900752265,0.0474581277213,4.89851048056,1.05273828067,3.33812516483,0.362674162908,0,0.718044358867,0.363642185788,0.000251413617758,0.0210750940575,12.4982953358,1,False,1.38598340948,0.0020948755619,0.027794303238,0.00129489540889,15.4934205396,1,2.19696234738,0
candidate_0337,3.0928048443,0.851714207961,0.0254739849596,0.0419484736764,4.33775597465,1.0981613078,4.23072349433,0.298113851544,0,0.718044358867,0.257149962282,0.000251413617758,0.0210750940575,12.4982953358,1,False,0.43570767343,0.00201269043821,0.0361608506287,0.00139022499123,17.6328329146,0.70917596099,2.33392670544,0.901148771381
candidate_0338,5.48376052947,0.446847831317,0.0525043798134,0.0487549007237,4.34855382652,0.318162657339,5.80047626416,0.258938046827,0,0.718044358867,0.370597087177,0.000251413617758,0.0210750940575,12.4982953358,1,False,2.27895871166,0.0020948755619,0.027794303238,0.00129489540889,15.4934205396,1,2.19696234738,0
candidate_0339,5.40491833823,0.784793247173,0.0459198944583,0.0168483698123,5.85179122607,0.634677244876,3.39657090133,0.253314179015,0,0.718044358867,0.286547434741,0.000251413617758,0.0210750940575,12.4982953358,1,False,1.93586658724,0.0020948755619,0.027794303238,0.00129489540889,15.4934205396,1,2.19696234738,0
candidate_0340,6.19573568941,0.826764971733,0.0420039975665,0.0385025965152,2.00776317115,0.49099231706,5.91491795927,0.27111690609,0,0.718044358867,0.274068812859,0.000251413617758,0.0210750940575,12.4982953358,1,False,1.8855791029,0.0020948755619,0.027794303238,0.00129489540889,15.4934205396,1,2.19696234738,0
candidate_0341,2.63446164287,0.8392073154,0.0266305097886,0.01209516629,1.74200160254,0.461954933065,6.10198431369,0.205432065992,0,0.718044358867,0.328670689267,0.000251413617758,0.0210750940575,12.4982953358,1,False,1.79957081317,0.0020937958184,0.027794303238,0.00129061547648,15.4934205396,0.96943158106,2.19696234738,0.0633123548008
candidate_0342,2.25147840414,0.785043411202,0.0302743958236,0.0468265030756,5.29665375807,0.334928076522,7.89145493381,0.120759008669,0,0.718044358867,0.348553513281,0.000251413617758,0.0210750940575,12.4982953358,1,False,1.78271530071,0.00209441964585,0.027794303238,0.00129264740894,15.4934205396,0.988343358621,2.19696234738,0.0505528908527
candidate_0343,4.44687199394,0.739928699617,0.033590525053,0.0510003108467,5.32980616817,0.36271370244,6.26921686529,0.249267867784,0,0.718044358867,0.255883256688,0.000251413617758,0.0210750940575,12.4982953358,1,False,1.54400013028,0.0020948755619,0.027794303238,0.00129489540889,15.4934205396,1,2.19696234738,0
candidate_0344,2.49308452019,0.819391291419,0.0530611085956,0.0237180138397,3.31036551806,0.523804513356,4.13048935636,0.33031529874,0,0.718044358867,0.357966841963,0.000251413617758,0.0210750940575,12.4982953358,1,False,2.32473274401,0.0020948755619,0.027794303238,0.00129489540889,15.4934205396,1,2.19696234738,0
candidate_0346,5.19497850219,0.564257790393,0.0268350256524,0.0316445558605,3.34018538507,0.566698985969,3.52381377102,0.29601001692,0,0.718044358867,0.201268273946,0.000251413617758,0.0210750940575,12.4982953358,1,False,1.38574879906,0.00208846665798,0.027794303238,0.00127811688616,15.4934205396,0.936401652577,2.19696234738,0.213616043397
candidate_0347,3.24432945351,1.04949512343,0.0477970056263,0.0171677817598,3.36289738046,0.597945227329,3.61411977505,0.371865625333,0,0.718044358867,0.362500977556,0.000251413617758,0.0210750940575,12.4982953358,1,False,2.15655157993,0.0020948755619,0.027794303238,0.00129489540889,15.4934205396,1,2.19696234738,0
candidate_0348,6.27406904065,0.377885354997,0.0473516402637,0.0284772300493,4.69518312268,0.90518597364,5.40239357071,0.256474349183,0,0.718044358867,0.312666931986,0.000251413617758,0.0210750940575,12.4982953358,1,False,2.04953678013,0.0020948755619,0.027794303238,0.00129489540889,15.4934205396,1,2.19696234738,0
candidate_0349,5.82196576848,0.850215156899,0.0573016298778,0.0164143159674,3.56445216221,0.384554495348,4.30538988833,0.191711049555,0,0.718044358867,0.364152377234,0.000251413617758,0.0210750940575,12.4982953358,1,False,2.40882172026,0.0020948755619,0.027794303238,0.00129489540889,15.4934205396,1,2.19696234738,0
candidate_0350,6.16532434508,0.438059423758,0.0250827515841,0.0221051228648,1.77242716046,1.0432753922,7.36947941175,0.359769968159,0,0.718044358867,0.366366363344,0.000251413617758,0.0210750940575,12.4982953358,1,False,0.96871313972,0.00207201639709,0.0287328805679,0.00131008366473,16.1791862523,0.871544199312,2.19696234738,0.34679350405
candidate_0351,2.93306670415,0.925051260889,0.0272330098463,0.0453909601585,5.64777662572,0.783116547063,5.9098948033,0.320181346649,0,0.718044358867,0.238123979507,0.000251413617758,0.0210750940575,12.4982953358,1,False,0.490242280471,0.00206009016521,0.0285861849885,0.0012790318414,15.4934205396,0.794550310787,2.19696234738,0.640175933151
candidate_0352,5.20390531851,0.656085094465,0.0594141513847,0.0212258195488,4.25001016715,0.681025812583,5.18261519602,0.210928111944,0,0.718044358867,0.333532766302,0.000251413617758,0.0210750940575,12.4982953358,1,False,2.42242330931,0.0020948755619,0.027794303238,0.00129489540889,15.4934205396,1,2.19696234738,0
candidate_0355,1.4459994743,0.805169462462,0.0534693828436,0.0248610568733,6.03921957461,0.751364939319,5.83277393489,0.344963828671,0,0.718044358867,0.393690440791,0.000251413617758,0.0210750940575,12.4982953358,1,False,2.30044990027,0.0020948755619,0.027794303238,0.00129489540889,15.4934205396,1,2.19696234738,0
candidate_0356,5.15106422779,0.404198986891,0.034238554724,0.0287785078678,2.53491275105,1.06309038662,3.40494776145,0.198544259756,0,0.718044358867,0.326816753919,0.000251413617758,0.0210750940575,12.4982953358,1,False,1.88954400488,0.0020948755619,0.027794303238,0.00129489540889,15.4934205396,1,2.19696234738,0
candidate_0358,1.74521228912,0.748866327509,0.038822449712,0.0180859080565,3.66265558598,0.63886861131,5.21763619664,0.326003179364,0,0.718044358867,0.311013183124,0.000251413617758,0.0210750940575,12.4982953358,1,False,1.92913193609,0.0020948755619,0.027794303238,0.00129489540889,15.4934205396,1,2.19696234738,0
candidate_0359,3.2176605688,0.752283658291,0.0417370639303,0.0338307340659,2.40654831752,0.969920826205,8.32755912733,0.28980270475,0,0.718044358867,0.337194529923,0.000251413617758,0.0210750940575,12.4982953358,1,False,1.79249695088,0.0020948755619,0.027794303238,0.00129489540889,15.4934205396,1,2.19696234738,0
candidate_0360,4.95765870647,1.04726892832,0.0251932090099,0.0236087955845,6.03978804226,0.297966907757,3.50255893818,0.183157338841,0,0.718044358867,0.266541513669,0.000251413617758,0.0210750940575,12.4982953358,1,False,1.48037333619,0.00208494826887,0.0284099292211,0.00129858429586,15.4934205396,0.933707494667,2.19696234738,0.345336636539
candidate_0361,6.86134881716,0.860242283008,0.0511085873336,0.0362897597244,1.98476505993,0.808751703997,7.68224206197,0.252159746417,0,0.718044358867,0.351702643234,0.000251413617758,0.0210750940575,12.4982953358,1,False,2.06375104136,0.0020948755619,0.027794303238,0.00129489540889,15.4934205396,1,2.19696234738,0
candidate_0362,6.93902086626,0.946710305528,0.0394885705701,0.025060514638,2.63095027819,0.403922215978,8.43564507122,0.166751821134,0,0.718044358867,0.332724862215,0.000251413617758,0.0210750940575,12.4982953358,1,False,1.84801781613,0.0020948755619,0.027794303238,0.00129489540889,15.4934205396,1,2.19696234738,0
candidate_0365,5.12321527681,0.972266908354,0.0394300055806,0.049192206657,5.78582401986,0.747082644891,5.83081775368,0.127382017772,0,0.718044358867,0.277269203942,0.000251413617758,0.0210750940575,12.4982953358,1,False,1.46414649796,0.0020948755619,0.027794303238,0.00129489540889,15.4934205396,1,2.19696234738,0
candidate_0366,1.7361349857,0.337593903452,0.0251874807913,0.0310984700511,5.78769135001,0.282319874354,5.81640217638,0.379314231481,0,0.718044358867,0.394993883959,0.000251413617758,0.0210750940575,12.4982953358,1,False,1.14907001426,0.00209409217995,0.0279885277839,0.00129984191033,15.4934205396,0.902849874536,2.19696234738,0.226575307173
candidate_0368,3.43154976556,0.872223216763,0.035319808866,0.0238912680718,3.53345014477,0.944004851418,7.89675351241,0.352601358974,0,0.718044358867,0.294832168114,0.000251413617758,0.0210750940575,12.4982953358,1,False,1.26924131882,0.0020948755619,0.027794303238,0.00129489540889,15.4934205396,1,2.19696234738,0
candidate_0369,4.54882987475,0.932367367862,0.0483655997349,0.0481062060972,5.80378922358,1.0282363599,4.09512210956,0.371960414182,0,0.718044358867,0.363721850498,0.000251413617758,0.0210750940575,12.4982953358,1,False,1.39448076523,0.0020948755619,0.027794303238,0.00129489540889,15.4934205396,1,2.19696234738,0
candidate_0371,5.65132208592,0.358261699205,0.0320157324173,0.0335878149831,4.27099969032,0.260011688432,3.83807555589,0.368316896291,0,0.718044358867,0.335522478453,0.000251413617758,0.0210750940575,12.4982953358,1,False,1.61547694934,0.0020948755619,0.027794303238,0.00129489540889,15.4934205396,1,2.19696234738,0
candidate_0373,6.34062903445,0.509291902182,0.0368663179848,0.02686198438,5.17221167705,0.916076185616,4.31486611951,0.286820741597,0,0.718044358867,0.247410697933,0.000251413617758,0.0210750940575,12.4982953358,1,False,1.39322102097,0.0020948755619,0.027794303238,0.00129489540889,15.4934205396,1,2.19696234738,0
candidate_0374,5.72220519357,0.934510161933,0.0307032894317,0.047869500353,5.35065179569,0.730165778199,3.75438219132,0.158825233937,0,0.718044358867,0.227975274507,0.000251413617758,0.0210750940575,12.4982953358,1,False,1.04209466838,0.00198676116535,0.0387937017178,0.00136719066973,15.4934205396,0.833171985995,2.19696234738,0.897307451453
candidate_0375,2.29128167629,0.950471954226,0.0562357736453,0.0402702819674,1.75134647924,0.537975372288,5.90016993126,0.175417361885,0,0.718044358867,0.411471562895,0.000251413617758,0.0210750940575,12.4982953358,1,False,2.39655950224,0.0020948755619,0.027794303238,0.00129489540889,15.4934205396,1,2.19696234738,0
candidate_0376,2.83134634403,0.460682333397,0.0524363338542,0.0160634888545,4.46928112221,0.650236606508,7.88770653112,0.369297648759,0,0.718044358867,0.41870820435,0.000251413617758,0.0210750940575,12.4982953358,1,False,2.31400495894,0.0020948755619,0.027794303238,0.00129489540889,15.4934205396,1,2.19696234738,0
candidate_0377,6.80071123041,0.404205147119,0.0265051676074,0.0374844013662,1.94072333801,0.342850333939,4.32685492871,0.150931745501,0,0.718044358867,0.339652593768,0.000251413617758,0.0210750940575,12.4982953358,1,False,1.85223951472,0.00209230581875,0.027794303238,0.0012864255986,15.4934205396,0.968764742446,2.19696234738,0.161757988142
candidate_0378,3.18425608526,0.704974537592,0.0293932562765,0.0314079466565,1.8714781026,0.857167965506,2.59817568944,0.259336570156,0,0.718044358867,0.300908274747,0.000251413617758,0.0210750940575,12.4982953358,1,False,1.77602775612,0.00209189806941,0.027794303238,0.00128952851762,15.4934205396,0.974973941248,2.19696234738,0.095251590518
candidate_0379,1.45119327254,0.943976917472,0.0582917911104,0.0379269363094,3.63301181659,0.680575843927,7.0832773426,0.123228019973,0,0.718044358867,0.426779780343,0.000251413617758,0.0210750940575,12.4982953358,1,False,2.40707067708,0.0020948755619,0.027794303238,0.00129489540889,15.4934205396,1,2.19696234738,0
candidate_0380,6.80572134851,0.809940023045,0.0508626163653,0.0389228657767,5.30556942916,0.600224408657,5.31694475878,0.237252082906,0,0.718044358867,0.27503173528,0.000251413617758,0.0210750940575,12.4982953358,1,False,2.02410429658,0.0020948755619,0.027794303238,0.00129489540889,15.4934205396,1,2.19696234738,0
candidate_0382,6.3132086432,0.382222233562,0.0378356442161,0.0219712887035,2.63139203498,0.462909829526,3.79959888182,0.246566192541,0,0.718044358867,0.320815535705,0.000251413617758,0.0210750940575,12.4982953358,1,False,2.02670263226,0.0020948755619,0.027794303238,0.00129489540889,15.4934205396,1,2.19696234738,0
candidate_0383,5.7548619775,0.507477741193,0.0391717611961,0.046082372886,6.10950606211,1.06338662282,5.33911984351,0.117909603749,0,0.718044358867,0.340841231427,0.000251413617758,0.0210750940575,12.4982953358,1,False,1.64809628396,0.0020948755619,0.027794303238,0.00129489540889,15.4934205396,1,2.19696234738,0
candidate_0384,2.25498267071,0.329145863688,0.0304958818367,0.0387630626842,3.77233155333,0.730687730317,4.15557059789,0.314836748451,0,0.718044358867,0.325683357268,0.000251413617758,0.0210750940575,12.4982953358,1,False,1.63262289114,0.00209453921138,0.027794303238,0.00129314547734,15.4934205396,0.98522025381,2.19696234738,0.0405815158996
candidate_0386,5.21237095991,1.03570182191,0.0362423887847,0.0451952186113,2.49509759714,0.482317371529,3.31136867377,0.171141252815,0,0.718044358867,0.293739698988,0.000251413617758,0.0210750940575,12.4982953358,1,False,1.87800478905,0.0020948755619,0.027794303238,0.00129489540889,15.4934205396,1,2.19696234738,0
candidate_0388,1.94507898939,0.501982921749,0.0453896687748,0.0384826863869,3.20924819887,0.463401396161,6.28012415403,0.250777780521,0,0.718044358867,0.348571768993,0.000251413617758,0.0210750940575,12.4982953358,1,False,2.14198504494,0.0020948755619,0.027794303238,0.00129489540889,15.4934205396,1,2.19696234738,0
candidate_0389,3.56379358926,0.342895375248,0.0511038781784,0.0154453650966,4.95084837365,0.492364103063,7.17972062314,0.249790777127,0,0.718044358867,0.391050622805,0.000251413617758,0.0210750940575,12.4982953358,1,False,2.32823228204,0.0020948755619,0.027794303238,0.00129489540889,15.4934205396,1,2.19696234738,0
candidate_0390,6.77876304853,0.452475957422,0.0354356257329,0.0235937279346,5.74706015284,0.592812381614,7.29811839402,0.137967336776,0,0.718044358867,0.301673181271,0.000251413617758,0.0210750940575,12.4982953358,1,False,1.67521198863,0.0020948755619,0.027794303238,0.00129489540889,15.4934205396,1,2.19696234738,0
candidate_0391,6.7737777081,0.769061283184,0.0414494534765,0.0395830183982,2.13394879823,0.764418976861,4.04548818604,0.178860880265,0,0.718044358867,0.286905066712,0.000251413617758,0.0210750940575,12.4982953358,1,False,1.87792958211,0.0020948755619,0.027794303238,0.00129489540889,15.4934205396,1,2.19696234738,0
candidate_0392,6.28389936711,1.08157601458,0.0272711807626,0.0192137584758,3.50719015831,0.392857499653,7.67090157204,0.161503681362,0,0.718044358867,0.280807261017,0.000251413617758,0.0210750940575,12.4982953358,1,False,1.09610756671,0.00208779436738,0.027794303238,0.00127797738524,15.4934205396,0.964450340592,2.19696234738,0.149506312805
candidate_0393,4.44444477614,0.904877745665,0.0272487139872,0.0463716327559,3.08068253889,0.454991980816,7.49020460511,0.202206370675,0,0.718044358867,0.241342276602,0.000251413617758,0.0210750940575,12.4982953358,1,False,1.12978513759,0.00208379287369,0.027794303238,0.0012766465224,15.4934205396,0.930599912424,2.19696234738,0.321778442216
candidate_0394,3.43539867148,0.321767413634,0.0316369169586,0.0155672762308,4.76507412396,0.821891629319,2.53517393284,0.113327773787,0,0.718044358867,0.378791447168,0.000251413617758,0.0210750940575,12.4982953358,1,False,2.0821818919,0.0020948755619,0.027794303238,0.00129489540889,15.4934205396,1,2.19696234738,0
candidate_0395,1.90139795563,0.647837738208,0.0330058654274,0.0244097636123,5.41459796608,0.375737648244,5.90209221444,0.214008901083,0,0.718044358867,0.288913722289,0.000251413617758,0.0210750940575,12.4982953358,1,False,1.80809016662,0.0020948755619,0.027794303238,0.00129489540889,15.4934205396,1,2.19696234738,0
candidate_0396,1.90195996955,0.83951743422,0.0434463883745,0.0299314703603,2.55496325958,0.484338254381,6.93017135648,0.331758976085,0,0.718044358867,0.346627643621,0.000251413617758,0.0210750940575,12.4982953358,1,False,2.05499669323,0.0020948755619,0.027794303238,0.00129489540889,15.4934205396,1,2.19696234738,0
candidate_0397,5.82726324464,0.495052212485,0.02492269509,0.0324961418106,4.98280865831,1.02268288685,3.96739232836,0.231100241732,0,0.718044358867,0.227746446772,0.000251413617758,0.0210750940575,12.4982953358,1,False,0.715328825498,0.00201647933442,0.0356227906007,0.00137814144994,17.1421926852,0.77044028408,2.29331204171,0.890759978185
candidate_0398,6.47369366618,1.08654540568,0.0591310178114,0.0177663819139,2.50421282154,0.565003700482,4.74631100866,0.372328146713,0,0.718044358867,0.421700130224,0.000251413617758,0.0210750940575,12.4982953358,1,False,2.42242330931,0.0020948755619,0.027794303238,0.00129489540889,15.4934205396,1,2.19696234738,0
candidate_0399,4.47062195101,0.395536058351,0.0300784002216,0.0366025197467,1.55364291609,0.365956573585,7.41878628936,0.20324756402,0,0.718044358867,0.347429786671,0.000251413617758,0.0210750940575,12.4982953358,1,False,1.80956834931,0.00209449989784,0.027794303238,0.00129297452465,15.4934205396,0.985603143771,2.19696234738,0.0380000709937
candidate_0400,2.68326295073,0.707562064932,0.0488175179641,0.0405896302848,3.75059291077,0.272501905436,3.10342137986,0.187643773389,0,0.718044358867,0.369083135364,0.000251413617758,0.0210750940575,12.4982953358,1,False,2.26936558035,0.0020948755619,0.027794303238,0.00129489540889,15.4934205396,1,2.19696234738,0
candidate_0401,3.2578718996,0.882673909428,0.0531214350245,0.0386786456066,3.69032587584,0.929200677002,5.41523060523,0.253489005341,0,0.718044358867,0.315685718509,0.000251413617758,0.0210750940575,12.4982953358,1,False,2.26377225274,0.0020948755619,0.027794303238,0.00129489540889,15.4934205396,1,2.19696234738,0
candidate_0402,5.79472662215,1.05814812267,0.0311699863792,0.0515912933061,2.53525536148,0.953506707984,7.43486009644,0.121816860272,0,0.718044358867,0.339295201688,0.000251413617758,0.0210750940575,12.4982953358,1,False,2.3924611116,0.0020948755619,0.027794303238,0.00129489540889,15.4934205396,1,2.19696234738,0
candidate_0403,5.46168590445,0.613332775069,0.0278072005282,0.0310560583915,4.62542700049,0.443846005794,4.46712541189,0.287700378735,0,0.718044358867,0.166060581171,0.000251413617758,0.0210750940575,12.4982953358,1,False,1.341265556,0.0020910344532,0.027794303238,0.00128463306559,15.4934205396,0.951576029171,2.19696234738,0.152208263652
candidate_0404,3.02980502696,0.488155945355,0.0564972928769,0.0354516076387,3.35976822191,0.991927931091,7.09999464956,0.375533847797,0,0.718044358867,0.425203257554,0.000251413617758,0.0210750940575,12.4982953358,1,False,2.37255083559,0.0020948755619,0.027794303238,0.00129489540889,15.4934205396,1,2.19696234738,0
candidate_0405,2.43239047061,0.660022684738,0.0356574184909,0.0401704778872,3.61747520449,0.462770743911,3.90624266484,0.299277609725,0,0.718044358867,0.279715802182,0.000251413617758,0.0210750940575,12.4982953358,1,False,1.78975730154,0.0020948755619,0.027794303238,0.00129489540889,15.4934205396,1,2.19696234738,0
candidate_0406,4.20448810455,0.370793350275,0.0268971457703,0.0337003020838,2.71715182015,1.04622270713,3.04255461449,0.339167067281,0,0.718044358867,0.34314402062,0.000251413617758,0.0210750940575,12.4982953358,1,False,1.40312625733,0.00208946085499,0.027794303238,0.00128209570505,15.4934205396,0.933860639308,2.19696234738,0.187982695112
candidate_0407,1.52300433356,0.608723818195,0.0339976609357,0.0305905226938,1.61689583995,0.777105394999,2.50730223498,0.0822726202285,0,0.718044358867,0.422609062054,0.000251413617758,0.0210750940575,12.4982953358,1,False,2.24321767225,0.0020948755619,0.027794303238,0.00129489540889,15.4934205396,1,2.19696234738,0
candidate_0408,5.56426120556,0.525030614987,0.0586440175082,0.0335118913908,4.97563056274,1.09824239029,5.53236027514,0.275868380421,0,0.718044358867,0.377386271955,0.000251413617758,0.0210750940575,12.4982953358,1,False,2.42242330931,0.0020948755619,0.027794303238,0.00129489540889,15.4934205396,1,2.19696234738,0
candidate_0409,1.77754381942,0.78154132144,0.0589404967797,0.0345798461629,1.6376487336,0.793951940543,4.93256082622,0.125833460177,0,0.718044358867,0.448205869513,0.000251413617758,0.0210750940575,12.4982953358,1,False,2.42242330931,0.0020948755619,0.027794303238,0.00129489540889,15.4934205396,1,2.19696234738,0
candidate_0410,2.67748770675,0.515963424672,0.0512262350596,0.0393099324036,1.5153999807,0.473265625701,3.23205085443,0.229526439708,0,0.718044358867,0.417258164302,0.000251413617758,0.0210750940575,12.4982953358,1,False,2.32937739857,0.0020948755619,0.027794303238,0.00129489540889,15.4934205396,1,2.19696234738,0
candidate_0411,3.09382324312,0.305859544302,0.0463243429344,0.0239116765103,1.74666476162,0.876219552517,7.28847509018,0.153113499403,0,0.718044358867,0.42737355413,0.000251413617758,0.0210750940575,12.4982953358,1,False,2.29473525111,0.0020948755619,0.027794303238,0.00129489540889,15.4934205396,1,2.19696234738,0
candidate_0412,1.99512220281,0.739841774723,0.0304328402391,0.0432845378829,4.19991439162,0.289746351813,3.88114926538,0.160362524478,0,0.718044358867,0.3163595434,0.000251413617758,0.0210750940575,12.4982953358,1,False,1.9260547163,0.00209457929153,0.027794303238,0.00129332700772,15.4934205396,0.990576075399,2.19696234738,0.0455738768079
candidate_0413,3.77225448863,1.06624503059,0.0536075765422,0.0126828994659,2.71589941357,0.579435988154,4.65147751865,0.0852189292773,0,0.718044358867,0.412761827652,0.000251413617758,0.0210750940575,12.4982953358,1,False,2.39983414094,0.0020948755619,0.027794303238,0.00129489540889,15.4934205396,1,2.19696234738,0
candidate_0416,2.93672045215,0.883970398913,0.0567275512115,0.0312405678508,6.33365691804,0.998252702263,5.36912808394,0.157278612817,0,0.718044358867,0.383157964438,0.000251413617758,0.0210750940575,12.4982953358,1,False,2.38271396339,0.0020948755619,0.027794303238,0.00129489540889,15.4934205396,1,2.19696234738,0
candidate_0417,2.49515926523,0.44224295928,0.0442969784266,0.0147851709743,2.34136823074,0.304671955457,5.67525315304,0.370405305424,0,0.718044358867,0.431006964795,0.000251413617758,0.0210750940575,12.4982953358,1,False,2.18024262759,0.0020948755619,0.027794303238,0.00129489540889,15.4934205396,1,2.19696234738,0
candidate_0418,5.94153120785,0.864057131119,0.0313225096534,0.0274617686461,5.48429241117,0.911459935456,2.76197798879,0.211173620427,0,0.718044358867,0.224531248548,0.000251413617758,0.0210750940575,12.4982953358,1,False,1.32432258526,0.0020948755619,0.027794303238,0.00129489540889,15.4934205396,1,2.19696234738,0
candidate_0419,2.68232645408,0.680806792717,0.0451983143207,0.0150190841778,3.26183576928,0.878421015496,2.75884383967,0.168303095713,0,0.718044358867,0.366528857869,0.000251413617758,0.0210750940575,12.4982953358,1,False,2.26521776447,0.0020948755619,0.027794303238,0.00129489540889,15.4934205396,1,2.19696234738,0
candidate_0420,5.84189788536,0.758247941989,0.0395443859656,0.0261931730616,3.11943494838,0.481827044969,7.24924193785,0.352988489119,0,0.718044358867,0.270365780767,0.000251413617758,0.0210750940575,12.4982953358,1,False,1.65923337303,0.0020948755619,0.027794303238,0.00129489540889,15.4934205396,1,2.19696234738,0
candidate_0421,1.43651938851,1.00441189463,0.037615807236,0.042386731763,6.05327143288,0.52597939991,5.9897458415,0.336265749468,0,0.718044358867,0.342979992435,0.000251413617758,0.0210750940575,12.4982953358,1,False,1.60004050562,0.0020948755619,0.027794303238,0.00129489540889,15.4934205396,1,2.19696234738,0
candidate_0423,1.30558277142,0.46035986794,0.041820040466,0.0246339632595,2.22628454037,0.721688357004,4.85016634908,0.198450673473,0,0.718044358867,0.381360978773,0.000251413617758,0.0210750940575,12.4982953358,1,False,2.20975319971,0.0020948755619,0.027794303238,0.00129489540889,15.4934205396,1,2.19696234738,0
candidate_0424,2.0726269609,1.05199888947,0.0379237744697,0.0147873253138,3.00382846412,0.791722051916,4.34319976948,0.226112326352,0,0.718044358867,0.327533564949,0.000251413617758,0.0210750940575,12.4982953358,1,False,1.99741074088,0.0020948755619,0.027794303238,0.00129489540889,15.4934205396,1,2.19696234738,0
candidate_0425,3.05415172813,0.475623947825,0.0446167996933,0.0514454951417,1.86017872094,0.913420758514,5.17337171387,0.359984978319,0,0.718044358867,0.413370338501,0.000251413617758,0.0210750940575,12.4982953358,1,False,1.94168966422,0.0020948755619,0.027794303238,0.00129489540889,15.4934205396,1,2.19696234738,0
candidate_0428,4.84278202457,0.930425250784,0.0567040201479,0.0508345668979,2.77467700587,0.286869501544,5.945451997,0.336710009357,0,0.718044358867,0.410536081659,0.000251413617758,0.0210750940575,12.4982953358,1,False,2.36422633453,0.0020948755619,0.027794303238,0.00129489540889,15.4934205396,1,2.19696234738,0
candidate_0429,5.08774483528,0.82267149446,0.0431926158904,0.0398408378655,4.48057595634,1.03711515994,5.73410982387,0.0855204769171,0,0.718044358867,0.303727764915,0.000251413617758,0.0210750940575,12.4982953358,1,False,1.68530718251,0.0020948755619,0.027794303238,0.00129489540889,15.4934205396,1,2.19696234738,0
candidate_0430,5.67424183719,0.897096892791,0.0421528299897,0.0415023393418,2.52327556759,0.439381941497,8.49681067449,0.264807676022,0,0.718044358867,0.318870258454,0.000251413617758,0.0210750940575,12.4982953358,1,False,1.78737981903,0.0020948755619,0.027794303238,0.00129489540889,15.4934205396,1,2.19696234738,0
candidate_0431,6.91294508165,0.854093433073,0.0327503329859,0.0387554416117,3.52086045662,0.79238341567,3.45980305482,0.147315410144,0,0.718044358867,0.236593213804,0.000251413617758,0.0210750940575,12.4982953358,1,False,1.47563714862,0.0020948755619,0.027794303238,0.00129489540889,15.4934205396,1,2.19696234738,0
candidate_0432,6.56438718889,0.938911932599,0.0553368000712,0.0500627309428,5.24064761682,1.056602695,7.38388850684,0.121988612994,0,0.718044358867,0.414520067946,0.000251413617758,0.0210750940575,12.4982953358,1,False,1.70805051775,0.0020948755619,0.027794303238,0.00129489540889,15.4934205396,1,2.19696234738,0
candidate_0434,1.36252864624,0.472300317904,0.0288372013927,0.0167387220777,6.26277567006,1.0407082428,4.02767028677,0.279208013851,0,0.718044358867,0.386202225255,0.000251413617758,0.0210750940575,12.4982953358,1,False,1.57518665513,0.00209435547169,0.027794303238,0.00129288679632,15.4934205396,0.982960939062,2.19696234738,0.0495455800654
candidate_0435,2.85805876969,0.383338261532,0.0294370622314,0.0320990387458,4.70303095992,0.812878045677,6.34953841263,0.209171580451,0,0.718044358867,0.26580200717,0.000251413617758,0.0210750940575,12.4982953358,1,False,1.59768710369,0.00209388560932,0.027794303238,0.0012917537137,15.4934205396,0.98198616534,2.19696234738,0.0706818284256
candidate_0437,6.09687420746,0.539034750122,0.0506637732748,0.0246430031449,3.77119538992,0.859477868119,3.91247453964,0.0844955709528,0,0.718044358867,0.359239953874,0.000251413617758,0.0210750940575,12.4982953358,1,False,2.34328294671,0.0020948755619,0.027794303238,0.00129489540889,15.4934205396,1,2.19696234738,0
candidate_0439,6.46697634079,0.853282570957,0.029748938617,0.0364049338543,3.06630236689,0.934971442546,4.10653553437,0.173863336444,0,0.718044358867,0.215080119617,0.000251413617758,0.0210750940575,12.4982953358,1,False,0.85254196576,0.00191874357415,0.0436266250685,0.00141581958997,15.4934205396,0.793770193004,2.19696234738,0.905078913207
candidate_0440,5.71059218201,0.362924714818,0.0578151517966,0.0312438405325,5.76825661133,0.802176595519,7.93066085278,0.37593768637,0,0.718044358867,0.433461897556,0.000251413617758,0.0210750940575,12.4982953358,1,False,2.38096922019,0.0020948755619,0.027794303238,0.00129489540889,15.4934205396,1,2.19696234738,0
candidate_0441,3.10883533914,0.455904675947,0.0563694968893,0.0261772974551,2.59721518265,0.76509494564,8.18897454885,0.159945874185,0,0.718044358867,0.425913056839,0.000251413617758,0.0210750940575,12.4982953358,1,False,2.40437873386,0.0020948755619,0.027794303238,0.00129489540889,15.4934205396,1,2.19696234738,0
candidate_0442,2.7291003612,0.384848609131,0.0359950524493,0.0415052583265,1.52561199816,0.312459627475,3.79232333705,0.27208239265,0,0.718044358867,0.400074463298,0.000251413617758,0.0210750940575,12.4982953358,1,False,1.99109549247,0.0020948755619,0.027794303238,0.00129489540889,15.4934205396,1,2.19696234738,0
candidate_0444,5.9504590013,0.753716187981,0.041167035222,0.0362395707808,5.86750702068,0.799970622451,3.10376154127,0.0931134459811,0,0.718044358867,0.301336145883,0.000251413617758,0.0210750940575,12.4982953358,1,False,1.88680297228,0.0020948755619,0.027794303238,0.00129489540889,15.4934205396,1,2.19696234738,0
candidate_0445,1.75901434913,0.939953385171,0.0525083614305,0.0149692698419,2.67691973122,0.824753814556,5.02945909701,0.180894607204,0,0.718044358867,0.400868921699,0.000251413617758,0.0210750940575,12.4982953358,1,False,2.37656073958,0.0020948755619,0.027794303238,0.00129489540889,15.4934205396,1,2.19696234738,0
candidate_0446,5.95002543616,0.6056873755,0.0317767482409,0.0456475107687,2.93021489504,0.702883819978,5.7388904631,0.117614620411,0,0.718044358867,0.258453522322,0.000251413617758,0.0210750940575,12.4982953358,1,False,1.6700413375,0.0020948755619,0.027794303238,0.00129489540889,15.4934205396,1,2.19696234738,0
candidate_0448,5.034049075,0.885498667281,0.0484480841782,0.0485688514498,6.00145922249,0.951743923777,3.80779627428,0.228494757191,0,0.718044358867,0.322597798814,0.000251413617758,0.0210750940575,12.4982953358,1,False,1.6035895667,0.0020948755619,0.027794303238,0.00129489540889,15.4934205396,1,2.19696234738,0
candidate_0449,6.38763791601,1.01854428602,0.0405148405449,0.026367910911,2.42011826992,0.885879927582,7.17578018036,0.313061506786,0,0.718044358867,0.295835442731,0.000251413617758,0.0210750940575,12.4982953358,1,False,2.0120578009,0.0020948755619,0.027794303238,0.00129489540889,15.4934205396,1,2.19696234738,0
candidate_0450,4.19790516617,0.765650569779,0.0474981004085,0.0342042932776,3.00991008951,0.36484347511,7.70359625755,0.123169571655,0,0.718044358867,0.340329084538,0.000251413617758,0.0210750940575,12.4982953358,1,False,2.26699524312,0.0020948755619,0.027794303238,0.00129489540889,15.4934205396,1,2.19696234738,0
candidate_0451,2.65950675599,0.746008910333,0.0393990232067,0.0154535526753,3.27498315942,0.888312788746,5.34522466567,0.253613879566,0,0.718044358867,0.290561252176,0.000251413617758,0.0210750940575,12.4982953358,1,False,1.96723261655,0.0020948755619,0.027794303238,0.00129489540889,15.4934205396,1,2.19696234738,0
candidate_0452,2.90619371709,0.698318425353,0.0566221595456,0.0181940061113,4.11232253317,0.400507610554,7.65329959775,0.0842465954684,0,0.718044358867,0.430750024575,0.000251413617758,0.0210750940575,12.4982953358,1,False,2.4135626687,0.0020948755619,0.027794303238,0.00129489540889,15.4934205396,1,2.19696234738,0
candidate_0454,1.65098516624,0.800948595289,0.0582617182904,0.0270635463987,3.56018554617,0.329015911826,6.37707315553,0.104513277151,0,0.718044358867,0.441156781315,0.000251413617758,0.0210750940575,12.4982953358,1,False,2.41322045748,0.0020948755619,0.027794303238,0.00129489540889,15.4934205396,1,2.19696234738,0
candidate_0455,3.10439306412,0.378673420201,0.0493987706595,0.035808502176,2.74266522942,0.534951219529,4.59902059055,0.225001159733,0,0.718044358867,0.36022638703,0.000251413617758,0.0210750940575,12.4982953358,1,False,2.29151953389,0.0020948755619,0.027794303238,0.00129489540889,15.4934205396,1,2.19696234738,0
candidate_0456,2.12264243443,1.08555138189,0.0502832106111,0.0441582513368,1.59727109918,1.07607947153,5.39457487356,0.339139872768,0,0.718044358867,0.447263049353,0.000251413617758,0.0210750940575,12.4982953358,1,False,2.14888928485,0.0020948755619,0.027794303238,0.00129489540889,15.4934205396,1,2.19696234738,0
candidate_0457,3.48162628809,0.704045165536,0.0265625012179,0.0441717066362,5.08052398119,1.03234439806,6.73991130695,0.124983957539,0,0.718044358867,0.274461862128,0.000251413617758,0.0210750940575,12.4982953358,1,False,0.929179336435,0.00204498250437,0.0299274415305,0.00129085021754,15.4934205396,0.881232174235,2.19696234738,0.757916692736
candidate_0459,3.47945154432,0.748258133544,0.0323567953736,0.0500629483247,3.94109603157,0.925804431135,5.60320932091,0.143361157928,0,0.718044358867,0.267097903647,0.000251413617758,0.0210750940575,12.4982953358,1,False,1.58087289206,0.0020948755619,0.027794303238,0.00129489540889,15.4934205396,1,2.19696234738,0
candidate_0460,2.28931233734,1.03855948775,0.0311686119664,0.0245382960907,5.39160316439,0.88479676155,7.53369786321,0.289250836252,0,0.718044358867,0.288719027846,0.000251413617758,0.0210750940575,12.4982953358,1,False,1.14079726187,0.0020948755619,0.027794303238,0.00129489540889,15.4934205396,1,2.19696234738,0
candidate_0461,6.73080620619,0.341438414232,0.0360691349096,0.0385442780036,6.25128344879,0.255590196055,3.57614653092,0.202094195529,0,0.718044358867,0.363039852362,0.000251413617758,0.0210750940575,12.4982953358,1,False,1.90109749823,0.0020948755619,0.027794303238,0.00129489540889,15.4934205396,1,2.19696234738,0
candidate_0463,5.80565414822,0.944723984954,0.0360606463711,0.0478391748275,1.88272396522,0.606611501316,6.31957674496,0.358353265406,0,0.718044358867,0.310271054724,0.000251413617758,0.0210750940575,12.4982953358,1,False,1.33760718582,0.0020948755619,0.027794303238,0.00129489540889,15.4934205396,1,2.19696234738,0
candidate_0464,6.03317774,0.389938623628,0.0300560854168,0.038327858557,3.02702691207,1.04466021509,4.99361278279,0.271585316037,0,0.718044358867,0.288151980266,0.000251413617758,0.0210750940575,12.4982953358,1,False,1.30956014317,0.00208869081916,0.027794303238,0.00128480277269,15.4934205396,0.959288987651,2.19696234738,0.149058046989
candidate_0466,1.46172851325,0.97930489926,0.0323519789621,0.0248024374227,6.33269241525,0.648979280584,2.608755313,0.229945691376,0,0.718044358867,0.339474014893,0.000251413617758,0.0210750940575,12.4982953358,1,False,1.78335632641,0.0020948755619,0.027794303238,0.00129489540889,15.4934205396,1,2.19696234738,0
candidate_0467,2.09335699986,0.321548226433,0.0538953555631,0.018651963921,2.27262403514,0.36702686045,8.18030355002,0.260848450955,0,0.718044358867,0.488509571783,0.000251413617758,0.0210750940575,12.4982953358,1,False,2.37817210271,0.0020948755619,0.027794303238,0.00129489540889,15.4934205396,1,2.19696234738,0
candidate_0468,1.84756594112,0.512824786195,0.0321289787983,0.0199982602909,2.29811713287,0.490676908243,4.24095304566,0.11976099616,0,0.718044358867,0.36892488496,0.000251413617758,0.0210750940575,12.4982953358,1,False,2.1353894299,0.0020948755619,0.027794303238,0.00129489540889,15.4934205396,1,2.19696234738,0
candidate_0469,6.73209175664,0.367377217614,0.0481088966178,0.0319287256438,1.95505048849,0.922316032478,2.81512043181,0.100304265399,0,0.718044358867,0.435132287209,0.000251413617758,0.0210750940575,12.4982953358,1,False,2.31305388404,0.0020948755619,0.027794303238,0.00129489540889,15.4934205396,1,2.19696234738,0
candidate_0470,2.82532426365,0.721470618413,0.0491424938794,0.0433954440035,3.36003835741,0.36672923409,3.16291038927,0.192759133246,0,0.718044358867,0.358923464428,0.000251413617758,0.0210750940575,12.4982953358,1,False,2.28701328992,0.0020948755619,0.027794303238,0.00129489540889,15.4934205396,1,2.19696234738,0
candidate_0471,3.10153561287,0.785361611557,0.0520096284798,0.036537904297,5.38101064295,0.856823368008,7.63798336108,0.17070438075,0,0.718044358867,0.337967679354,0.000251413617758,0.0210750940575,12.4982953358,1,False,2.2714445018,0.0020948755619,0.027794303238,0.00129489540889,15.4934205396,1,2.19696234738,0
candidate_0472,5.86056037894,0.661918098931,0.0446652834401,0.0367363149996,5.53093060314,0.42064557027,6.87749090248,0.0920068476354,0,0.718044358867,0.315313955413,0.000251413617758,0.0210750940575,12.4982953358,1,False,2.14647603725,0.0020948755619,0.027794303238,0.00129489540889,15.4934205396,1,2.19696234738,0
candidate_0473,4.65450099403,0.723557543693,0.0536107291209,0.0453631363301,6.20274521805,0.764021877177,7.07884591046,0.350507160163,0,0.718044358867,0.357828881656,0.000251413617758,0.0210750940575,12.4982953358,1,False,2.11715166155,0.0020948755619,0.027794303238,0.00129489540889,15.4934205396,1,2.19696234738,0
candidate_0475,5.9963482613,0.700095533638,0.0367071127464,0.0423003450757,5.18898380992,0.669549124869,5.71822187034,0.086233995869,0,0.718044358867,0.255046908348,0.000251413617758,0.0210750940575,12.4982953358,1,False,1.71106932467,0.0020948755619,0.027794303238,0.00129489540889,15.4934205396,1,2.19696234738,0
candidate_0476,6.12270925158,0.837827639884,0.0555834880212,0.0276650950521,2.48971334126,0.469102640209,7.04727688197,0.360746241947,0,0.718044358867,0.373631898173,0.000251413617758,0.0210750940575,12.4982953358,1,False,2.34899677503,0.0020948755619,0.027794303238,0.00129489540889,15.4934205396,1,2.19696234738,0
candidate_0477,2.90243630032,0.641369126217,0.032912545719,0.0420554968716,2.78423223005,1.0437939311,3.05444510552,0.226223942338,0,0.718044358867,0.317153725717,0.000251413617758,0.0210750940575,12.4982953358,1,False,1.79089643578,0.0020948755619,0.027794303238,0.00129489540889,15.4934205396,1,2.19696234738,0
candidate_0478,3.40901101644,0.851860127124,0.0438096601109,0.0370934042423,4.44015111751,0.9744746686,6.22299272977,0.279796018446,0,0.718044358867,0.260250616858,0.000251413617758,0.0210750940575,12.4982953358,1,False,1.635732677,0.0020948755619,0.027794303238,0.00129489540889,15.4934205396,1,2.19696234738,0
candidate_0479,4.53768308356,0.903323904175,0.0579291614425,0.0353521919266,6.22687340617,0.683465471661,6.46397225999,0.240314553146,0,0.718044358867,0.332893163135,0.000251413617758,0.0210750940575,12.4982953358,1,False,2.39104527379,0.0020948755619,0.027794303238,0.00129489540889,15.4934205396,1,2.19696234738,0
candidate_0481,6.36420392589,0.842421485773,0.0564567665897,0.0515269131992,1.82853322472,0.713308268175,3.61883819264,0.194226728042,0,0.718044358867,0.407522498103,0.000251413617758,0.0210750940575,12.4982953358,1,False,2.29512465605,0.0020948755619,0.027794303238,0.00129489540889,15.4934205396,1,2.19696234738,0
candidate_0482,5.35135536307,0.458178665836,0.0467645539112,0.0319187467561,1.78184551679,0.335116755353,3.33065954576,0.166363376044,0,0.718044358867,0.38527631331,0.000251413617758,0.0210750940575,12.4982953358,1,False,2.29221948433,0.0020948755619,0.027794303238,0.00129489540889,15.4934205396,1,2.19696234738,0
candidate_0483,6.37967579363,0.784364600113,0.0431577782979,0.0268421334415,5.63629695354,0.87277720211,5.34899185471,0.212027898312,0,0.718044358867,0.231001214764,0.000251413617758,0.0210750940575,12.4982953358,1,False,1.41300817976,0.0020948755619,0.027794303238,0.00129489540889,15.4934205396,1,2.19696234738,0
candidate_0484,5.32884552914,0.396043336046,0.0453667332321,0.0131318091947,3.55523621528,0.928208170377,7.55403845228,0.168553307584,0,0.718044358867,0.373684040099,0.000251413617758,0.0210750940575,12.4982953358,1,False,2.20152414292,0.0020948755619,0.027794303238,0.00129489540889,15.4934205396,1,2.19696234738,0
candidate_0485,6.45979381452,0.940336551134,0.0519517114575,0.0390169612423,3.78777309572,0.328327658822,6.47353270283,0.147086396232,0,0.718044358867,0.338468419355,0.000251413617758,0.0210750940575,12.4982953358,1,False,2.31379592384,0.0020948755619,0.027794303238,0.00129489540889,15.4934205396,1,2.19696234738,0
candidate_0486,2.89570406843,0.50026014951,0.0404717678484,0.0508225888463,5.41492102605,0.545967923728,6.83383221381,0.101612404045,0,0.718044358867,0.365493962161,0.000251413617758,0.0210750940575,12.4982953358,1,False,2.10364800047,0.0020948755619,0.027794303238,0.00129489540889,15.4934205396,1,2.19696234738,0
candidate_0487,2.91345319482,0.957379571552,0.0295212296057,0.0123966109741,6.46627448905,0.578438605883,3.84006510973,0.359489575556,0,0.718044358867,0.328492831581,0.000251413617758,0.0210750940575,12.4982953358,1,False,1.29075951655,0.00209401766567,0.027794303238,0.00129184061388,15.4934205396,0.986563525659,2.19696234738,0.034109315748
candidate_0488,6.44925920316,0.368713924276,0.0331192386813,0.0441996848212,1.60818774918,0.779732906395,7.89400451017,0.266896383809,0,0.718044358867,0.364730285863,0.000251413617758,0.0210750940575,12.4982953358,1,False,1.56207721366,0.0020948755619,0.027794303238,0.00129489540889,15.4934205396,1,2.19696234738,0
candidate_0489,2.92965261174,0.43978444172,0.0352716625289,0.0125405753716,4.20168702522,0.415833269494,8.39920000493,0.244596137158,0,0.718044358867,0.366853542621,0.000251413617758,0.0210750940575,12.4982953358,1,False,1.83675628968,0.0020948755619,0.027794303238,0.00129489540889,15.4934205396,1,2.19696234738,0
candidate_0491,5.41875277264,0.313102552104,0.0363610239268,0.0248617894988,1.76147798242,0.879973754324,3.44169386241,0.118326415541,0,0.718044358867,0.384549428306,0.000251413617758,0.0210750940575,12.4982953358,1,False,2.17318435707,0.0020948755619,0.027794303238,0.00129489540889,15.4934205396,1,2.19696234738,0
candidate_0492,6.6995752778,0.718326303146,0.0326601786428,0.0405015031103,2.62870250626,0.643615717187,7.05478777811,0.121805747724,0,0.718044358867,0.267850823715,0.000251413617758,0.0210750940575,12.4982953358,1,False,1.47296244671,0.0020948755619,0.027794303238,0.00129489540889,15.4934205396,1,2.19696234738,0
candidate_0493,6.96872723737,0.542896206753,0.0307977375179,0.0517097632101,4.25834363551,0.969129511639,6.98197599961,0.311852842085,0,0.718044358867,0.306914175767,0.000251413617758,0.0210750940575,12.4982953358,1,False,1.22584458151,0.0019748389883,0.0386634312112,0.00136373187623,17.166199799,0.676907306564,2.19696234738,0.896091828476
candidate_0494,2.89339838488,0.491474758463,0.0476729138765,0.0167152641626,2.38976751245,1.05664042969,6.43435165922,0.182311360561,0,0.718044358867,0.401100553992,0.000251413617758,0.0210750940575,12.4982953358,1,False,2.29799262244,0.0020948755619,0.027794303238,0.00129489540889,15.4934205396,1,2.19696234738,0
candidate_0495,2.05012460012,1.00827810869,0.0453402939009,0.0240660132382,3.79108665385,0.403623888157,3.67959785326,0.206133825948,0,0.718044358867,0.340387581056,0.000251413617758,0.0210750940575,12.4982953358,1,False,2.21613027617,0.0020948755619,0.027794303238,0.00129489540889,15.4934205396,1,2.19696234738,0
candidate_0496,6.38196921891,0.92227634946,0.0354117328157,0.039679930693,4.06309410542,0.286776181172,7.1421854527,0.144207657942,0,0.718044358867,0.276452392007,0.000251413617758,0.0210750940575,12.4982953358,1,False,1.75522921052,0.0020948755619,0.027794303238,0.00129489540889,15.4934205396,1,2.19696234738,0
candidate_0497,5.37176377988,0.558702534501,0.0572723089839,0.0343053975824,4.8187947993,0.42060842106,6.03594868066,0.332096556072,0,0.718044358867,0.352343338022,0.000251413617758,0.0210750940575,12.4982953358,1,False,2.38077561575,0.0020948755619,0.027794303238,0.00129489540889,15.4934205396,1,2.19696234738,0
candidate_0499,5.16352167062,0.611699608224,0.0591695073649,0.0375709829966,1.92269723449,0.389261633492,2.72988676691,0.215300335311,0,0.718044358867,0.422386883033,0.000251413617758,0.0210750940575,12.4982953358,1,False,2.42242330931,0.0020948755619,0.027794303238,0.00129489540889,15.4934205396,1,2.19696234738,0
candidate_0500,4.2211766649,0.79607745213,0.0421821255234,0.0464021594564,1.79844171189,1.07274065186,5.23559357512,0.223163794824,0,0.718044358867,0.335615979767,0.000251413617758,0.0210750940575,12.4982953358,1,False,1.80967248332,0.0020948755619,0.027794303238,0.00129489540889,15.4934205396,1,2.19696234738,0
candidate_0501,5.56898182324,0.630758632882,0.0430377108959,0.0494236254993,3.26644965679,0.527624014945,3.10041182108,0.251578207751,0,0.718044358867,0.304575030847,0.000251413617758,0.0210750940575,12.4982953358,1,False,1.93838693634,0.0020948755619,0.027794303238,0.00129489540889,15.4934205396,1,2.19696234738,0
candidate_0503,4.73763332273,0.435015564835,0.0381108128229,0.0330301025555,2.89407680892,0.865126431192,3.15471157685,0.318271043619,0,0.718044358867,0.305932420068,0.000251413617758,0.0210750940575,12.4982953358,1,False,1.80476648255,0.0020948755619,0.027794303238,0.00129489540889,15.4934205396,1,2.19696234738,0
candidate_0504,2.39985164902,0.692486192105,0.0503882266273,0.0322889471203,3.2168316735,0.59412472696,6.95724240505,0.364796572539,0,0.718044358867,0.358708386955,0.000251413617758,0.0210750940575,12.4982953358,1,False,2.22572013557,0.0020948755619,0.027794303238,0.00129489540889,15.4934205396,1,2.19696234738,0
candidate_0505,5.70323765704,0.391480518586,0.0431068381515,0.0429833930573,3.14777577826,0.598653682193,2.63214721421,0.307518727358,0,0.718044358867,0.347905131053,0.000251413617758,0.0210750940575,12.4982953358,1,False,1.96561721227,0.0020948755619,0.027794303238,0.00129489540889,15.4934205396,1,2.19696234738,0
candidate_0507,4.94574051942,0.550053897621,0.0387861512047,0.0394166424965,1.69130111866,0.505911312953,8.21059885169,0.294027235043,0,0.718044358867,0.339667712628,0.000251413617758,0.0210750940575,12.4982953358,1,False,1.85540849716,0.0020948755619,0.027794303238,0.00129489540889,15.4934205396,1,2.19696234738,0
candidate_0508,6.80621156344,0.314770184682,0.0502000537102,0.051825504922,5.03871787945,0.995114875761,8.22405447927,0.248756908438,0,0.718044358867,0.438142310148,0.000251413617758,0.0210750940575,12.4982953358,1,False,2.06130024548,0.0020948755619,0.027794303238,0.00129489540889,15.4934205396,1,2.19696234738,0
candidate_0509,3.5494497857,0.789633541778,0.0484869953058,0.0301995436303,2.59061300474,0.806748884944,8.24934307452,0.188656431748,0,0.718044358867,0.335494244244,0.000251413617758,0.0210750940575,12.4982953358,1,False,2.20310182633,0.0020948755619,0.027794303238,0.00129489540889,15.4934205396,1,2.19696234738,0
candidate_0511,2.94062771418,0.865925637741,0.0298660119583,0.0340341816784,4.20750426457,0.272330898967,5.795233963,0.24815164219,0,0.718044358867,0.235087260649,0.000251413617758,0.0210750940575,12.4982953358,1,False,1.63099423209,0.00209446476166,0.027794303238,0.00129282769433,15.4934205396,0.983949570114,2.19696234738,0.0387125901898
candidate_0513,2.07861494874,0.446942635154,0.0587867308373,0.0498707649552,2.8795107923,0.445412739646,7.56477434324,0.239644246689,0,0.718044358867,0.469818856959,0.000251413617758,0.0210750940575,12.4982953358,1,False,2.42242330931,0.0020948755619,0.027794303238,0.00129489540889,15.4934205396,1,2.19696234738,0
candidate_0514,4.33207771614,1.00562971575,0.0267323827866,0.0481699995382,5.72519479372,0.565401308941,5.37991906893,0.25173081399,0,0.718044358867,0.205298283981,0.000251413617758,0.0210750940575,12.4982953358,1,False,0.535223211689,0.00203514162939,0.0317462268634,0.00130227900755,15.4934205396,0.776364060555,2.19696234738,0.841653333999
candidate_0515,2.53005878004,0.403778157172,0.0508405231825,0.0399064096653,3.47106119002,0.773408435241,3.65909781688,0.371524487239,0,0.718044358867,0.406191641335,0.000251413617758,0.0210750940575,12.4982953358,1,False,2.20938249392,0.0020948755619,0.027794303238,0.00129489540889,15.4934205396,1,2.19696234738,0
candidate_0517,6.26319142142,0.88505933519,0.0579554659524,0.0236995025082,3.47055062785,0.544990602847,4.43379667617,0.214245553392,0,0.718044358867,0.333694155244,0.000251413617758,0.0210750940575,12.4982953358,1,False,2.40356190415,0.0020948755619,0.027794303238,0.00129489540889,15.4934205396,1,2.19696234738,0
candidate_0520,5.64956158052,0.827485275693,0.0577921970246,0.0210285027671,3.6790276645,0.627735551427,5.27301958822,0.103403712521,0,0.718044358867,0.356940965264,0.000251413617758,0.0210750940575,12.4982953358,1,False,2.41255144978,0.0020948755619,0.027794303238,0.00129489540889,15.4934205396,1,2.19696234738,0
candidate_0521,1.59037778198,1.09904852555,0.0291495029062,0.0413506899808,4.64706620204,0.818317094637,7.10170945152,0.27882688538,0,0.718044358867,0.303352645023,0.000251413617758,0.0210750940575,12.4982953358,1,False,1.19535125661,0.00209175757217,0.027794303238,0.00128948563974,15.4934205396,0.959694929993,2.19696234738,0.132474736442
candidate_0522,2.80526175528,0.560853935619,0.0248958594956,0.0342429296898,2.90273085338,0.318117362904,3.81889766134,0.243520826041,0,0.718044358867,0.284014300441,0.000251413617758,0.0210750940575,12.4982953358,1,False,1.62050744704,0.00209273939791,0.0281131158468,0.00130056277893,15.4934205396,0.938529073617,2.19696234738,0.237040089383
candidate_0523,4.11012952864,0.793023646865,0.046915470734,0.0387295576968,3.68367965272,0.950036329668,7.16407914472,0.18888625785,0,0.718044358867,0.286348235867,0.000251413617758,0.0210750940575,12.4982953358,1,False,1.92220277275,0.0020948755619,0.027794303238,0.00129489540889,15.4934205396,1,2.19696234738,0
candidate_0524,6.29106301371,0.44419930584,0.0355559940212,0.023287464116,2.52626021482,0.269751190642,4.9488034955,0.266709382689,0,0.718044358867,0.319480627283,0.000251413617758,0.0210750940575,12.4982953358,1,False,1.9458275078,0.0020948755619,0.027794303238,0.00129489540889,15.4934205396,1,2.19696234738,0
candidate_0526,3.63396513031,0.946274768641,0.0401268952513,0.0175002938148,1.6558406088,0.443370163838,6.37339360447,0.193107174461,0,0.718044358867,0.330262528061,0.000251413617758,0.0210750940575,12.4982953358,1,False,2.16248738119,0.0020948755619,0.027794303238,0.00129489540889,15.4934205396,1,2.19696234738,0
candidate_0527,5.3053926029,0.975056488994,0.0311756180661,0.0342751378036,1.57475715978,0.564024335441,4.88970395805,0.271549066216,0,0.718044358867,0.243366370454,0.000251413617758,0.0210750940575,12.4982953358,1,False,1.60612180833,0.0020948755619,0.027794303238,0.00129489540889,15.4934205396,1,2.19696234738,0
candidate_0528,3.22752856078,0.446330151497,0.0540504388055,0.0267763111796,2.24142749373,0.489352089309,3.31889321639,0.195117094452,0,0.718044358867,0.405622386353,0.000251413617758,0.0210750940575,12.4982953358,1,False,2.38167406473,0.0020948755619,0.027794303238,0.00129489540889,15.4934205396,1,2.19696234738,0
candidate_0529,1.59340900698,0.53741522015,0.0271792031981,0.012738046302,2.22303708355,1.07343488368,4.69365367343,0.215752248346,0,0.718044358867,0.390313267686,0.000251413617758,0.0210750940575,12.4982953358,1,False,1.83581971174,0.00209388118932,0.027794303238,0.00129093043949,15.4934205396,0.97759985399,2.19696234738,0.0652928508156
candidate_0530,6.65393750269,0.536096356297,0.05514265196,0.0286463505165,6.48300245864,1.01283143657,6.90048552648,0.360041571954,0,0.718044358867,0.408262934794,0.000251413617758,0.0210750940575,12.4982953358,1,False,2.24152499312,0.0020948755619,0.027794303238,0.00129489540889,15.4934205396,1,2.19696234738,0
candidate_0531,6.61586910031,0.830770115396,0.045851383096,0.0363819671463,3.6790852778,0.988676667366,6.79423402242,0.135427716725,0,0.718044358867,0.301500786949,0.000251413617758,0.0210750940575,12.4982953358,1,False,1.47793783896,0.0020948755619,0.027794303238,0.00129489540889,15.4934205396,1,2.19696234738,0
candidate_0532,4.84977102989,0.991433409812,0.058217317061,0.0124414472215,2.81748338441,0.383507075515,4.44815610702,0.354749552377,0,0.718044358867,0.419913597276,0.000251413617758,0.0210750940575,12.4982953358,1,False,2.40755605497,0.0020948755619,0.027794303238,0.00129489540889,15.4934205396,1,2.19696234738,0
candidate_0533,2.86143775285,0.634791349117,0.032570132803,0.0516838162997,2.97274686984,0.270545461567,2.71124317359,0.276043243509,0,0.718044358867,0.366371410523,0.000251413617758,0.0210750940575,12.4982953358,1,False,1.82672124937,0.0020948755619,0.027794303238,0.00129489540889,15.4934205396,1,2.19696234738,0
candidate_0534,4.82651815416,0.810445063704,0.0512567191304,0.0488609128151,5.19226426089,0.558119576307,8.29007108822,0.310801072032,0,0.718044358867,0.350432779865,0.000251413617758,0.0210750940575,12.4982953358,1,False,2.05078910544,0.0020948755619,0.027794303238,0.00129489540889,15.4934205396,1,2.19696234738,0
candidate_0535,6.84787374775,0.993806255125,0.0455812950891,0.019193877057,4.7899477962,0.919071908784,6.83464710471,0.132847420412,0,0.718044358867,0.318708904466,0.000251413617758,0.0210750940575,12.4982953358,1,False,1.76479588881,0.0020948755619,0.027794303238,0.00129489540889,15.4934205396,1,2.19696234738,0
candidate_0536,6.0754698902,0.401853794531,0.0289747157387,0.0292353868204,2.14413023997,0.938032423825,3.45970054971,0.292235282967,0,0.718044358867,0.312942784543,0.000251413617758,0.0210750940575,12.4982953358,1,False,1.578449901,0.00209024488176,0.027794303238,0.00128402096249,15.4934205396,0.963998042868,2.19696234738,0.120078359469
candidate_0537,3.00981391942,0.466652631404,0.0563972014719,0.0331173948613,1.81619160429,0.970496591521,6.19508203948,0.349465906326,0,0.718044358867,0.439646813168,0.000251413617758,0.0210750940575,12.4982953358,1,False,2.38167194983,0.0020948755619,0.027794303238,0.00129489540889,15.4934205396,1,2.19696234738,0
candidate_0538,5.28628456103,0.550674650674,0.0285266868985,0.0440619387342,5.82153326279,0.701557446823,3.94661942334,0.320779743112,0,0.718044358867,0.233302635682,0.000251413617758,0.0210750940575,12.4982953358,1,False,1.00201668223,0.00208399815018,0.027794303238,0.00127910767402,15.4934205396,0.903825278847,2.19696234738,0.288434435791
candidate_0539,1.58819021434,0.822778545023,0.0533541613467,0.0332788320858,2.1780823849,0.976066800864,3.15724774577,0.201724739714,0,0.718044358867,0.423706655611,0.000251413617758,0.0210750940575,12.4982953358,1,False,2.3507246115,0.0020948755619,0.027794303238,0.00129489540889,15.4934205396,1,2.19696234738,0
candidate_0540,4.99676043821,0.530867860174,0.0557429414632,0.0496365831505,5.17783044771,0.691697245015,7.36256674348,0.12580568305,0,0.718044358867,0.390550342243,0.000251413617758,0.0210750940575,12.4982953358,1,False,2.37083750555,0.0020948755619,0.027794303238,0.00129489540889,15.4934205396,1,2.19696234738,0
candidate_0541,2.33244766523,0.89602773339,0.0590249313711,0.0317683695343,3.36591234708,0.254999537163,6.70015243706,0.21002648745,0,0.718044358867,0.413428546025,0.000251413617758,0.0210750940575,12.4982953358,1,False,2.42242330931,0.0020948755619,0.027794303238,0.00129489540889,15.4934205396,1,2.19696234738,0
candidate_0542,3.04733918629,0.812785242013,0.0284545627351,0.0186545866422,6.35319931184,0.428134266604,2.81897167167,0.130323289318,0,0.718044358867,0.321442531267,0.000251413617758,0.0210750940575,12.4982953358,1,False,1.90214249169,0.00209354294895,0.027794303238,0.00129078761096,15.4934205396,0.988366292639,2.19696234738,0.0786348209691
candidate_0545,2.3114530684,0.437090480354,0.0519227088444,0.0468049351777,4.78330263513,0.423332034635,3.86236864367,0.182594044804,0,0.718044358867,0.405198728634,0.000251413617758,0.0210750940575,12.4982953358,1,False,2.32004276093,0.0020948755619,0.027794303238,0.00129489540889,15.4934205396,1,2.19696234738,0
candidate_0546,3.16462163616,0.650881840633,0.0406289330205,0.0480882810975,2.61318241109,0.802172328769,2.76293095542,0.258477941658,0,0.718044358867,0.334105272099,0.000251413617758,0.0210750940575,12.4982953358,1,False,1.9470384635,0.0020948755619,0.027794303238,0.00129489540889,15.4934205396,1,2.19696234738,0
candidate_0547,5.99713215402,0.341742586902,0.0342096881944,0.0246665649852,3.21128861972,0.410493183876,7.3266855523,0.376088632814,0,0.718044358867,0.3493830915,0.000251413617758,0.0210750940575,12.4982953358,1,False,1.60046374545,0.0020948755619,0.027794303238,0.00129489540889,15.4934205396,1,2.19696234738,0
candidate_0548,2.21284843826,0.884082185978,0.0486325828067,0.0348202971005,3.07651550413,0.960280923205,7.09787728466,0.236559127897,0,0.718044358867,0.344677436725,0.000251413617758,0.0210750940575,12.4982953358,1,False,2.16585707844,0.0020948755619,0.027794303238,0.00129489540889,15.4934205396,1,2.19696234738,0
candidate_0550,1.76165610595,0.448091854008,0.0363493080653,0.0283884666191,3.70823623028,0.341123867453,3.56906148623,0.283591574231,0,0.718044358867,0.354980800648,0.000251413617758,0.0210750940575,12.4982953358,1,False,1.93747255077,0.0020948755619,0.027794303238,0.00129489540889,15.4934205396,1,2.19696234738,0
candidate_0551,3.83905575453,0.656275104136,0.0369395856844,0.0200029266991,5.07584867499,0.558974532652,3.84979879206,0.178270229559,0,0.718044358867,0.240497480696,0.000251413617758,0.0210750940575,12.4982953358,1,False,1.93713026147,0.0020948755619,0.027794303238,0.00129489540889,15.4934205396,1,2.19696234738,0
candidate_0553,1.37793371652,0.427399677171,0.0440571641687,0.0213916695106,4.41644208958,0.591569300588,7.38861825751,0.0833381823807,0,0.718044358867,0.422647647999,0.000251413617758,0.0210750940575,12.4982953358,1,False,2.28761732192,0.0020948755619,0.027794303238,0.00129489540889,15.4934205396,1,2.19696234738,0
candidate_0554,5.02745227699,1.04188698497,0.0372278729571,0.03693038211,5.65299231873,0.575601501928,6.12536664687,0.152432752323,0,0.718044358867,0.22280552812,0.000251413617758,0.0210750940575,12.4982953358,1,False,1.45472911411,0.0020948755619,0.027794303238,0.00129489540889,15.4934205396,1,2.19696234738,0
candidate_0555,2.27428798929,0.864855644414,0.0579802504577,0.0418628146856,2.69976490328,1.05374336027,4.22195369387,0.128431336963,0,0.718044358867,0.43783526401,0.000251413617758,0.0210750940575,12.4982953358,1,False,2.40311514576,0.0020948755619,0.027794303238,0.00129489540889,15.4934205396,1,2.19696234738,0
candidate_0556,4.15157609217,0.954669502065,0.0577702003487,0.0513763901979,6.09162900923,0.62328652372,5.24346072098,0.227807078069,0,0.718044358867,0.371367270616,0.000251413617758,0.0210750940575,12.4982953358,1,False,2.38050223019,0.0020948755619,0.027794303238,0.00129489540889,15.4934205396,1,2.19696234738,0
candidate_0557,6.74111336278,0.543219392752,0.0515938477217,0.029759675902,4.18568452328,0.395532859571,4.45979288569,0.235040327313,0,0.718044358867,0.320191649951,0.000251413617758,0.0210750940575,12.4982953358,1,False,2.29503012078,0.0020948755619,0.027794303238,0.00129489540889,15.4934205396,1,2.19696234738,0
candidate_0559,5.44336982627,1.02885003903,0.0549313047453,0.0158353198645,6.3782374499,0.593271982645,5.94603491506,0.156183414598,0,0.718044358867,0.365007883686,0.000251413617758,0.0210750940575,12.4982953358,1,False,2.37194553314,0.0020948755619,0.027794303238,0.00129489540889,15.4934205396,1,2.19696234738,0
candidate_0560,6.44217551407,1.0978205361,0.0390057778722,0.0497706106358,3.74387053079,0.277233011599,3.65169005125,0.352865574593,0,0.718044358867,0.354747967864,0.000251413617758,0.0210750940575,12.4982953358,1,False,1.62926394224,0.0020948755619,0.027794303238,0.00129489540889,15.4934205396,1,2.19696234738,0
candidate_0561,5.78087784119,0.475850352697,0.0573020583439,0.0162021086962,3.04952980042,0.456822019129,6.49398469407,0.250905333243,0,0.718044358867,0.390479067839,0.000251413617758,0.0210750940575,12.4982953358,1,False,2.40598633689,0.0020948755619,0.027794303238,0.00129489540889,15.4934205396,1,2.19696234738,0
candidate_0562,2.09708885167,0.798608619673,0.0345943971586,0.0244128494691,3.92759812797,0.79931497579,2.95534383794,0.286867945768,0,0.718044358867,0.28541998201,0.000251413617758,0.0210750940575,12.4982953358,1,False,1.78299323367,0.0020948755619,0.027794303238,0.00129489540889,15.4934205396,1,2.19696234738,0
candidate_0564,6.62965492448,0.699828474416,0.0593392270727,0.0456113375397,2.35205728856,0.491123731003,5.81891065316,0.253777095801,0,0.718044358867,0.387526802891,0.000251413617758,0.0210750940575,12.4982953358,1,False,2.42242330931,0.0020948755619,0.027794303238,0.00129489540889,15.4934205396,1,2.19696234738,0
candidate_0565,5.13292142229,0.503461276691,0.0382387446493,0.0315389439188,6.40607057953,0.972193507595,3.54905125747,0.220123082955,0,0.718044358867,0.290124527876,0.000251413617758,0.0210750940575,12.4982953358,1,False,1.619027156,0.0020948755619,0.027794303238,0.00129489540889,15.4934205396,1,2.19696234738,0
candidate_0566,5.28110790746,0.916482533784,0.0385650598773,0.0132064353524,5.65953232826,0.793692956838,6.25262075678,0.113551606368,0,0.718044358867,0.288180557574,0.000251413617758,0.0210750940575,12.4982953358,1,False,1.48613929593,0.0020948755619,0.027794303238,0.00129489540889,15.4934205396,1,2.19696234738,0
candidate_0567,2.35827800374,0.841516910203,0.0528138683336,0.0242584220566,5.99572830807,0.593658556398,4.6917000944,0.246249929225,0,0.718044358867,0.339797222286,0.000251413617758,0.0210750940575,12.4982953358,1,False,2.32184561783,0.0020948755619,0.027794303238,0.00129489540889,15.4934205396,1,2.19696234738,0
candidate_0568,6.06079949237,0.546705576035,0.0303822207866,0.0393230132996,6.34986405183,0.482647763507,8.10970502911,0.250530118307,0,0.718044358867,0.27714417756,0.000251413617758,0.0210750940575,12.4982953358,1,False,1.1498828352,0.00209382111729,0.027794303238,0.0012911348806,15.4934205396,0.98436968158,2.19696234738,0.0431056988116
candidate_0569,6.93721087192,0.307147088276,0.0324977805558,0.0153894936599,1.99906640457,1.00935573931,3.45486346247,0.139276847972,0,0.718044358867,0.412723984601,0.000251413617758,0.0210750940575,12.4982953358,1,False,2.05808147749,0.0020948755619,0.027794303238,0.00129489540889,15.4934205396,1,2.19696234738,0
candidate_0570,6.42191850108,0.421595721099,0.0378516954238,0.0211910860388,3.21860844973,0.770850431171,3.97566005902,0.148835417768,0,0.718044358867,0.304029066038,0.000251413617758,0.0210750940575,12.4982953358,1,False,2.02899860035,0.0020948755619,0.027794303238,0.00129489540889,15.4934205396,1,2.19696234738,0
candidate_0571,1.96759602569,0.801016213769,0.032013820934,0.0326236041634,6.43048837129,0.737720436509,2.99108618712,0.372105425599,0,0.718044358867,0.334259509693,0.000251413617758,0.0210750940575,12.4982953358,1,False,1.4531424351,0.0020948755619,0.027794303238,0.00129489540889,15.4934205396,1,2.19696234738,0
candidate_0572,4.02504049872,0.46345802357,0.0298226540711,0.0349098462686,3.13631677048,1.08957768346,3.66956584368,0.127812970659,0,0.718044358867,0.319415407415,0.000251413617758,0.0210750940575,12.4982953358,1,False,1.85009695377,0.00209255822755,0.027794303238,0.00129111461234,15.4934205396,0.989701976154,2.19696234738,0.072903180617
candidate_0573,3.58250959131,0.383770101072,0.025722197103,0.0328912597409,1.74405707095,1.08059467619,6.25402222283,0.332573867151,0,0.718044358867,0.359040520983,0.000251413617758,0.0210750940575,12.4982953358,1,False,1.2324532384,0.00208827942638,0.0284956668421,0.00130585037445,15.6358440268,0.911289683117,2.19696234738,0.241194430426
candidate_0574,5.01407857167,0.355700255391,0.0467920262182,0.0240275502882,4.65979001971,0.758964063221,2.55833696505,0.285158815812,0,0.718044358867,0.349616041388,0.000251413617758,0.0210750940575,12.4982953358,1,False,2.13879371299,0.0020948755619,0.027794303238,0.00129489540889,15.4934205396,1,2.19696234738,0
candidate_0576,6.7029637372,0.895350500864,0.0425950648624,0.0221227209982,1.81961483641,0.485927783687,4.51128808911,0.308491099128,0,0.718044358867,0.315004932101,0.000251413617758,0.0210750940575,12.4982953358,1,False,2.02104733337,0.0020948755619,0.027794303238,0.00129489540889,15.4934205396,1,2.19696234738,0
candidate_0577,3.86371591361,0.400713428297,0.0519173594643,0.0192748979475,5.6200804701,0.642198930737,7.33300123695,0.346049420726,0,0.718044358867,0.388186379103,0.000251413617758,0.0210750940575,12.4982953358,1,False,2.28657564785,0.0020948755619,0.027794303238,0.00129489540889,15.4934205396,1,2.19696234738,0
candidate_0578,2.8710842287,0.378162020731,0.0354097001705,0.0176292125965,2.57205669585,0.876527851229,4.45780810493,0.298006942466,0,0.718044358867,0.348654575984,0.000251413617758,0.0210750940575,12.4982953358,1,False,1.92799779822,0.0020948755619,0.027794303238,0.00129489540889,15.4934205396,1,2.19696234738,0
candidate_0580,2.53066206409,0.689314447112,0.0337053289631,0.0250391001179,6.12642877239,0.962739536514,5.90036993457,0.331807432708,0,0.718044358867,0.290844087521,0.000251413617758,0.0210750940575,12.4982953358,1,False,1.3193068232,0.0020948755619,0.027794303238,0.00129489540889,15.4934205396,1,2.19696234738,0
candidate_0581,3.21027087526,0.45180456218,0.0314643771281,0.0222547558966,4.42617587398,0.515293987181,8.45910420308,0.310235605256,0,0.718044358867,0.316646657205,0.000251413617758,0.0210750940575,12.4982953358,1,False,1.4779355255,0.0020948755619,0.027794303238,0.00129489540889,15.4934205396,1,2.19696234738,0
candidate_0582,6.00781963888,0.318113416694,0.0345869381808,0.0495972018319,5.44400252902,0.422928809875,2.64431317522,0.202956554132,0,0.718044358867,0.363293183337,0.000251413617758,0.0210750940575,12.4982953358,1,False,1.87463793165,0.0020948755619,0.027794303238,0.00129489540889,15.4934205396,1,2.19696234738,0
candidate_0583,1.30004267802,1.03732273609,0.0499288932215,0.0383923244203,6.26594119083,0.337961925357,7.92917787245,0.279332746851,0,0.718044358867,0.430302786679,0.000251413617758,0.0210750940575,12.4982953358,1,False,2.21016104371,0.0020948755619,0.027794303238,0.00129489540889,15.4934205396,1,2.19696234738,0
candidate_0584,3.06464577322,0.876974127738,0.0381048790345,0.0290448473153,2.58949843905,1.05164305761,5.58316773686,0.148217436099,0,0.718044358867,0.302840275857,0.000251413617758,0.0210750940575,12.4982953358,1,False,1.88339472883,0.0020948755619,0.027794303238,0.00129489540889,15.4934205396,1,2.19696234738,0
candidate_0585,5.71572064328,0.382255881558,0.0454793217946,0.0264836680006,3.79262952168,1.07198728293,5.20396442959,0.317893091971,0,0.718044358867,0.342290351334,0.000251413617758,0.0210750940575,12.4982953358,1,False,1.93529034813,0.0020948755619,0.027794303238,0.00129489540889,15.4934205396,1,2.19696234738,0
candidate_0586,5.41199860674,0.844321897463,0.0425816050443,0.0265904061178,2.94886400914,0.665366293474,4.65105589136,0.32392853395,0,0.718044358867,0.237582581163,0.000251413617758,0.0210750940575,12.4982953358,1,False,1.80059771163,0.0020948755619,0.027794303238,0.00129489540889,15.4934205396,1,2.19696234738,0
candidate_0587,6.61088955663,0.927310320263,0.0270605196003,0.0193278886308,5.36476112988,1.0999857666,4.43388776457,0.334944876836,0,0.718044358867,0.273572212319,0.000251413617758,0.0210750940575,12.4982953358,1,False,3.94006944643,0.00178207095837,0.132266507373,0.00423273060163,61.8342105856,0.2,3.73042960588,0.999999712518
candidate_0588,2.97083448098,0.620167704835,0.0265174747372,0.0230451871475,6.29086383121,0.968096929153,7.0724820507,0.264442948399,0,0.718044358867,0.275836723508,0.000251413617758,0.0210750940575,12.4982953358,1,False,0.907457900515,0.00208752306111,0.027794303238,0.00127820122447,15.4934205396,0.931296435466,2.19696234738,0.22671982791
candidate_0589,3.88631374014,0.339027933709,0.0520167503859,0.0130516021102,2.60108694016,0.331290912038,6.52548337259,0.279517929222,0,0.718044358867,0.433153190156,0.000251413617758,0.0210750940575,12.4982953358,1,False,2.36069025531,0.0020948755619,0.027794303238,0.00129489540889,15.4934205396,1,2.19696234738,0
candidate_0590,3.2829421447,1.03663034894,0.0287875017801,0.0484832000611,2.83129524467,0.3036689969,7.5267998736,0.290020714138,0,0.718044358867,0.325658444769,0.000251413617758,0.0210750940575,12.4982953358,1,False,1.32870702963,0.0020923400963,0.027794303238,0.00128952965966,15.4934205396,0.953211599215,2.19696234738,0.148081746112
candidate_0591,4.01092297157,0.414211256338,0.0256774336492,0.0478021892081,2.55611810606,1.09059065579,4.22394114641,0.14701966866,0,0.718044358867,0.351272145441,0.000251413617758,0.0210750940575,12.4982953358,1,False,1.56364136728,0.00207191344724,0.0289413259052,0.00131911959235,16.3225142713,0.914747680173,2.22728015256,0.578181283001
candidate_0593,6.25172495391,1.07248493317,0.0438229975824,0.045403504288,4.82255731176,1.02371815184,6.79403836798,0.198635899659,0,0.718044358867,0.307340089284,0.000251413617758,0.0210750940575,12.4982953358,1,False,3.00197285723,0.0020948755619,0.027794303238,0.00129489540889,15.4934205396,1,2.19696234738,0
candidate_0595,5.46837946558,0.41375492814,0.0324723993001,0.0162493885359,1.80878641389,0.881779083887,4.86697564869,0.190020617703,0,0.718044358867,0.32879012647,0.000251413617758,0.0210750940575,12.4982953358,1,False,1.94972923753,0.0020948755619,0.027794303238,0.00129489540889,15.4934205396,1,2.19696234738,0
candidate_0596,2.90531461388,0.619592427079,0.0513355496615,0.0284433947111,2.07947819627,0.60401388233,7.20194055261,0.100892242667,0,0.718044358867,0.396171614921,0.000251413617758,0.0210750940575,12.4982953358,1,False,2.36739516904,0.0020948755619,0.027794303238,0.00129489540889,15.4934205396,1,2.19696234738,0
candidate_0598,1.38574683695,1.03260170281,0.0399295486442,0.030250602409,3.30520972657,0.289558233195,5.53942470367,0.362290961625,0,0.718044358867,0.377527001287,0.000251413617758,0.0210750940575,12.4982953358,1,False,1.93272482691,0.0020948755619,0.027794303238,0.00129489540889,15.4934205396,1,2.19696234738,0
candidate_0599,6.97155751419,0.592073579387,0.027026557792,0.0232376313109,4.66514112971,0.669285205016,3.63545992546,0.28377030874,0,0.718044358867,0.210220635397,0.000251413617758,0.0210750940575,12.4982953358,1,False,1.07785358694,0.00208147305752,0.027794303238,0.00127438908351,15.4934205396,0.925378708464,2.19696234738,0.253579537708
candidate_0600,6.25331322227,0.555511510114,0.0565704228616,0.0500489957073,5.72490080794,0.80834813066,7.47633640048,0.209948806002,0,0.718044358867,0.389422755442,0.000251413617758,0.0210750940575,12.4982953358,1,False,2.31406017482,0.0020948755619,0.027794303238,0.00129489540889,15.4934205396,1,2.19696234738,0
candidate_0601,6.80107583358,0.651567066104,0.0572764713828,0.0159191905611,4.70097534497,1.05783729031,2.80188035931,0.35266608815,0,0.718044358867,0.431906504766,0.000251413617758,0.0210750940575,12.4982953358,1,False,2.39622700999,0.0020948755619,0.027794303238,0.00129489540889,15.4934205396,1,2.19696234738,0
candidate_0603,4.79716025705,0.398013920876,0.0259409279709,0.0327933103664,6.06228508806,0.400081694686,2.73958927622,0.171992453241,0,0.718044358867,0.306249165295,0.000251413617758,0.0210750940575,12.4982953358,1,False,1.72801140468,0.00209142931341,0.0281541484853,0.00129901313068,15.4934205396,0.952753256381,2.19696234738,0.262912253627
candidate_0604,2.85553328968,0.327612379547,0.0264701116677,0.0240162355555,5.14603272845,0.302073417917,6.29958778739,0.326721112492,0,0.718044358867,0.339800022157,0.000251413617758,0.0210750940575,12.4982953358,1,False,1.34573341208,0.00209421316568,0.027794303238,0.00129215396168,15.4934205396,0.951541656946,2.19696234738,0.13791516794
candidate_0606,5.55370151797,0.915839326218,0.034251715358,0.0178289443276,2.14527127994,0.661156029884,2.94127563082,0.323245896875,0,0.718044358867,0.296147449859,0.000251413617758,0.0210750940575,12.4982953358,1,False,1.73221121404,0.0020948755619,0.027794303238,0.00129489540889,15.4934205396,1,2.19696234738,0
candidate_0608,6.3804623972,0.567662765176,0.0427620895135,0.0139206628408,2.78654022751,0.857527206584,6.00299662915,0.270940903372,0,0.718044358867,0.310863205688,0.000251413617758,0.0210750940575,12.4982953358,1,False,1.97293834275,0.0020948755619,0.027794303238,0.00129489540889,15.4934205396,1,2.19696234738,0
candidate_0609,6.32958104892,0.602922545713,0.0387233733371,0.0496609082387,6.0995644564,0.493906788376,5.24787390892,0.327715545121,0,0.718044358867,0.297174720226,0.000251413617758,0.0210750940575,12.4982953358,1,False,1.45005188011,0.0020948755619,0.027794303238,0.00129489540889,15.4934205396,1,2.19696234738,0
candidate_0611,4.12532158891,0.792937707004,0.0256213506595,0.0140610655403,4.57529970005,0.497807783381,5.50737618356,0.106369907804,0,0.718044358867,0.248433326657,0.000251413617758,0.0210750940575,12.4982953358,1,False,1.6403904704,0.00208979695443,0.0281554816786,0.00129483791567,15.4934205396,0.962464318558,2.19696234738,0.179480605384
candidate_0612,6.27376194523,0.396374428462,0.0489628891315,0.0280588473281,6.29871168238,0.916291179604,3.06896757659,0.168624636353,0,0.718044358867,0.378106940026,0.000251413617758,0.0210750940575,12.4982953358,1,False,2.20326285482,0.0020948755619,0.027794303238,0.00129489540889,15.4934205396,1,2.19696234738,0
candidate_0615,1.43422015743,0.926783877884,0.0585179900563,0.0161198509576,1.77058491945,0.633126514048,5.76923724905,0.158000773108,0,0.718044358867,0.46347823357,0.000251413617758,0.0210750940575,12.4982953358,1,False,2.41448537424,0.0020948755619,0.027794303238,0.00129489540889,15.4934205396,1,2.19696234738,0
candidate_0617,6.10218094605,0.789601723428,0.0562836574817,0.0455794210375,2.59177146292,0.282494968134,7.83013512138,0.160238423428,0,0.718044358867,0.415913987707,0.000251413617758,0.0210750940575,12.4982953358,1,False,2.39414779003,0.0020948755619,0.027794303238,0.00129489540889,15.4934205396,1,2.19696234738,0
candidate_0618,3.99874121769,1.0381064588,0.0577132494881,0.0460584746902,3.67325234819,1.0818236032,4.18479103114,0.26711187162,0,0.718044358867,0.393459632096,0.000251413617758,0.0210750940575,12.4982953358,1,False,2.30338655648,0.0020948755619,0.027794303238,0.00129489540889,15.4934205396,1,2.19696234738,0
candidate_0619,6.81981195281,0.330075273361,0.0528159658265,0.0419828723669,5.64794707682,0.548930861429,6.97576244036,0.174980740549,0,0.718044358867,0.392647610832,0.000251413617758,0.0210750940575,12.4982953358,1,False,2.31835569343,0.0020948755619,0.027794303238,0.00129489540889,15.4934205396,1,2.19696234738,0
candidate_0620,1.57814683057,0.488844053573,0.0295026550073,0.0420107660855,3.22095784818,0.604214400873,3.83487199967,0.314511593782,0,0.718044358867,0.331322771835,0.000251413617758,0.0210750940575,12.4982953358,1,False,1.65459583906,0.00209454053738,0.027794303238,0.00129315136608,15.4934205396,0.979635130581,2.19696234738,0.046762571242
candidate_0621,4.27495922597,0.877193345425,0.0570005643471,0.0408219482976,3.98718143329,0.681325430335,2.98982177032,0.0975790506611,0,0.718044358867,0.378614097866,0.000251413617758,0.0210750940575,12.4982953358,1,False,2.40484551353,0.0020948755619,0.027794303238,0.00129489540889,15.4934205396,1,2.19696234738,0
candidate_0622,3.47586966635,0.8906404401,0.052638784131,0.0328473519559,5.20156541691,0.598742372953,8.24881789269,0.333366420057,0,0.718044358867,0.347835180677,0.000251413617758,0.0210750940575,12.4982953358,1,False,2.22557532133,0.0020948755619,0.027794303238,0.00129489540889,15.4934205396,1,2.19696234738,0
candidate_0623,4.18481238856,0.9811148832,0.042366262953,0.0157717502425,6.21010985507,0.360069734586,7.27290903654,0.313817980918,0,0.718044358867,0.333412921186,0.000251413617758,0.0210750940575,12.4982953358,1,False,1.76675516601,0.0020948755619,0.027794303238,0.00129489540889,15.4934205396,1,2.19696234738,0
candidate_0625,1.87863198442,0.660086971389,0.0418026694566,0.0506561983269,1.87095160099,0.861462442739,3.94240298894,0.377412387308,0,0.718044358867,0.420033226765,0.000251413617758,0.0210750940575,12.4982953358,1,False,1.88574893136,0.0020948755619,0.027794303238,0.00129489540889,15.4934205396,1,2.19696234738,0
candidate_0626,1.49970688162,0.975670385425,0.029438102213,0.0335273534712,3.30737761846,0.548348219929,7.27848773963,0.23812866477,0,0.718044358867,0.290789714047,0.000251413617758,0.0210750940575,12.4982953358,1,False,1.57586609992,0.0020939765538,0.027794303238,0.00129198976136,15.4934205396,0.979595802163,2.19696234738,0.0710401984063
candidate_0627,4.60567014048,0.804945897008,0.0491286585902,0.0375296949545,4.74584887308,0.620327648946,5.66671679785,0.133257972555,0,0.718044358867,0.268082615175,0.000251413617758,0.0210750940575,12.4982953358,1,False,2.23525607078,0.0020948755619,0.027794303238,0.00129489540889,15.4934205396,1,2.19696234738,0
candidate_0628,4.96387858854,0.452314728087,0.0509203255492,0.0280605442404,5.95841672135,0.493768487957,7.26428941366,0.286367085867,0,0.718044358867,0.342523293358,0.000251413617758,0.0210750940575,12.4982953358,1,False,2.23941898032,0.0020948755619,0.027794303238,0.00129489540889,15.4934205396,1,2.19696234738,0
candidate_0631,4.10065403153,0.648682752936,0.0373707043246,0.0221440699451,6.1618378986,0.642289931492,4.38397274528,0.157228666349,0,0.718044358867,0.249858348608,0.000251413617758,0.0210750940575,12.4982953358,1,False,1.86890161309,0.0020948755619,0.027794303238,0.00129489540889,15.4934205396,1,2.19696234738,0
candidate_0632,4.50366272064,0.817148872388,0.0597536139813,0.0513190789949,1.90143136347,0.409401602695,5.25808400271,0.121890885224,0,0.718044358867,0.440306046965,0.000251413617758,0.0210750940575,12.4982953358,1,False,2.42242330931,0.0020948755619,0.027794303238,0.00129489540889,15.4934205396,1,2.19696234738,0
candidate_0633,3.202972465,1.06251108386,0.0296705330503,0.0125248808782,3.34810733702,1.07275212895,3.5084790396,0.215902733665,0,0.718044358867,0.328431085498,0.000251413617758,0.0210750940575,12.4982953358,1,False,1.49513600749,0.00209317532653,0.027794303238,0.00129079611004,15.4934205396,0.991763788343,2.19696234738,0.0299028865024
candidate_0634,1.80657282876,0.322983337809,0.0350949502756,0.0477553310072,1.54806448184,0.395996267928,3.99385301782,0.367444488437,0,0.718044358867,0.460129372542,0.000251413617758,0.0210750940575,12.4982953358,1,False,1.82532807646,0.0020948755619,0.027794303238,0.00129489540889,15.4934205396,1,2.19696234738,0
candidate_0636,1.93150969479,0.593136142467,0.0405509287209,0.0511904678017,4.18786558757,0.990701033741,7.53987425958,0.288969173917,0,0.718044358867,0.375530640638,0.000251413617758,0.0210750940575,12.4982953358,1,False,1.74752680183,0.0020948755619,0.027794303238,0.00129489540889,15.4934205396,1,2.19696234738,0
candidate_0637,6.55873916503,0.829981427795,0.026432975367,0.0236118421625,1.9381944509,0.913200520199,7.72475291704,0.303952404623,0,0.718044358867,0.284945664667,0.000251413617758,0.0210750940575,12.4982953358,1,False,1.98250680648,0.00190973875109,0.0344078779852,0.00130913918807,15.4934205396,0.728278602028,2.19696234738,0.756445834941
candidate_0639,4.66246233401,0.809449526213,0.0392330487441,0.0328989265466,3.63473175006,0.627975127261,7.3191304408,0.282944658863,0,0.718044358867,0.205481727666,0.000251413617758,0.0210750940575,12.4982953358,1,False,1.58104539947,0.0020948755619,0.027794303238,0.00129489540889,15.4934205396,1,2.19696234738,0
candidate_0640,3.87051262702,0.410756560256,0.0499017024508,0.0211131209176,1.87152633552,0.831026336636,4.2528036801,0.259094030142,0,0.718044358867,0.382452836647,0.000251413617758,0.0210750940575,12.4982953358,1,False,2.32416565502,0.0020948755619,0.027794303238,0.00129489540889,15.4934205396,1,2.19696234738,0
candidate_0641,3.75812251828,0.972451361311,0.0273110244702,0.0469787800298,4.28534013365,0.887426576979,4.05043902197,0.361168845327,0,0.718044358867,0.258897375729,0.000251413617758,0.0210750940575,12.4982953358,1,False,0.410384546506,0.00198703944011,0.0382910371586,0.00135794516089,18.1715955415,0.645029074163,2.19696234738,0.9205982742
candidate_0642,1.85854036008,1.0458519173,0.0513930786881,0.0203504463445,2.63201135638,0.726439613798,2.52042580295,0.094827411015,0,0.718044358867,0.446146628438,0.000251413617758,0.0210750940575,12.4982953358,1,False,2.38321627547,0.0020948755619,0.027794303238,0.00129489540889,15.4934205396,1,2.19696234738,0
candidate_0643,5.59322871118,0.50988632058,0.0447760549705,0.0368522427206,5.86783352269,0.699180198112,8.1262593024,0.0928053869383,0,0.718044358867,0.350762948417,0.000251413617758,0.0210750940575,12.4982953358,1,False,2.05388165035,0.0020948755619,0.027794303238,0.00129489540889,15.4934205396,1,2.19696234738,0
candidate_0644,4.65470825266,0.639569845006,0.0521269781068,0.0371011300021,2.58612847171,1.07588491522,3.49547754711,0.142282333713,0,0.718044358867,0.378654008455,0.000251413617758,0.0210750940575,12.4982953358,1,False,2.30185802065,0.0020948755619,0.027794303238,0.00129489540889,15.4934205396,1,2.19696234738,0
candidate_0647,4.91072154776,0.575017217646,0.0319083466204,0.0469787209422,6.37528267001,0.641851562071,3.39603748211,0.103188586308,0,0.718044358867,0.308270339785,0.000251413617758,0.0210750940575,12.4982953358,1,False,1.87648013115,0.0020948755619,0.027794303238,0.00129489540889,15.4934205396,1,2.19696234738,0
candidate_0648,1.5944988442,0.615770186427,0.0558507813146,0.0290297915032,6.24544194869,0.262391448509,6.05551141157,0.221498445447,0,0.718044358867,0.429700977692,0.000251413617758,0.0210750940575,12.4982953358,1,False,2.39051749783,0.0020948755619,0.027794303238,0.00129489540889,15.4934205396,1,2.19696234738,0
candidate_0649,4.69755386758,0.542239871728,0.0451236444874,0.0372683587593,4.57478917131,0.608749608158,7.12490931984,0.297093420683,0,0.718044358867,0.267482631158,0.000251413617758,0.0210750940575,12.4982953358,1,False,1.90251405974,0.0020948755619,0.027794303238,0.00129489540889,15.4934205396,1,2.19696234738,0
candidate_0650,2.91018116365,0.500773559351,0.0254811800744,0.0315333635713,2.35065271545,0.794132442363,3.78156509503,0.308222793391,0,0.718044358867,0.286881560921,0.000251413617758,0.0210750940575,12.4982953358,1,False,1.45319336259,0.00208978581729,0.0283440527757,0.00130201038961,15.4934205396,0.922520275656,2.19696234738,0.242182904741
candidate_0651,2.8192044017,0.342314635008,0.043798265884,0.0186541449756,6.18638689395,0.790870859659,4.69646460386,0.211557513768,0,0.718044358867,0.364742126015,0.000251413617758,0.0210750940575,12.4982953358,1,False,2.11652157674,0.0020948755619,0.027794303238,0.00129489540889,15.4934205396,1,2.19696234738,0
candidate_0652,6.96974794499,1.00124252841,0.0284309378049,0.0186901884595,2.28856516641,0.769691084889,7.58079002871,0.285851995383,0,0.718044358867,0.284865295877,0.000251413617758,0.0210750940575,12.4982953358,1,False,2.27241030657,0.00204201975092,0.028239549103,0.00128301619446,15.4934205396,0.894506619368,2.19696234738,0.357818877864
candidate_0654,5.40015327788,0.841984229857,0.0597646919027,0.0377752964955,6.37041825324,0.624263558549,2.67931847411,0.177455714998,0,0.718044358867,0.386060213832,0.000251413617758,0.0210750940575,12.4982953358,1,False,2.42242330931,0.0020948755619,0.027794303238,0.00129489540889,15.4934205396,1,2.19696234738,0
candidate_0655,4.45530739318,0.895578185168,0.0585018999166,0.0237217793783,5.96716088955,0.648718155233,2.91686180817,0.25994911066,0,0.718044358867,0.363734575626,0.000251413617758,0.0210750940575,12.4982953358,1,False,2.40216135993,0.0020948755619,0.027794303238,0.00129489540889,15.4934205396,1,2.19696234738,0
candidate_0656,4.21639194626,0.74272412747,0.0253518836927,0.0166668209033,1.70195049103,0.539885250445,7.92478677636,0.184859241643,0,0.718044358867,0.305577808302,0.000251413617758,0.0210750940575,12.4982953358,1,False,1.47871742353,0.00209057088413,0.0282293213388,0.00129889509013,15.4934205396,0.943619007399,2.19696234738,0.142692424173
candidate_0657,2.97046063458,0.369635740212,0.0314856515121,0.0455448567173,3.79619969873,0.971155012057,6.18843339033,0.365582528384,0,0.718044358867,0.348391911203,0.000251413617758,0.0210750940575,12.4982953358,1,False,1.41006648725,0.0020948755619,0.027794303238,0.00129489540889,15.4934205396,1,2.19696234738,0
candidate_0658,4.42485177887,1.03394564824,0.0595189878655,0.0486589503518,2.12824013961,0.743682252686,5.63714194895,0.234518103288,0,0.718044358867,0.397234672351,0.000251413617758,0.0210750940575,12.4982953358,1,False,2.42242330931,0.0020948755619,0.027794303238,0.00129489540889,15.4934205396,1,2.19696234738,0
candidate_0659,1.62379809136,0.810648058259,0.0445545513121,0.0492817861362,5.29188342862,0.427014782297,3.53181603579,0.223244157943,0,0.718044358867,0.367550584503,0.000251413617758,0.0210750940575,12.4982953358,1,False,2.07945066676,0.0020948755619,0.027794303238,0.00129489540889,15.4934205396,1,2.19696234738,0
candidate_0660,4.37026688911,0.954572830507,0.0300521521629,0.0306255021096,2.22593594043,0.367036052419,4.2887577806,0.365150947199,0,0.718044358867,0.283669120438,0.000251413617758,0.0210750940575,12.4982953358,1,False,1.56722206982,0.0020941098109,0.027794303238,0.0012916601243,15.4934205396,0.984094146907,2.19696234738,0.0326862288246
candidate_0661,5.71982662725,1.00868244001,0.0527005139776,0.0294115824081,4.22421865474,0.634642269276,3.10935360085,0.244804160062,0,0.718044358867,0.303953235598,0.000251413617758,0.0210750940575,12.4982953358,1,False,2.23737855539,0.0020948755619,0.027794303238,0.00129489540889,15.4934205396,1,2.19696234738,0
candidate_0662,1.60601817528,0.849637594075,0.0268438825197,0.0153520704662,4.33128001592,0.994545259887,4.35922434759,0.252231534204,0,0.718044358867,0.308144143404,0.000251413617758,0.0210750940575,12.4982953358,1,False,1.50749798315,0.00209256611918,0.027794303238,0.00128718588062,15.4934205396,0.969309973454,2.19696234738,0.101706982077
candidate_0663,6.9228001822,0.661047032966,0.0332910111805,0.0499726752163,4.19220591756,0.31976083043,6.49545803475,0.166030322772,0,0.718044358867,0.293317565381,0.000251413617758,0.0210750940575,12.4982953358,1,False,1.69270392381,0.0020948755619,0.027794303238,0.00129489540889,15.4934205396,1,2.19696234738,0
candidate_0664,6.82108305663,0.666056773097,0.04067339057,0.0167761269311,5.30796938039,0.8298563271,3.81034873696,0.308996288038,0,0.718044358867,0.283497886272,0.000251413617758,0.0210750940575,12.4982953358,1,False,1.44827778709,0.0020948755619,0.027794303238,0.00129489540889,15.4934205396,1,2.19696234738,0
candidate_0665,6.57354097525,0.401116239465,0.0566668313285,0.0407562041535,4.07936273037,0.480493565121,5.91206560369,0.223717186373,0,0.718044358867,0.372430278635,0.000251413617758,0.0210750940575,12.4982953358,1,False,2.3876380498,0.0020948755619,0.027794303238,0.00129489540889,15.4934205396,1,2.19696234738,0
candidate_0666,6.27745966751,0.399089201173,0.0501729058402,0.0330203829683,4.19191050026,0.867713759292,3.08932831349,0.0854275207904,0,0.718044358867,0.390376806513,0.000251413617758,0.0210750940575,12.4982953358,1,False,2.33335172595,0.0020948755619,0.027794303238,0.00129489540889,15.4934205396,1,2.19696234738,0
candidate_0667,1.72389565117,0.318346303386,0.0391469118023,0.0124999250996,6.19939949052,0.83346526539,4.30225742819,0.11045526605,0,0.718044358867,0.43888093339,0.000251413617758,0.0210750940575,12.4982953358,1,False,2.18871637743,0.0020948755619,0.027794303238,0.00129489540889,15.4934205396,1,2.19696234738,0
candidate_0669,4.42347571157,0.765252418526,0.0469008966796,0.0221725279101,2.21960314598,0.830131007777,8.01749944026,0.178825250677,0,0.718044358867,0.335637755057,0.000251413617758,0.0210750940575,12.4982953358,1,False,2.19849519388,0.0020948755619,0.027794303238,0.00129489540889,15.4934205396,1,2.19696234738,0
candidate_0670,5.27469731347,0.468650808961,0.050814860067,0.0408286732864,3.9668935813,0.709031797486,8.22433932282,0.330006037303,0,0.718044358867,0.357955208261,0.000251413617758,0.0210750940575,12.4982953358,1,False,2.15616111898,0.0020948755619,0.027794303238,0.00129489540889,15.4934205396,1,2.19696234738,0
candidate_0671,3.67967671355,0.564013392491,0.0425264097208,0.0173962699461,3.09639041151,0.458428211711,2.62074366721,0.362217531157,0,0.718044358867,0.366309672194,0.000251413617758,0.0210750940575,12.4982953358,1,False,2.08249577247,0.0020948755619,0.027794303238,0.00129489540889,15.4934205396,1,2.19696234738,0
candidate_0672,4.08519624414,1.08217942613,0.0583199927213,0.0205441133554,4.64181580405,0.393803096484,7.25054446336,0.131931610059,0,0.718044358867,0.40096017677,0.000251413617758,0.0210750940575,12.4982953358,1,False,2.41265455029,0.0020948755619,0.027794303238,0.00129489540889,15.4934205396,1,2.19696234738,0
candidate_0673,6.00423479532,1.03240453919,0.0514568595132,0.0487484797627,3.59689304565,1.02407054287,2.5843703034,0.310341390466,0,0.718044358867,0.389957359328,0.000251413617758,0.0210750940575,12.4982953358,1,False,1.67728942339,0.0020948755619,0.027794303238,0.00129489540889,15.4934205396,1,2.19696234738,0
candidate_0674,4.49692399519,1.06876326521,0.0274212757364,0.0344502664271,3.23433575168,0.460678628739,5.39334766761,0.285745621072,0,0.718044358867,0.190677537249,0.000251413617758,0.0210750940575,12.4982953358,1,False,1.14890648299,0.00208557492519,0.027794303238,0.00127738978671,15.4934205396,0.928339849693,2.19696234738,0.229795647118
candidate_0675,4.75298980705,0.911998583705,0.0530427858516,0.0192518020075,3.86647181875,0.715396162988,7.7068016246,0.306176617776,0,0.718044358867,0.328928408874,0.000251413617758,0.0210750940575,12.4982953358,1,False,2.29721800096,0.0020948755619,0.027794303238,0.00129489540889,15.4934205396,1,2.19696234738,0
candidate_0676,3.80325719639,0.512932619505,0.0288228596703,0.0237989740392,3.84860994166,0.841047782459,8.08754109455,0.250706378161,0,0.718044358867,0.258795231105,0.000251413617758,0.0210750940575,12.4982953358,1,False,1.2385478035,0.00209267835427,0.027794303238,0.00128963894866,15.4934205396,0.974524842047,2.19696234738,0.0822679105666
candidate_0678,3.10499637309,0.48212868025,0.0459284480512,0.0127247869958,3.56001955811,0.686219132956,5.61963638452,0.308038895835,0,0.718044358867,0.345475376966,0.000251413617758,0.0210750940575,12.4982953358,1,False,2.19017302095,0.0020948755619,0.027794303238,0.00129489540889,15.4934205396,1,2.19696234738,0
candidate_0679,6.81847039821,0.336498717316,0.0527486372484,0.0216797839349,3.31829646547,0.524582204694,5.85548575486,0.143445055488,0,0.718044358867,0.392388372583,0.000251413617758,0.0210750940575,12.4982953358,1,False,2.37321676917,0.0020948755619,0.027794303238,0.00129489540889,15.4934205396,1,2.19696234738,0
candidate_0680,2.66236369429,0.920566129712,0.0576624877877,0.0251412482525,3.76148787163,0.565904990922,3.74279782036,0.211280749417,0,0.718044358867,0.364516317696,0.000251413617758,0.0210750940575,12.4982953358,1,False,2.40320823309,0.0020948755619,0.027794303238,0.00129489540889,15.4934205396,1,2.19696234738,0
candidate_0681,1.30477851709,0.805816482459,0.0299752902153,0.0343786151191,5.10323407288,0.375313904034,6.79758759108,0.203105613635,0,0.718044358867,0.301015757912,0.000251413617758,0.0210750940575,12.4982953358,1,False,1.70128411912,0.00209463736333,0.027794303238,0.00129360299509,15.4934205396,0.985162730879,2.19696234738,0.0394953310728
candidate_0683,2.65412092389,0.713442552343,0.0326477854772,0.033970597563,4.92038950705,0.771366904299,5.88412343744,0.306563395849,0,0.718044358867,0.213337203409,0.000251413617758,0.0210750940575,12.4982953358,1,False,1.4293654235,0.0020948755619,0.027794303238,0.00129489540889,15.4934205396,1,2.19696234738,0
candidate_0684,3.38001205515,0.717446131259,0.0274558286433,0.0465272999788,2.50936698074,0.254816061177,4.27044955035,0.254005644754,0,0.718044358867,0.299615289247,0.000251413617758,0.0210750940575,12.4982953358,1,False,1.64028302808,0.00209288720504,0.027794303238,0.00128781347773,15.4934205396,0.950695587362,2.19696234738,0.189092443718
candidate_0687,5.74715080264,0.740284182669,0.0508737417969,0.0205206178802,2.21131739335,0.287115512572,8.44081908637,0.256546939213,0,0.718044358867,0.394577920373,0.000251413617758,0.0210750940575,12.4982953358,1,False,2.32198295587,0.0020948755619,0.027794303238,0.00129489540889,15.4934205396,1,2.19696234738,0
candidate_0688,2.46224792965,0.810363581037,0.0502438417068,0.0209471643095,5.18471876477,0.698166543235,6.83108931319,0.0814194184439,0,0.718044358867,0.371559207097,0.000251413617758,0.0210750940575,12.4982953358,1,False,2.35527264478,0.0020948755619,0.027794303238,0.00129489540889,15.4934205396,1,2.19696234738,0
candidate_0689,5.06300832546,0.520396379955,0.0523033338926,0.0125065525873,2.13929254105,0.517109727029,4.54188175177,0.120828133737,0,0.718044358867,0.40656634437,0.000251413617758,0.0210750940575,12.4982953358,1,False,2.39350502012,0.0020948755619,0.027794303238,0.00129489540889,15.4934205396,1,2.19696234738,0
candidate_0690,6.88416489311,0.656764735039,0.0374127002284,0.0222287296053,1.86188614043,0.432027203873,5.47489890272,0.145003739841,0,0.718044358867,0.314576891673,0.000251413617758,0.0210750940575,12.4982953358,1,False,2.07668960771,0.0020948755619,0.027794303238,0.00129489540889,15.4934205396,1,2.19696234738,0
candidate_0691,1.69657560401,1.03912176611,0.0383078905237,0.0123487954616,3.52196125888,0.34377526665,4.97418244986,0.329664527142,0,0.718044358867,0.377157910373,0.000251413617758,0.0210750940575,12.4982953358,1,False,1.97035079215,0.0020948755619,0.027794303238,0.00129489540889,15.4934205396,1,2.19696234738,0
candidate_0692,2.55717427889,0.800907676445,0.0445134566456,0.0514582237878,3.9002404851,0.740160751122,4.43052697918,0.249351203381,0,0.718044358867,0.313097508578,0.000251413617758,0.0210750940575,12.4982953358,1,False,1.95428447701,0.0020948755619,0.027794303238,0.00129489540889,15.4934205396,1,2.19696234738,0
candidate_0694,6.84390630839,0.856299012594,0.0288579950814,0.04181771413,4.78414598654,0.850036583924,5.48203402933,0.168229607554,0,0.718044358867,0.186426858969,0.000251413617758,0.0210750940575,12.4982953358,1,False,1.0559358232,0.00193456158846,0.0596787459266,0.00173801250425,21.2034568955,0.655301929846,2.19696234738,0.990219482611
candidate_0695,3.33056272435,0.30082204306,0.0529681776866,0.0488785318432,2.4528179425,0.692224201808,6.30347350426,0.090025416012,0,0.718044358867,0.457587695912,0.000251413617758,0.0210750940575,12.4982953358,1,False,2.37164291592,0.0020948755619,0.027794303238,0.00129489540889,15.4934205396,1,2.19696234738,0
candidate_0696,4.45043845446,0.378603994905,0.048153885463,0.0247875581466,3.19455829926,0.977536622285,4.92771436365,0.257883222678,0,0.718044358867,0.341966399419,0.000251413617758,0.0210750940575,12.4982953358,1,False,2.20588369454,0.0020948755619,0.027794303238,0.00129489540889,15.4934205396,1,2.19696234738,0
candidate_0697,6.79168458594,0.303610724592,0.0377773523846,0.0122354193228,3.32343383453,0.951103777114,6.51866864611,0.183013955009,0,0.718044358867,0.372846087377,0.000251413617758,0.0210750940575,12.4982953358,1,False,1.93522008033,0.0020948755619,0.027794303238,0.00129489540889,15.4934205396,1,2.19696234738,0
candidate_0698,3.75967647319,0.448637269706,0.05175218435,0.0145271938324,6.20654089441,0.756396569939,4.22836293597,0.113893741106,0,0.718044358867,0.402806768908,0.000251413617758,0.0210750940575,12.4982953358,1,False,2.36604118991,0.0020948755619,0.027794303238,0.00129489540889,15.4934205396,1,2.19696234738,0
candidate_0653,6.34330833142,0.659455397856,0.0196766310175,0.0247883253809,4.31362774,0.966578161211,5.38035163833,0.285614842836,0,0.748644555416,0.177519301943,9.79748666523e-05,0.0487733159287,21.6818230028,0.568258721965,False,1.4442225227,0.0019588522902,0.0632150051721,0.00194510955144,26.3503058954,0.478181839778,2.64823669156,0.996671016702
candidate_0175,4.50570193253,0.898053460872,0.0167041302494,0.0221515642077,4.86877421496,0.789258001688,2.76132550999,0.366247582657,0,0.762102677626,0.246720945196,0.000144294495207,0.0415584416245,20.8386605955,0.591817436273,False,0.499633103502,0.00199943030755,0.050818544194,0.00173202944014,23.1742671832,0.55794784917,2.6593875067,0.993697311276
candidate_0575,5.9026180039,1.08154339658,0.0227624792908,0.0205607904072,3.21913756938,1.0794477249,2.95993846947,0.28383065998,0,0.782268336489,0.291261272928,-4.75859806974e-05,0.0734127922118,25.5797785363,0.569482917637,False,1.21518396194,0.00185439694058,0.0885543626103,0.00250546243382,31.0555550256,0.519706160107,2.54893091298,0.998243279382
candidate_0447,3.56266970186,0.881551339478,0.0178381903134,0.0470792916874,3.76617564923,0.817745128179,7.98499700661,0.29675868941,0,0.828659458991,0.251228280688,0.000159253540375,0.0350043893878,20.6288018498,0.591056759494,False,1.40145504453,0.00200507102471,0.0460481990611,0.00166158080494,25.2677083201,0.48589516623,2.65551913603,0.988897500884
candidate_0283,5.18715150409,0.96687282167,0.020586523591,0.0323177714516,5.74376120533,0.838115556956,4.61056479991,0.255494356545,0,1.05754671233,0.137077297481,0.0001211237902,0.0577545398354,24.7103148465,0.565837482466,False,1.23530834086,0.00197657641298,0.0695730990098,0.00224349426721,29.7683866916,0.504395207938,2.81666209781,0.999577673047
candidate_0490,6.64131006418,0.877503065283,0.0191242447215,0.0414662119807,4.57642773094,0.78673031882,4.25143402359,0.226117527704,0,1.13926119227,0.150712778232,0.000115565698369,0.0613602291874,24.5376344368,0.588902318227,False,0.965930695868,0.00196921192393,0.0715386293028,0.00233783576189,28.8086259939,0.539263490478,3.01935570401,0.999463047062
candidate_0426,6.86218458174,0.891309266367,0.0192937351057,0.0183839693651,5.79687870373,0.647104264459,7.54016135657,0.319619979125,0,1.78729043197,0.244131092147,7.11590816533e-05,0.0705578984194,36.3279351233,0.258162809318,False,3.38758531066,0.00190677156049,0.102386774684,0.00323617742142,57.620008419,0.2,2.88344078614,0.999997595081
candidate_0677,5.34298309361,0.78398377221,0.0183710299103,0.0406681151173,4.09498950046,0.833981073006,8.12981549075,0.370918943125,0,1.79577322249,0.247488201072,7.75964478172e-05,0.0612659664201,33.6080896478,0.260762110373,False,2.820283023,0.00190549947542,0.0911018253504,0.00273902253565,50.6512200068,0.2,2.83761297509,0.999929820214
candidate_0237,6.07227747031,0.923956814344,0.0164611970793,0.030278111473,2.89786121575,1.06684824099,3.305988263,0.370120005602,0,1.806983604,0.289941708542,2.22045188203e-05,0.0843663998239,33.4487388955,0.40412374962,False,2.00302794124,0.00187368700863,0.09610988292,0.00286232112412,36.7684945431,0.359613947013,3.06395768237,0.999622103243
candidate_0187,4.86217300416,0.97709652286,0.017428771946,0.0389799669918,3.45934712314,1.04890202046,7.47369749559,0.224527976657,0,2.34694736144,0.232620540357,-2.08734987983e-06,0.093341711676,42.8509384468,0.2,False,3.72000435276,0.00183816806975,0.124414336656,0.00389650152536,62.65626075,0.2,3.22507283204,0.999993531378
candidate_0363,6.89378040811,1.05818968301,0.0224040750748,0.034742950862,5.67286369654,0.705194722528,8.34371324322,0.273305224246,0,3.14945144636,0.247891990439,-3.46118773256e-05,0.123099356328,75.0423795976,0.2,False,4.71989077523,0.00182481926574,0.153765831124,0.00596217796389,105.648108622,0.2,6.19316163838,0.999999999932
candidate_0415,6.84921033994,0.987797568669,0.0235121955125,0.0348158574971,6.15435475712,1.08721634295,7.81405871026,0.258822575642,0,7.00430806035,0.283004428198,-0.000165234926349,0.211973015465,185.529250848,0.2,False,6.56232130748,0.00171230045701,0.231961185829,0.012208018583,225.721955843,0.2,14.8705550461,1
