replicate,dose,world,terminal_return,max_drawdown,realized_volatility,peak_spread_bps,minimum_depth,peak_volume_index,liquidation_fraction
0,0,stable,0.00074265980751,0.00166311624721,0.00032392173885,4.97931459724,1,1.11192166826,0
0,0,fragile,0.00074265980751,0.00166311624721,0.00032392173885,4.97931459724,1,1.11192166826,0
0,0.5,stable,0.000735071112732,0.00851708073923,0.000494912199109,7.55364699724,1,1.37698822826,0
0,0.5,fragile,0.000735071112732,0.00851708073923,0.000494912199109,7.55364699724,1,1.37698822826,0
0,1,stable,0.000727482475499,0.015335862468,0.000753329607352,10.1279793972,1,1.64205478826,0
0,1,fragile,0.000727482475499,0.015335862468,0.000753329607352,10.1279793972,1,1.64205478826,0
0,2,stable,0.000712305373666,0.0288330628573,0.00132676455483,15.3411990012,1,2.17956560013,0
0,2,fragile,0.000583209934534,0.0713625164583,0.00225410558784,32.0637240868,0.397882063377,2.82767726644,0.999284345583
0,4,stable,0.000681646718468,0.05527496447,0.00251596194217,26.4411990012,0.969629233636,3.33156560013,0.0564996966137
0,4,fragile,0.000487089382995,0.171339989817,0.00721953851706,113.614641053,0.2,6.70720841725,0.999999999971
1,0,stable,0.0007177039653,0.00218112197372,0.000338085029244,4.91869141589,1,1.10499330467,0
1,0,fragile,0.0007177039653,0.00218112197372,0.000338085029244,4.91869141589,1,1.10499330467,0
1,0.5,stable,0.000710115459762,0.00722853145064,0.000465960107636,7.20058839206,1,1.33663867338,0
1,0.5,fragile,0.000710115459762,0.00722853145064,0.000465960107636,7.20058839206,1,1.33663867338,0
1,1,stable,0.000702527011768,0.0140561749925,0.000708865838771,9.97558839206,1,1.62463867338,0
1,1,fragile,0.000702527011768,0.0140561749925,0.000708865838771,9.97558839206,1,1.62463867338,0
1,2,stable,0.000687350288411,0.0275709165897,0.00127314514097,15.5255883921,1,2.20063867338,0
1,2,fragile,0.000556755086932,0.0725143727652,0.00229853839824,33.9528060609,0.377605210814,2.89744176145,0.99967420077
1,4,stable,0.000656566832782,0.0540471825801,0.00245760053489,26.6255883921,0.966435726744,3.35263867338,0.0779995049035
1,4,fragile,0.000462276886347,0.172358581046,0.00731512910328,112.688358865,0.2,6.74307130598,0.999999999992
2,0,stable,0.000188447318739,0.00136235488928,0.000315606440769,4.90273810664,1,1.10317006933,0
2,0,fragile,0.000188447318739,0.00136235488928,0.000315606440769,4.90273810664,1,1.10317006933,0
2,0.5,stable,0.000180862826588,0.00709864808971,0.000439983748324,7.39416735932,1,1.35876198392,0
2,0.5,fragile,0.000180862826588,0.00709864808971,0.000439983748324,7.39416735932,1,1.35876198392,0
2,1,stable,0.00017327839195,0.0138305486968,0.000685651947187,10.1691673593,1,1.64676198392,0
2,1,fragile,0.00017327839195,0.0138305486968,0.000685651947187,10.1691673593,1,1.64676198392,0
2,2,stable,0.000158109695215,0.0273483830473,0.00125333484837,15.7191673593,1,2.22276198392,0
2,2,fragile,2.76111699078e-05,0.0725512751934,0.00226813486472,33.057922166,0.381966446312,2.79614002022,0.999650957796
2,4,stable,0.000127360323123,0.0538307079446,0.00244066996552,26.8191673593,0.971403942659,3.37476198392,0.074872142459
2,4,fragile,-6.62346006982e-05,0.171692214385,0.00724950453556,113.363977165,0.2,6.71921362562,0.999999999989
3,0,stable,-0.000423762049986,0.00247347862767,0.00030555139153,4.80683020362,1,1.09220916613,0
3,0,fragile,-0.000423762049986,0.00247347862767,0.00030555139153,4.80683020362,1,1.09220916613,0
3,0.5,stable,-0.000431341899714,0.00784392097063,0.000458904374492,7.24667617675,1,1.34190584877,0
3,0.5,fragile,-0.000431341899714,0.00784392097063,0.000458904374492,7.24667617675,1,1.34190584877,0
3,1,stable,-0.000438921691966,0.0146673322593,0.000714408438884,9.82100857675,1,1.60697240877,0
3,1,fragile,-0.000438921691966,0.0146673322593,0.000714408438884,9.82100857675,1,1.60697240877,0
3,2,stable,-0.000454081104033,0.0281736964699,0.00128748423853,15.3704365391,1,2.18290703304,0
3,2,fragile,-0.000585191966485,0.0739804762304,0.00234659307806,34.1143627906,0.369111406657,2.88448489023,0.999673145921
3,4,stable,-0.000484844002058,0.0546335506101,0.00247707323378,26.4704365391,0.966561515182,3.33490703304,0.0803853005475
3,4,fragile,-0.000678957414156,0.17334147274,0.00736361857624,114.22585527,0.2,6.78745571791,0.999999999991
4,0,stable,-0.000432603124054,0.00374644246044,0.000334718853498,4.97719327379,1,1.11167923129,0
4,0,fragile,-0.000432603124054,0.00374644246044,0.000334718853498,4.97719327379,1,1.11167923129,0
4,0.5,stable,-0.000440182906742,0.00639841117794,0.000431599271968,7.0227951077,1,1.31631944088,0
4,0.5,fragile,-0.000440182906742,0.00639841117794,0.000431599271968,7.0227951077,1,1.31631944088,0
4,1,stable,-0.00044776263195,0.0132317637531,0.000665637869114,9.7977951077,1,1.60431944088,0
4,1,fragile,-0.00044776263195,0.0132317637531,0.000665637869114,9.7977951077,1,1.60431944088,0
4,2,stable,-0.000462921909935,0.0267578058976,0.00122651103417,15.3477951077,1,2.18031944088,0
4,2,fragile,-0.000595053580834,0.0660603636977,0.00198148038274,29.4023723524,0.433982165207,2.57995043199,0.99888604054
4,4,stable,-0.000493484731778,0.0532562104021,0.00241099771721,26.4477951077,0.980521704859,3.33231944088,0.0459568732651
4,4,fragile,-0.000688767079075,0.167267764243,0.00700176856203,113.709729642,0.2,6.75648848086,0.999999999959
5,0,stable,0.00185454501051,0.000424523707097,0.000350607054949,5.00554391824,1,1.11491930494,0
5,0,fragile,0.00185454501051,0.000424523707097,0.000350607054949,5.00554391824,1,1.11491930494,0
5,0.5,stable,0.00184694788424,0.0067195267902,0.000469608018644,7.22356974001,1,1.33926511314,0
5,0.5,fragile,0.00184694788424,0.0067195267902,0.000469608018644,7.22356974001,1,1.33926511314,0
5,1,stable,0.00183935081557,0.0135506709387,0.000707596421647,9.96706974001,1,1.62366511314,0
5,1,fragile,0.00183935081557,0.0135506709387,0.000707596421647,9.96706974001,1,1.62366511314,0
5,2,stable,0.00182415685107,0.0270723416899,0.00126833692965,15.45406974,1,2.19246511314,0
5,2,fragile,0.00169378402175,0.072138207469,0.00232212640801,33.9641992878,0.371929481399,2.90879598176,0.999721030526
5,4,stable,0.00179331498758,0.053562182348,0.00245085496183,26.42806974,0.9638765013,3.33006511314,0.0819288964804
5,4,fragile,0.00159757273731,0.174581994796,0.00751007549727,112.144701944,0.2,6.91470655494,0.999999999996
6,0,stable,0.00243215503622,0.000254744403929,0.000319005010324,4.8657322347,1,1.09894082682,0
6,0,fragile,0.00243215503622,0.000254744403929,0.000319005010324,4.8657322347,1,1.09894082682,0
6,0.5,stable,0.00242455352989,0.00617524210474,0.000429622651381,6.94387273019,1,1.30729974059,0
6,0.5,fragile,0.00242455352989,0.00617524210474,0.000429622651381,6.94387273019,1,1.30729974059,0
6,1,stable,0.00241695208121,0.0130101294932,0.000670776914559,9.67084030115,1,1.58981032013,0
6,1,fragile,0.00241695208121,0.0130101294932,0.000670776914559,9.67084030115,1,1.58981032013,0
6,2,stable,0.00240174935676,0.0265392096706,0.00123625952932,15.1578403012,1,2.15861032013,0
6,2,fragile,0.00227345415834,0.0682788516292,0.00214133755913,31.0350436932,0.407018800877,2.7749738318,0.999257664297
6,4,stable,0.00237105873614,0.0530435658809,0.00242269624225,26.1318403012,0.973125539347,3.29621032013,0.0530499088622
6,4,fragile,0.00217693868618,0.169176631427,0.00712990618416,111.930732036,0.2,6.57990173365,0.999999999971
7,0,stable,0.000235528309059,0.00168130925223,0.00033297843038,4.83653729739,1,1.09560426256,0
7,0,fragile,0.000235528309059,0.00168130925223,0.00033297843038,4.83653729739,1,1.09560426256,0
7,0.5,stable,0.00022794345989,0.00698795290077,0.000447805528746,7.10028662406,1,1.32517561418,0
7,0.5,fragile,0.00022794345989,0.00698795290077,0.000447805528746,7.10028662406,1,1.32517561418,0
7,1,stable,0.000220358668237,0.0138172509872,0.000687560592683,9.59611970106,1,1.58127082298,0
7,1,fragile,0.000220358668237,0.0138172509872,0.000687560592683,9.59611970106,1,1.58127082298,0
7,2,stable,0.000205189257477,0.0273352676149,0.00125092884864,14.7243880969,1,2.10907292536,0
7,2,fragile,7.15289529134e-05,0.070450365502,0.00216190456142,31.8145398733,0.398460393031,2.72239522197,0.999395634581
7,4,stable,0.000174564719495,0.0538179496053,0.00243612924835,25.8243880969,0.973305142169,3.26107292536,0.0532481486838
7,4,fragile,-2.01298823448e-05,0.169646657099,0.0071593432983,114.498309479,0.2,6.80688614791,0.999999999979
8,0,stable,-0.00225789720652,0.00307498352373,0.000304618466364,5.00179235046,1,1.11449055434,0
8,0,fragile,-0.00225789720652,0.00307498352373,0.000304618466364,5.00179235046,1,1.11449055434,0
8,0.5,stable,-0.00226546314789,0.00687066812974,0.000414674555553,7.01837116044,1,1.31581384691,0
8,0.5,fragile,-0.00226546314789,0.00687066812974,0.000414674555553,7.01837116044,1,1.31581384691,0
8,1,stable,-0.00227302903188,0.0134769028408,0.000658537914288,9.79337116044,1,1.60381384691,0
8,1,fragile,-0.00227302903188,0.0134769028408,0.000658537914288,9.79337116044,1,1.60381384691,0
8,2,stable,-0.00228816062775,0.026999584762,0.00122669084993,15.3433711604,1,2.17981384691,0
8,2,fragile,-0.00242053651097,0.0683833023809,0.00205997011809,30.3067997058,0.413754561491,2.63440436218,0.999345569853
8,4,stable,-0.00231869029598,0.0534914063684,0.00241545240483,26.4433711604,0.977365682988,3.33181384691,0.0499671532041
8,4,fragile,-0.00251268766468,0.168838269296,0.00710444670895,114.439320877,0.2,6.82654857579,0.999999999977
9,0,stable,-0.0014268874127,0.00260682064927,0.000286592061434,4.74642654878,1,1.08530589129,0
9,0,fragile,-0.0014268874127,0.00260682064927,0.000286592061434,4.74642654878,1,1.08530589129,0
9,0.5,stable,-0.00143445965566,0.00633943040542,0.000395115193243,7.02986286254,1,1.31712718429,0
9,0.5,fragile,-0.00143445965566,0.00633943040542,0.000395115193243,7.02986286254,1,1.31712718429,0
9,1,stable,-0.00144203184121,0.0131731886124,0.000642379671802,9.80486286254,1,1.60512718429,0
9,1,fragile,-0.00144203184121,0.0131731886124,0.000642379671802,9.80486286254,1,1.60512718429,0
9,2,stable,-0.00145717604004,0.0267000336706,0.00121383143724,15.3548628625,1,2.18112718429,0
9,2,fragile,-0.00158916809444,0.0664397220957,0.00199475891119,29.9032077491,0.431221716162,2.58350731253,0.99901793551
9,4,stable,-0.00148771657257,0.053200011136,0.00240434690829,26.4548628625,0.979736906314,3.33312718429,0.0473893279193
9,4,fragile,-0.001682366108,0.167577389005,0.00701972389815,113.424437286,0.2,6.71848925905,0.999999999964
10,0,stable,-0.00028021310241,0.00220370076551,0.000327862122858,5.04246513086,1,1.1191388721,0
10,0,fragile,-0.00028021310241,0.00220370076551,0.000327862122858,5.04246513086,1,1.1191388721,0
10,0.5,stable,-0.000287794040679,0.00668682521015,0.000441148579852,7.05859930592,1,1.32041134925,0
10,0.5,fragile,-0.000287794040679,0.00668682521015,0.000441148579852,7.05859930592,1,1.32041134925,0
10,1,stable,-0.00029537492146,0.0135181942591,0.000681384757654,9.80209930592,1,1.60481134925,0
10,1,fragile,-0.00029537492146,0.0135181942591,0.000681384757654,9.80209930592,1,1.60481134925,0
10,2,stable,-0.000310536510569,0.0270403101816,0.00124551005076,15.2890993059,1,2.17361134925,0
10,2,fragile,-0.000440777207989,0.0716567984332,0.00224773031083,32.3258679877,0.384783992298,2.82552622299,0.999537387537
10,4,stable,-0.000341262052499,0.0535310229596,0.0024309875832,26.2630993059,0.971277658188,3.31121134925,0.0732998437536
10,4,fragile,-0.000534865302498,0.17086159654,0.00721963799109,113.437203636,0.2,6.72395484355,0.999999999984
11,0,stable,-0.00222150300201,0.00351038003593,0.000297472204772,4.93398069646,1,1.10674065102,0
11,0,fragile,-0.00222150300201,0.00351038003593,0.000297472204772,4.93398069646,1,1.10674065102,0
11,0.5,stable,-0.00222906921936,0.00723890059732,0.000424639903028,6.96013958245,1,1.30915880942,0
11,0.5,fragile,-0.00222906921936,0.00723890059732,0.000424639903028,6.96013958245,1,1.30915880942,0
11,1,stable,-0.00223663537933,0.0140664728269,0.000674316692982,9.70363958245,1,1.59355880942,0
11,1,fragile,-0.00223663537933,0.0140664728269,0.000674316692982,9.70363958245,1,1.59355880942,0
11,2,stable,-0.00225176752715,0.0275810732673,0.00124544561282,15.1906395824,1,2.16235880942,0
11,2,fragile,-0.00238371987373,0.0674095037548,0.00201769450755,29.8211606323,0.428176502187,2.63440965714,0.999327326615
11,4,stable,-0.00228229568443,0.0540570627225,0.00243520807973,26.2135989612,0.977665002805,3.30555416699,0.049505740474
11,4,fragile,-0.00247691981191,0.168340763364,0.00705434651123,114.255473758,0.2,6.79029865406,0.999999999978
12,0,stable,-0.00139772177634,0.00403993672352,0.000306720665783,4.88772924086,1,1.10145477038,0
12,0,fragile,-0.00139772177634,0.00403993672352,0.000306720665783,4.88772924086,1,1.10145477038,0
12,0.5,stable,-0.00140529424047,0.00769478487711,0.00044618370437,7.40133729202,1,1.3595814048,0
12,0.5,fragile,-0.00140529424047,0.00769478487711,0.00044618370437,7.40133729202,1,1.3595814048,0
12,1,stable,-0.00141286664718,0.0145192218279,0.000697593613668,10.144837292,1,1.6439814048,0
12,1,fragile,-0.00141286664718,0.0145192218279,0.000697593613668,10.144837292,1,1.6439814048,0
12,2,stable,-0.00142801128833,0.0280276162497,0.0012686270591,15.631837292,1,2.2127814048,0
12,2,fragile,-0.00155766133627,0.0710739027897,0.00217243366867,31.3650030236,0.402471036348,2.72697434351,0.999498378297
12,4,stable,-0.00145856803912,0.0544914477069,0.00245801420478,26.605837292,0.976571233196,3.3503814048,0.0501142013288
12,4,fragile,-0.00165282524552,0.170048918855,0.00712982034099,114.40750623,0.2,6.82472586563,0.99999999998
13,0,stable,-0.000565454503859,0.00396073162604,0.000325626661241,4.86834442024,1,1.09923936231,0
13,0,fragile,-0.000565454503859,0.00396073162604,0.000325626661241,4.86834442024,1,1.09923936231,0
13,0.5,stable,-0.000573033279125,0.00674034994973,0.000416533631287,6.71756065532,1,1.28143550347,0
13,0.5,fragile,-0.000573033279125,0.00674034994973,0.000416533631287,6.71756065532,1,1.28143550347,0
13,1,stable,-0.00058061199692,0.0132160000217,0.000650786009402,9.40326572358,1,1.55923036841,0
13,1,fragile,-0.00058061199692,0.0132160000217,0.000650786009402,9.40326572358,1,1.55923036841,0
13,2,stable,-0.000595769260105,0.0267422582461,0.00121294295818,14.8902657236,1,2.12803036841,0
13,2,fragile,-0.000728383143965,0.0668860785008,0.0019909151658,29.6790125672,0.43307765542,2.57817022558,0.999142780046
13,4,stable,-0.000626323820298,0.0532410860656,0.0023988204782,25.8642657236,0.981777900486,3.26563036841,0.0451987453939
13,4,fragile,-0.00082246754871,0.169115870451,0.00708001432791,115.083440357,0.2,6.89497046405,0.999999999973
14,0,stable,0.0012874083884,0.00119075219666,0.000318151584951,4.89986690816,1,1.10284193236,0
14,0,fragile,0.0012874083884,0.00119075219666,0.000318151584951,4.89986690816,1,1.10284193236,0
14,0.5,stable,0.00127981556275,0.00592887395516,0.000410143567519,6.8579941399,1,1.29748504456,0
14,0.5,fragile,0.00127981556275,0.00592887395516,0.000410143567519,6.8579941399,1,1.29748504456,0
14,1,stable,0.00127222279469,0.0127654557053,0.000646351051292,9.6329941399,1,1.58548504456,0
14,1,fragile,0.00127222279469,0.0127654557053,0.000646351051292,9.6329941399,1,1.58548504456,0
14,2,stable,0.00125703743129,0.0262978897279,0.00121018073619,15.1829941399,1,2.16148504456,0
14,2,fragile,0.00112726790464,0.0696661654747,0.00216542826223,31.6194861474,0.39866805781,2.74839219917,0.999427468765
14,4,stable,0.00122638641857,0.0528088163413,0.0023967325318,26.2829941399,0.974575243359,3.31348504456,0.0522390980098
14,4,fragile,0.00103242178107,0.169375895288,0.00713538840636,113.294924831,0.2,6.7186686441,0.999999999979
15,0,stable,-0.000110148388471,0.00142413235923,0.00031110423672,5.02828469892,1,1.1175182513,0
15,0,fragile,-0.000110148388471,0.00142413235923,0.00031110423672,5.02828469892,1,1.1175182513,0
15,0.5,stable,-0.000117730616352,0.00630984037619,0.000417035536461,6.70571111902,1,1.28008127075,0
15,0.5,fragile,-0.000117730616352,0.00630984037619,0.000417035536461,6.70571111902,1,1.28008127075,0
15,1,stable,-0.000125312786737,0.0131438020843,0.000658487700566,9.44921111902,1,1.56448127075,0
15,1,fragile,-0.000125312786737,0.0131438020843,0.000658487700566,9.44921111902,1,1.56448127075,0
15,2,stable,-0.000140476955019,0.0266710499559,0.001225008057,14.9773720478,1,2.1379853769,0
15,2,fragile,-0.000272942799135,0.0676519942866,0.00207168373115,30.6755042575,0.418133720499,2.65511233437,0.999070524409
15,4,stable,-0.000171074085778,0.0531718165591,0.00241264202478,26.0773720478,0.976314286168,3.2899853769,0.0502887904133
15,4,fragile,-0.000365380326505,0.168119160096,0.00708533114182,113.718228323,0.2,6.75285703218,0.999999999965
16,0,stable,0.000965225385822,0.00270439118378,0.000335210919246,4.85940495294,1,1.09821770891,0
16,0,fragile,0.000965225385822,0.00270439118378,0.000335210919246,4.85940495294,1,1.09821770891,0
16,0.5,stable,0.000957635003313,0.00677075057915,0.000450385004847,7.19421074345,1,1.33590979925,0
16,0.5,fragile,0.000957635003313,0.00677075057915,0.000450385004847,7.19421074345,1,1.33590979925,0
16,1,stable,0.000950044678364,0.0136015424434,0.000689841695868,9.85171574345,1,1.61048179925,0
16,1,fragile,0.000950044678364,0.0136015424434,0.000689841695868,9.85171574345,1,1.61048179925,0
16,2,stable,0.000934864201137,0.0271225158778,0.00125284286827,15.3634877366,1,2.18211288418,0
16,2,fragile,0.00080604191454,0.0695432813333,0.00216715290167,31.3743738885,0.403543500158,2.81481059542,0.999460755998
16,4,stable,0.000904213736859,0.0536109904464,0.00243754101287,26.4634877366,0.971944123493,3.33411288418,0.0538880417687
16,4,fragile,0.000710183474012,0.16972769323,0.00714626036,112.832004291,0.2,6.66709038866,0.99999999998
17,0,stable,0.00264981109258,0.00116151143306,0.000341128842383,4.95523338013,1,1.10916952916,0
17,0,fragile,0.00264981109258,0.00116151143306,0.000341128842383,4.95523338013,1,1.10916952916,0
17,0.5,stable,0.00264220793576,0.00651258080668,0.000443673673609,7.25853493343,1,1.34326113525,0
17,0.5,fragile,0.00264220793576,0.00651258080668,0.000443673673609,7.25853493343,1,1.34326113525,0
17,1,stable,0.00263460483658,0.0133451481966,0.000678143340865,10.0335349334,1,1.63126113525,0
17,1,fragile,0.00263460483658,0.0133451481966,0.000678143340865,10.0335349334,1,1.63126113525,0
17,2,stable,0.0026193988112,0.0268696361334,0.00123838862101,15.5835349334,1,2.20726113525,0
17,2,fragile,0.00248830257841,0.072384892829,0.00227232885891,33.2197807908,0.375920141072,2.83192107232,0.999719189099
17,4,stable,0.00258857118779,0.053364995843,0.00242166411536,26.6835349334,0.969467292088,3.35926113525,0.0753592788308
17,4,fragile,0.002394294947,0.1714302908,0.00725241332629,113.068272575,0.2,6.6895679931,0.999999999992
18,0,stable,0.000642854933891,0.000147650570003,0.000328149240249,4.90516445485,1,1.10344736627,0
18,0,fragile,0.000642854933891,0.000147650570003,0.000328149240249,4.90516445485,1,1.10344736627,0
18,0.5,stable,0.000635266995938,0.00615933749473,0.000426956578457,6.78334748001,1,1.28895399772,0
18,0.5,fragile,0.000635266995938,0.00615933749473,0.000426956578457,6.78334748001,1,1.28895399772,0
18,1,stable,0.000627679115525,0.0129943342649,0.00066291518044,9.45090835446,1,1.56467524051,0
18,1,fragile,0.000627679115525,0.0129943342649,0.00066291518044,9.45090835446,1,1.56467524051,0
18,2,stable,0.000612503527317,0.026523630954,0.00122533653797,14.9379083545,1,2.13347524051,0
18,2,fragile,0.000479878633102,0.0745744763801,0.00238488192369,34.8994527019,0.350298569271,2.94224813776,0.999792333164
18,4,stable,0.000581690447746,0.0530284113251,0.00241014001548,25.9119083545,0.964319261953,3.27107524051,0.0833146818851
18,4,fragile,0.000387042146459,0.173589853464,0.00745091255034,113.152563313,0.2,6.87414660074,0.999999999997
19,0,stable,1.19501525992e-05,0.00109892480562,0.000314005214446,4.86318220414,1,1.09864939476,0
19,0,fragile,1.19501525992e-05,0.00109892480562,0.000314005214446,4.86318220414,1,1.09864939476,0
19,0.5,stable,4.3669988381e-06,0.00697435439907,0.000439183747845,7.08191638182,1,1.32307615792,0
19,0.5,fragile,4.3669988381e-06,0.00697435439907,0.000439183747845,7.08191638182,1,1.32307615792,0
19,1,stable,-3.21609742227e-06,0.0138037460072,0.000685361273053,9.85691638182,1,1.61107615792,0
19,1,fragile,-3.21609742227e-06,0.0138037460072,0.000685361273053,9.85691638182,1,1.61107615792,0
19,2,stable,-1.83821174297e-05,0.0273219477533,0.00125341906669,15.4069163818,1,2.18707615792,0
19,2,fragile,-0.000148306007136,0.0707296419535,0.00220984169114,32.012602694,0.399242189702,2.76890655669,0.999369171478
19,4,stable,-4.90941868933e-05,0.0538049924027,0.00244101520916,26.5069163818,0.974085561481,3.33907615792,0.0694332940195
19,4,fragile,-0.000243153330139,0.169970912053,0.00716788205332,114.116231892,0.2,6.7961181686,0.999999999975
20,0,stable,0.00257175488035,5.26834062431e-05,0.000303999049986,4.9205119507,1,1.10520136579,0
20,0,fragile,0.00257175488035,5.26834062431e-05,0.000303999049986,4.9205119507,1,1.10520136579,0
20,0.5,stable,0.00256415231542,0.00650926369338,0.000424583371965,6.83031903377,1,1.29432217529,0
20,0.5,fragile,0.00256415231542,0.00650926369338,0.000424583371965,6.83031903377,1,1.29432217529,0
20,1,stable,0.00255654980815,0.0133418538962,0.000671327995591,9.60531903377,1,1.58232217529,0
20,1,fragile,0.00239363127321,0.0404880818086,0.00108725729256,20.6956463269,0.581108303535,1.58232217529,0.989641259893
20,2,stable,0.00254134496655,0.0268663869894,0.00124063113582,15.1553190338,1,2.15832217529,0
20,2,fragile,0.00240668890817,0.0779318996368,0.00250203478591,36.6410130846,0.325161293177,2.99688343479,0.999879714169
20,4,stable,0.00251033224578,0.0533618351633,0.00242831623476,26.2553190338,0.959737540333,3.31032217529,0.10603072926
20,4,fragile,0.00231250911604,0.177538587917,0.00774543448595,111.854501187,0.2,7.10779700666,0.999999999999
21,0,stable,0.000187786458929,0.00209760600391,0.000335365758396,4.8674966121,1,1.09914246995,0
21,0,fragile,0.000187786458929,0.00209760600391,0.000335365758396,4.8674966121,1,1.09914246995,0
21,0.5,stable,0.000180201971789,0.00679461044126,0.000449291588677,7.02683902363,1,1.3167816027,0
21,0.5,fragile,0.000180201971789,0.00679461044126,0.000449291588677,7.02683902363,1,1.3167816027,0
21,1,stable,0.000172617542163,0.0136252382127,0.00068833879156,9.80183902363,1,1.6047816027,0
21,1,fragile,0.000172617542163,0.0136252382127,0.00068833879156,9.80183902363,1,1.6047816027,0
21,2,stable,0.000157448855449,0.0271458868393,0.00125114702344,15.3518390236,1,2.1807816027,0
21,2,fragile,2.79325776087e-05,0.0703555734023,0.00220155726669,31.8307158066,0.394681772893,2.83611990206,0.999534225415
21,4,stable,0.000126711064136,0.0536337250882,0.00243556018315,26.4518390236,0.971206911481,3.3327816027,0.0729531804687
21,4,fragile,-6.70905121004e-05,0.170302234387,0.00718384190538,113.416093337,0.2,6.71170362063,0.999999999982
22,0,stable,-0.000597027920476,0.00159241074441,0.000328200195563,4.82941516383,1,1.09479030444,0
22,0,fragile,-0.000597027920476,0.00159241074441,0.000328200195563,4.82941516383,1,1.09479030444,0
22,0.5,stable,-0.000604606456319,0.00741196241551,0.000460672648305,7.24733505623,1,1.34198114928,0
22,0.5,fragile,-0.000604606456319,0.00741196241551,0.000460672648305,7.24733505623,1,1.34198114928,0
22,1,stable,-0.000612184934694,0.0142383444372,0.000706595945349,10.0223350562,1,1.62998114928,0
22,1,fragile,-0.000612184934694,0.0142383444372,0.000706595945349,10.0223350562,1,1.62998114928,0
22,2,stable,-0.000627341719039,0.0277505889621,0.00127320806384,15.5723350562,1,2.20598114928,0
22,2,fragile,-0.00075830365955,0.0730576134719,0.0022982757439,32.9246191096,0.380463027201,2.83415706925,0.999553478586
22,4,stable,-0.000658058948298,0.054221963024,0.00245959906676,26.6723350562,0.971476697335,3.35798114928,0.0735266563834
22,4,fragile,-0.000851750986779,0.171447831169,0.00723773974421,114.005131995,0.2,6.77575993189,0.999999999982
23,0,stable,0.00272678001836,0.00112820759978,0.000325403759295,4.9277088777,1,1.10602387174,0
23,0,fragile,0.00272678001836,0.00112820759978,0.000325403759295,4.9277088777,1,1.10602387174,0
23,0.5,stable,0.00271917627787,0.00754975422302,0.0004649831115,7.13629816339,1,1.32929121867,0
23,0.5,fragile,0.00271917627787,0.00754975422302,0.0004649831115,7.13629816339,1,1.32929121867,0
23,1,stable,0.00271157259504,0.0143751886013,0.000713502348949,9.80017049695,1,1.60459091394,0
23,1,fragile,0.00271157259504,0.0143751886013,0.000713502348949,9.80017049695,1,1.60459091394,0
23,2,stable,0.00269636540236,0.0278855573464,0.00128160137312,15.287170497,1,2.17339091394,0
23,2,fragile,0.00256413085849,0.074673607338,0.00237993098008,34.8603536281,0.360808911176,2.90835581115,0.999702867927
23,4,stable,0.0026655109132,0.0543532566326,0.00246816503056,26.261170497,0.965509010398,3.31099091394,0.0795207262064
23,4,fragile,0.00247066868297,0.173140927233,0.00736917282399,113.587666423,0.2,6.7619753765,0.999999999993
24,0,stable,-0.000811331788376,0.00353274257679,0.000347770175409,4.89820326578,1,1.1026518018,0
24,0,fragile,-0.000811331788376,0.00353274257679,0.000347770175409,4.89820326578,1,1.1026518018,0
24,0.5,stable,-0.000818908699139,0.00729169315297,0.000462771149545,7.46673432348,1,1.36705535125,0
24,0.5,fragile,-0.000818908699139,0.00729169315297,0.000462771149545,7.46673432348,1,1.36705535125,0
24,1,stable,-0.000826485552447,0.0139943365692,0.000699946283194,10.2102343235,1,1.65145535125,0
24,1,fragile,-0.000826485552447,0.0139943365692,0.000699946283194,10.2102343235,1,1.65145535125,0
24,2,stable,-0.000841639086694,0.0275099258113,0.00126060461131,15.6972343235,1,2.22025535125,0
24,2,fragile,-0.000971659525237,0.0712359154239,0.00219636171305,31.532860426,0.400598161173,2.73265500212,0.999404502103
24,4,stable,-0.000872214936775,0.0539878523938,0.002444241405,26.6712343235,0.977195533656,3.35785535125,0.050302731118
24,4,fragile,-0.00106621251243,0.169748557882,0.00712008454034,113.722793328,0.2,6.75167612804,0.999999999976
25,0,stable,-0.00208521108677,0.00238304325069,0.000329482237026,4.89588607218,1,1.10238697968,0
25,0,fragile,-0.00208521108677,0.00238304325069,0.000329482237026,4.89588607218,1,1.10238697968,0
25,0.5,stable,-0.00209277833763,0.00622227677705,0.000430761159899,6.88975825165,1,1.30111522876,0
25,0.5,fragile,-0.00209277833763,0.00622227677705,0.000430761159899,6.88975825165,1,1.30111522876,0
25,1,stable,-0.0021003455311,0.0130568406913,0.000667162970944,9.66475825165,1,1.58911522876,0
25,1,fragile,-0.0021003455311,0.0130568406913,0.000667162970944,9.66475825165,1,1.58911522876,0
25,2,stable,-0.0021154797459,0.0265852805788,0.00122958236703,15.2147582517,1,2.16511522876,0
25,2,fragile,-0.0022458749139,0.0729278117957,0.00229560029699,33.6680623609,0.370094104158,2.83205782801,0.999719983062
25,4,stable,-0.002146166649,0.0530883824194,0.00241423138994,26.3147582517,0.969122271403,3.31711522876,0.0761841066163
25,4,fragile,-0.00233965250405,0.172045767621,0.00730631721889,112.24391688,0.2,6.73436166751,0.999999999993
26,0,stable,0.00110378522117,0.00129817710966,0.000310741289399,4.86978286895,1,1.09940375645,0
26,0,fragile,0.00110378522117,0.00129817710966,0.000310741289399,4.86978286895,1,1.09940375645,0
26,0.5,stable,0.00109619378795,0.00706180949787,0.000436927184965,6.87649322244,1,1.29959922542,0
26,0.5,fragile,0.00109619378795,0.00706180949787,0.000436927184965,6.87649322244,1,1.29959922542,0
26,1,stable,0.0010886024123,0.0138905996461,0.000683962865618,9.65149322244,1,1.58759922542,0
26,1,fragile,0.0010886024123,0.0138905996461,0.000683962865618,9.65149322244,1,1.58759922542,0
26,2,stable,0.0010734198337,0.0274076108533,0.00125270456868,15.2014932224,1,2.16359922542,0
26,2,fragile,0.000943217968336,0.0709724527141,0.00220632239959,32.1728328971,0.398538174564,2.77193568636,0.999449153468
26,4,stable,0.00104277222213,0.0538883231588,0.0024409155442,26.3014932224,0.974085542751,3.31559922542,0.052630246417
26,4,fragile,0.000848264281903,0.169721538464,0.00714783000193,113.931784361,0.2,6.76134469681,0.999999999977
27,0,stable,0.00305845929683,0.000726167724228,0.000319483610739,4.91597664012,1,1.10468304458,0
27,0,fragile,0.00305845929683,0.000726167724228,0.000319483610739,4.91597664012,1,1.10468304458,0
27,0.5,stable,0.0030508530412,0.00700482516092,0.000448005236381,7.40923273414,1,1.36048374104,0
27,0.5,fragile,0.0030508530412,0.00700482516092,0.000448005236381,7.40923273414,1,1.36048374104,0
27,1,stable,0.00304324684324,0.0138340072108,0.000694191779466,10.1527327341,1,1.64488374104,0
27,1,fragile,0.00304324684324,0.0138340072108,0.000694191779466,10.1527327341,1,1.64488374104,0
27,2,stable,0.00302803462037,0.027351794154,0.00126172626114,15.6397327341,1,2.21368374104,0
27,2,fragile,0.00289356163694,0.078249823728,0.00250357339841,36.2327867549,0.323078194166,3.01494444781,0.999887573228
27,4,stable,0.00299711895693,0.0538340261773,0.00244799740615,26.6137327341,0.95997071207,3.35128374104,0.0880695891123
27,4,fragile,0.00279918454141,0.177110971546,0.00772184358733,111.744328763,0.2,7.12261752417,0.999999999999
28,0,stable,-0.00116594313685,0.0041436726645,0.000310667745826,4.80100456419,1,1.09154337876,0
28,0,fragile,-0.00116594313685,0.0041436726645,0.000310667745826,4.80100456419,1,1.09154337876,0
28,0.5,stable,-0.00117351735857,0.00815775779045,0.000453225935375,7.29295241992,1,1.34719456228,0
28,0.5,fragile,-0.00117351735857,0.00815775779045,0.000453225935375,7.29295241992,1,1.34719456228,0
28,1,stable,-0.00118109152286,0.0146476265493,0.00070488840908,10.0364524199,1,1.63159456228,0
28,1,fragile,-0.00118109152286,0.0146476265493,0.00070488840908,10.0364524199,1,1.63159456228,0
28,2,stable,-0.00119623967913,0.0280666666668,0.00127571132019,15.5234524199,1,2.20039456228,0
28,2,fragile,-0.00132729070786,0.0740400543531,0.00231192057579,33.9266705162,0.371034110343,2.83973761859,0.999729432865
28,4,stable,-0.00122697236789,0.0545294349008,0.00246437438725,26.5747380885,0.9694022477,3.34682721011,0.0790905279434
28,4,fragile,-0.00142048992418,0.172801045946,0.00730740682545,114.085610434,0.2,6.77094912277,0.999999999993
29,0,stable,-0.00232473268623,0.00277487851726,0.000321721826789,4.8136552837,1,1.09298917528,0
29,0,fragile,-0.00232473268623,0.00277487851726,0.000321721826789,4.8136552837,1,1.09298917528,0
29,0.5,stable,-0.00233229812078,0.00634161765685,0.000431505907139,6.86845352694,1,1.29868040308,0
29,0.5,fragile,-0.00233229812078,0.00634161765685,0.000431505907139,6.86845352694,1,1.29868040308,0
29,1,stable,-0.00233986349796,0.0131753608213,0.000671896109914,9.61195352694,1,1.58308040308,0
29,1,fragile,-0.00233986349796,0.0131753608213,0.000671896109914,9.61195352694,1,1.58308040308,0
29,2,stable,-0.00235499408021,0.0267021761042,0.00123677092197,15.0989535269,1,2.15188040308,0
29,2,fragile,-0.00248538649622,0.0648359361998,0.00197857327102,29.1837294962,0.437272142477,2.6459860328,0.998682790617
29,4,stable,-0.00238552441763,0.0532020952376,0.00242321290231,26.0729535269,0.976701054645,3.28948040308,0.0504506827046
29,4,fragile,-0.00257947902478,0.167791360267,0.00705974139233,113.493069478,0.2,6.71814704622,0.99999999995
30,0,stable,-0.00135610060319,0.00193001101183,0.000313000779251,4.93028914306,1,1.10631875921,0
30,0,fragile,-0.00135610060319,0.00193001101183,0.000313000779251,4.93028914306,1,1.10631875921,0
30,0.5,stable,-0.00136367338294,0.00794378345689,0.000468445519065,7.20211999307,1,1.33681371349,0
30,0.5,fragile,-0.00136367338294,0.00794378345689,0.000468445519065,7.20211999307,1,1.33681371349,0
30,1,stable,-0.00137124610526,0.0147665079556,0.000723510567588,9.85962499307,1,1.61138571349,0
30,1,fragile,-0.00137124610526,0.0147665079556,0.000723510567588,9.85962499307,1,1.61138571349,0
30,2,stable,-0.00138639137763,0.0282715127237,0.00129583335242,15.2394522033,1,2.16793739467,0
30,2,fragile,-0.00151598444597,0.0722446633364,0.00227202645551,32.5002372312,0.388197260889,2.82814173332,0.999443588104
30,4,stable,-0.00141708721161,0.0547287036269,0.00248478393,26.3394522033,0.970274827188,3.31993739467,0.0738995736687
30,4,fragile,-0.00161090458991,0.171529992527,0.0072292717699,113.763887611,0.2,6.73688564907,0.999999999978
31,0,stable,-0.000252549452934,0.00245220029105,0.000326423420938,4.88130493634,1,1.10072056415,0
31,0,fragile,-0.000252549452934,0.00245220029105,0.000326423420938,4.88130493634,1,1.10072056415,0
31,0.5,stable,-0.00026013060098,0.00788393007341,0.000467390322474,7.38995739974,1,1.35828084568,0
31,0.5,fragile,-0.00026013060098,0.00788393007341,0.000467390322474,7.38995739974,1,1.35828084568,0
31,1,stable,-0.000267711691536,0.0147070662052,0.000716177211245,10.1334573997,1,1.64268084568,0
31,1,fragile,-0.000267711691536,0.0147070662052,0.000716177211245,10.1334573997,1,1.64268084568,0
31,2,stable,-0.000282873700186,0.0282128857661,0.00128432310121,15.6204573997,1,2.21148084568,0
31,2,fragile,-0.000413490271478,0.0728192365495,0.00225632462988,32.3756923948,0.390099075782,2.80832556483,0.999549076598
31,4,stable,-0.00031358290783,0.0546716729018,0.00247115626636,26.5944573997,0.973321732674,3.34908084568,0.0703571146834
31,4,fragile,-0.000507650512428,0.170492825305,0.0071618994519,114.012131098,0.2,6.77031396148,0.999999999983
32,0,stable,0.00142648958791,0.00221642217213,0.000332888022614,5.15209811884,1,1.13166835644,0
32,0,fragile,0.00142648958791,0.00221642217213,0.000332888022614,5.15209811884,1,1.13166835644,0
32,0.5,stable,0.0014188957076,0.00669443273422,0.000443514890939,7.19771698497,1,1.33631051257,0
32,0.5,fragile,0.0014188957076,0.00669443273422,0.000443514890939,7.19771698497,1,1.33631051257,0
32,1,stable,0.00141130188488,0.0135257494635,0.000682019869159,9.94121698497,1,1.62071051257,0
32,1,fragile,0.00141130188488,0.0135257494635,0.000682019869159,9.94121698497,1,1.62071051257,0
32,2,stable,0.0013961144122,0.0270477618237,0.00124487198157,15.428216985,1,2.18951051257,0
32,2,fragile,0.00126481326462,0.0625813666478,0.00189765001737,27.7548812695,0.463134556536,2.57857687483,0.998354253108
32,4,stable,0.00136550737317,0.0535382717163,0.00242987400407,26.402216985,0.981836408611,3.32711051257,0.0437214816127
32,4,fragile,0.00116955338546,0.167634307609,0.00697957770265,113.181035038,0.2,6.71696764315,0.999999999941
33,0,stable,0.00164359985682,0.000685184383104,0.000349687935969,5.02129335513,1,1.11671924059,0
33,0,fragile,0.00164359985682,0.000685184383104,0.000349687935969,5.02129335513,1,1.11671924059,0
33,0.5,stable,0.00163600433015,0.00753049311335,0.000486052115773,7.2063934878,1,1.33730211289,0
33,0.5,fragile,0.00163600433015,0.00753049311335,0.000486052115773,7.2063934878,1,1.33730211289,0
33,1,stable,0.00162840886109,0.0143560599572,0.000729908409659,9.8638984878,1,1.61187411289,0
33,1,fragile,0.00162840886109,0.0143560599572,0.000729908409659,9.8638984878,1,1.61187411289,0
33,2,stable,0.00161321809574,0.0278666909065,0.00129362645406,15.1789084878,1,2.16101811289,0
33,2,fragile,0.0014843918868,0.069974102753,0.00220508065714,31.5933521012,0.401199999881,2.81923284005,0.999291118302
33,4,stable,0.00158254637324,0.0543349038681,0.00247765846573,26.1763463165,0.970712116889,3.30129672189,0.0539907053404
33,4,fragile,0.00138800308669,0.170324061699,0.00718386065837,113.306150368,0.2,6.71226657251,0.999999999973
34,0,stable,0.000852112359751,0.00167604601907,0.000328094277348,4.93877403855,1,1.10728846155,0
34,0,fragile,0.000852112359751,0.00167604601907,0.000328094277348,4.93877403855,1,1.10728846155,0
34,0.5,stable,0.000844522834987,0.0072743754132,0.000463943379898,7.24546209643,1,1.34176709673,0
34,0.5,fragile,0.000844522834987,0.0072743754132,0.000463943379898,7.24546209643,1,1.34176709673,0
34,1,stable,0.000836933367773,0.0140284673032,0.000710911868822,10.0204620964,1,1.62976709673,0
34,1,fragile,0.000836933367773,0.0140284673032,0.000710911868822,10.0204620964,1,1.62976709673,0
34,2,stable,0.000821754605999,0.0275435887011,0.00127803129769,15.5704620964,1,2.20576709673,0
34,2,fragile,0.000693053810877,0.0700544364928,0.00220839535328,32.1547343384,0.399765777475,2.81959880166,0.999444691759
34,4,stable,0.000790989304018,0.0540205987462,0.00246434205759,26.6704620964,0.970868800233,3.35776709673,0.0741611432159
34,4,fragile,0.000597222742029,0.171410876145,0.00723821863797,112.646607549,0.2,6.63726426129,0.99999999998
35,0,stable,-0.000145151854654,0.00123440198733,0.000321335600066,4.93112353038,1,1.10641411776,0
35,0,fragile,-0.000145151854654,0.00123440198733,0.000321335600066,4.93112353038,1,1.10641411776,0
35,0.5,stable,-0.000152733817101,0.00629645102548,0.000423732289822,6.98882369678,1,1.31243699392,0
35,0.5,fragile,-0.000152733817101,0.00629645102548,0.000423732289822,6.98882369678,1,1.31243699392,0
35,1,stable,-0.000160315722055,0.0130698072138,0.000662114914169,9.75990703424,1,1.59998937534,0
35,1,fragile,-0.000160315722055,0.0130698072138,0.000662114914169,9.75990703424,1,1.59998937534,0
35,2,stable,-0.000175479359479,0.0265980693638,0.001226276573,15.3099070342,1,2.17598937534,0
35,2,fragile,-0.000306765630052,0.065944556814,0.00201357581373,29.745264408,0.427312992096,2.61941240518,0.999060693572
35,4,stable,-0.000206078984483,0.053100823005,0.00241270957736,26.4099070342,0.976441336085,3.32798937534,0.0509033311195
35,4,fragile,-0.000400170557696,0.168587677905,0.00709636607858,113.661401627,0.2,6.74413067469,0.999999999967
36,0,stable,-0.0027700852942,0.00334484600189,0.000341082765532,4.97389650389,1,1.11130245759,0
36,0,fragile,-0.0027700852942,0.00334484600189,0.000341082765532,4.97389650389,1,1.11130245759,0
36,0.5,stable,-0.00277764735161,0.0061087850581,0.000413533493649,6.79397104557,1,1.29016811949,0
36,0.5,fragile,-0.00277764735161,0.0061087850581,0.000413533493649,6.79397104557,1,1.29016811949,0
36,1,stable,-0.00278520935168,0.0127606286125,0.00063893432241,9.56897104557,1,1.57816811949,0
36,1,fragile,-0.00278520935168,0.0127606286125,0.00063893432241,9.56897104557,1,1.57816811949,0
36,2,stable,-0.00280033317979,0.0262931288021,0.00119597456745,15.1189710456,1,2.15416811949,0
36,2,fragile,-0.00293284399787,0.0655407823033,0.00194003429406,28.4787605518,0.441214091101,2.51775876776,0.998937706089
36,4,stable,-0.00283080432547,0.0528041850409,0.00237955924162,26.2189710456,0.985342035258,3.30616811949,0.0423117954455
36,4,fragile,-0.00302206161145,0.165116358206,0.00675216067425,105.99688092,0.2,6.33035663673,0.999999999906
37,0,stable,0.00161608820634,0.0021939910576,0.000296997205956,4.91771774737,1,1.10488202827,0
37,0,fragile,0.00161608820634,0.0021939910576,0.000296997205956,4.91771774737,1,1.10488202827,0
37,0.5,stable,0.0016084928883,0.00685503460775,0.000417364351363,7.23515252023,1,1.34058885945,0
37,0.5,fragile,0.0016084928883,0.00685503460775,0.000417364351363,7.23515252023,1,1.34058885945,0
37,1,stable,0.00160089762785,0.0136852468207,0.000665382058512,10.0101525202,1,1.62858885945,0
37,1,fragile,0.00160089762785,0.0136852468207,0.000665382058512,10.0101525202,1,1.62858885945,0
37,2,stable,0.00158570727974,0.0272050728844,0.00123591169161,15.5601525202,1,2.20458885945,0
37,2,fragile,0.00145594430355,0.06953793489,0.00214429009742,30.9741590285,0.406199527286,2.73630586771,0.999481720099
37,4,stable,0.00155505761686,0.0536912996785,0.00242551843727,26.6601525202,0.976321723177,3.35658885945,0.0502382184269
37,4,fragile,0.00136049048429,0.169341133959,0.00710796319619,113.744196596,0.2,6.75996813297,0.999999999979
38,0,stable,0.00176744131254,0.00106707529609,0.000305637208492,4.78325493024,1,1.08951484917,0
38,0,fragile,0.00176744131254,0.00106707529609,0.000305637208492,4.78325493024,1,1.08951484917,0
38,0.5,stable,0.00175984484678,0.00632282387982,0.000408613207778,6.95175505591,1,1.30820057782,0
38,0.5,fragile,0.00175984484678,0.00632282387982,0.000408613207778,6.95175505591,1,1.30820057782,0
38,1,stable,0.00175224843862,0.0131566962958,0.000650438332577,9.72675505591,1,1.59620057782,0
38,1,fragile,0.00175224843862,0.0131566962958,0.000650438332577,9.72675505591,1,1.59620057782,0
38,2,stable,0.00173705579512,0.0266837674211,0.00121776205721,15.2767550559,1,2.17220057782,0
38,2,fragile,0.00160510871406,0.0733875259595,0.00229325984094,33.8001690214,0.372508521148,2.80716651653,0.999665419074
38,4,stable,0.00170626346678,0.0531841877666,0.00240576260238,26.3767550559,0.971687731829,3.32420057782,0.0739293443693
38,4,fragile,0.00151228889072,0.170936520973,0.00722555435335,113.670985069,0.2,6.74629801583,0.999999999988
39,0,stable,0.000337856506594,0.00271217041118,0.000339283255269,4.96865337038,1,1.11070324233,0
39,0,fragile,0.000337856506594,0.00271217041118,0.000339283255269,4.96865337038,1,1.11070324233,0
39,0.5,stable,0.000330270881462,0.00758599988963,0.000474478005908,7.37689158387,1,1.35678760959,0
39,0.5,fragile,0.000330270881462,0.00758599988963,0.000474478005908,7.37689158387,1,1.35678760959,0
39,1,stable,0.000322685313855,0.0144111849936,0.000719513898012,10.1203915839,1,1.64118760959,0
39,1,fragile,0.000322685313855,0.0144111849936,0.000719513898012,10.1203915839,1,1.64118760959,0
39,2,stable,0.000307514351202,0.0279210603211,0.0012847201461,15.6073915839,1,2.20998760959,0
39,2,fragile,0.000177773184744,0.0714965312098,0.00225341580834,32.7221573814,0.388739942019,2.86419155144,0.999634445787
39,4,stable,0.000276759397534,0.05438779297,0.0024693321715,26.5813915839,0.96850146651,3.34758760959,0.0751336555108
39,4,fragile,8.28219188078e-05,0.171487590987,0.00724224972295,112.599194343,0.2,6.68695913582,0.99999999999
40,0,stable,-0.000521429150091,0.00227483676326,0.000340137891935,5.0722449993,1,1.12254228563,0
40,0,fragile,-0.000521429150091,0.00227483676326,0.000340137891935,5.0722449993,1,1.12254228563,0
40,0.5,stable,-0.000529008259204,0.0062423199538,0.000436267068188,6.81883563356,1,1.29300978669,0
40,0.5,fragile,-0.000529008259204,0.0062423199538,0.000436267068188,6.81883563356,1,1.29300978669,0
40,1,stable,-0.000536587310845,0.013076746024,0.000668968418238,9.47634063356,1,1.56758178669,0
40,1,fragile,-0.000536587310845,0.013076746024,0.000668968418238,9.47634063356,1,1.56758178669,0
40,2,stable,-0.000551745241707,0.0266049130609,0.0012286424158,14.9314027595,1,2.13273174395,0
40,2,fragile,-0.000683720633777,0.0661034074741,0.00200292984891,29.5211999913,0.436360219294,2.57313663313,0.998636177653
40,4,stable,-0.000582304792296,0.0531074803691,0.00241237347689,26.0314027595,0.98046161239,3.28473174395,0.0458606919903
40,4,fragile,-0.000777564097531,0.167366453547,0.00701291539887,113.524692693,0.2,6.73760890066,0.999999999947
41,0,stable,-0.00120922321347,0.00233277805288,0.000334621638388,5.04612478835,1,1.11955711867,0
41,0,fragile,-0.00120922321347,0.00233277805288,0.000334621638388,5.04612478835,1,1.11955711867,0
41,0.5,stable,-0.00121679710699,0.00773851069293,0.000475653713894,7.06239209728,1,1.32084481112,0
41,0.5,fragile,-0.00121679710699,0.00773851069293,0.000475653713894,7.06239209728,1,1.32084481112,0
41,1,stable,-0.00122437094309,0.0145626469257,0.000723239857007,9.71989709728,1,1.59541681112,0
41,1,fragile,-0.00122437094309,0.0145626469257,0.000723239857007,9.71989709728,1,1.59541681112,0
41,2,stable,-0.00123951844298,0.0280704461016,0.00129011574011,15.1313546849,1,2.15558339256,0
41,2,fragile,-0.00136999785969,0.0730822775187,0.00229399897573,32.8991794908,0.384507539881,2.81873259961,0.999418718196
41,4,stable,-0.0012702167932,0.0545331114332,0.00247623070638,26.2313546849,0.971816520512,3.30758339256,0.0735025542265
41,4,fragile,-0.0014641289024,0.171114400303,0.00723126633191,114.63087484,0.2,6.82890847273,0.999999999976
42,0,stable,-0.000820735539481,0.00304370164457,0.000345508613868,4.91146560709,1,1.10416749795,0
42,0,fragile,-0.000820735539481,0.00304370164457,0.000345508613868,4.91146560709,1,1.10416749795,0
42,0.5,stable,-0.000828312378936,0.00665919862037,0.000448030662559,7.03314252833,1,1.31750200324,0
42,0.5,fragile,-0.000828312378936,0.00665919862037,0.000448030662559,7.03314252833,1,1.31750200324,0
42,1,stable,-0.000835889160933,0.0134907576673,0.00068164607201,9.52897560533,1,1.57359721204,0
42,1,fragile,-0.000835889160933,0.0134907576673,0.00068164607201,9.52897560533,1,1.57359721204,0
42,2,stable,-0.000851042552565,0.0270132496745,0.00124101773354,14.6335889937,1,2.098695885,0
42,2,fragile,-0.000982879367886,0.0671935117239,0.00204459540618,30.0360203752,0.421146620835,2.7068342153,0.999280129466
42,4,stable,-0.000881629513822,0.0535046992273,0.00242416317444,25.6075889937,0.97419191914,3.236295885,0.0523292580743
42,4,fragile,-0.00107626893874,0.168542912596,0.00711069758331,114.337931495,0.2,6.79054235886,0.999999999976
43,0,stable,0.00181227754754,0.000735795122037,0.000315409789887,4.80828697648,1,1.09237565445,0
43,0,fragile,0.00181227754754,0.000735795122037,0.000315409789887,4.80828697648,1,1.09237565445,0
43,0.5,stable,0.00180468074179,0.0065603701983,0.000420801507247,6.79487327217,1,1.29027123111,0
43,0.5,fragile,0.00180468074179,0.0065603701983,0.000420801507247,6.79487327217,1,1.29027123111,0
43,1,stable,0.00179708399363,0.0131952745023,0.000661225454746,9.33512939322,1,1.55144335923,0
43,1,fragile,0.00179708399363,0.0131952745023,0.000661225454746,9.33512939322,1,1.55144335923,0
43,2,stable,0.00178189067015,0.0267218168201,0.00122685506507,14.8851293932,1,2.12744335923,0
43,2,fragile,0.00165214540162,0.0694575450428,0.00217425153344,31.8926472622,0.400398567549,2.80226340541,0.999508542711
43,4,stable,0.00175110208278,0.053221201197,0.00241368560194,25.9851293932,0.972969543433,3.27944335923,0.0730395658526
43,4,fragile,0.00155685521848,0.169842265759,0.00717953733441,114.298112549,0.2,6.79450431487,0.999999999981
44,0,stable,-0.000815045280824,0.00177908675483,0.000349210379699,4.9884910647,1,1.11297040739,0
44,0,fragile,-0.000815045280824,0.00177908675483,0.000349210379699,4.9884910647,1,1.11297040739,0
44,0.5,stable,-0.00082262216343,0.00625039927248,0.000449089626318,7.18544992981,1,1.33490856341,0
44,0.5,fragile,-0.00082262216343,0.00625039927248,0.000449089626318,7.18544992981,1,1.33490856341,0
44,1,stable,-0.000830198988576,0.0130847697783,0.000681153225202,9.92894992981,1,1.61930856341,0
44,1,fragile,-0.000830198988576,0.0130847697783,0.000681153225202,9.92894992981,1,1.61930856341,0
44,2,stable,-0.000845352466506,0.0266128268302,0.00123943939963,15.4159499298,1,2.18810856341,0
44,2,fragile,-0.000972755188263,0.0656771647524,0.00203191173231,29.116102574,0.428333147548,2.67802868941,0.998899290702
44,4,stable,-0.000875912420249,0.0531151786708,0.00242172601813,26.3899499298,0.977787719907,3.32570856341,0.0475465278946
44,4,fragile,-0.00106978598761,0.166816802858,0.00697433114464,111.851721018,0.2,6.58661699324,0.999999999952
45,0,stable,-0.00114399186351,0.00224953635692,0.000348895761766,4.91992535964,1,1.10513432682,0
45,0,fragile,-0.00114399186351,0.00224953635692,0.000348895761766,4.91992535964,1,1.10513432682,0
45,0.5,stable,-0.00115156625169,0.00773524296247,0.000476741616309,7.20909319503,1,1.33761065086,0
45,0.5,fragile,-0.00115156625169,0.00773524296247,0.000476741616309,7.20909319503,1,1.33761065086,0
45,1,stable,-0.00115914058244,0.0145594016686,0.000717907727652,9.86659819503,1,1.61218265086,0
45,1,fragile,-0.00115914058244,0.0145594016686,0.000717907727652,9.86659819503,1,1.61218265086,0
45,2,stable,-0.00117428907162,0.0280672453286,0.00128034106413,15.181608195,1,2.16132665086,0
45,2,fragile,-0.00130549794855,0.0734578402342,0.0022883634495,33.0733421962,0.381544231787,2.84075220433,0.999641472259
45,4,stable,-0.00120498649736,0.0545299978074,0.00246391687323,25.9554848298,0.97145425841,3.27605540912,0.0730287089205
45,4,fragile,-0.00139910658464,0.170784145093,0.00720143560709,114.62358162,0.2,6.82003917085,0.999999999987
46,0,stable,0.000614614859912,0.000618787597621,0.000325089397488,5.04554089759,1,1.1194903883,0
46,0,fragile,0.000614614859912,0.000618787597621,0.000325089397488,5.04554089759,1,1.1194903883,0
46,0.5,stable,0.000607027136105,0.00702236755813,0.000449516419834,6.74203767277,1,1.28423287689,0
46,0.5,fragile,0.000607027136105,0.00702236755813,0.000449516419834,6.74203767277,1,1.28423287689,0
46,1,stable,0.000599439469839,0.0138514289627,0.000693542736679,9.44802465716,1,1.5643456751,0
46,1,fragile,0.000599439469839,0.0138514289627,0.000693542736679,9.44802465716,1,1.5643456751,0
46,2,stable,0.000584264309915,0.0273689770987,0.00125957866808,14.9979251039,1,2.14033429759,0
46,2,fragile,0.000454793880926,0.070598987223,0.00220472076452,31.6959459537,0.398093753354,2.80910332576,0.999399094871
46,4,stable,0.000553515857375,0.053850741283,0.00244581366884,26.0979251039,0.972311276943,3.29233429759,0.0725049899877
46,4,fragile,0.000359427083932,0.170376830549,0.00718791476312,114.024502376,0.2,6.7676318276,0.999999999977
47,0,stable,-0.00154286187325,0.00159294453539,0.000337405658661,4.9785998615,1,1.11183998417,0
47,0,fragile,-0.00154286187325,0.00159294453539,0.000337405658661,4.9785998615,1,1.11183998417,0
47,0.5,stable,-0.00155043323677,0.00711131875017,0.00046268102504,7.31812353646,1,1.35007126131,0
47,0.5,fragile,-0.00155043323677,0.00711131875017,0.00046268102504,7.31812353646,1,1.35007126131,0
47,1,stable,-0.00155800454288,0.0139397684056,0.000704882617126,9.97562853646,1,1.62464326131,0
47,1,fragile,-0.00155800454288,0.0139397684056,0.000704882617126,9.97562853646,1,1.62464326131,0
47,2,stable,-0.00157314698286,0.0274561056362,0.0012688951539,15.2906385365,1,2.17378726131,0
47,2,fragile,-0.00170229828192,0.0708110372116,0.00223116204068,32.2824124758,0.391616781278,2.85283332061,0.99954931751
47,4,stable,-0.00160383997866,0.0539354975773,0.00245348491696,25.9206585365,0.96914574991,3.27207526131,0.0743966208883
47,4,fragile,-0.00179761117838,0.171137411438,0.00724483481642,113.81120968,0.2,6.760302185,0.999999999985
48,0,stable,-5.80915332244e-05,0.000616665906122,0.000305278929493,4.85633571145,1,1.09786693845,0
48,0,fragile,-5.80915332244e-05,0.000616665906122,0.000305278929493,4.85633571145,1,1.09786693845,0
48,0.5,stable,-6.5674155856e-05,0.00714636120415,0.000444480848142,7.12390096455,1,1.32787439595,0
48,0.5,fragile,-6.5674155856e-05,0.00714636120415,0.000444480848142,7.12390096455,1,1.32787439595,0
48,1,stable,-7.32567209889e-05,0.0139745698602,0.000696050173835,9.86740096455,1,1.61227439595,0
48,1,fragile,-7.32567209889e-05,0.0139745698602,0.000696050173835,9.86740096455,1,1.61227439595,0
48,2,stable,-8.8421678757e-05,0.0274904300527,0.00126727855913,15.3544009646,1,2.18107439595,0
48,2,fragile,-0.000218044488832,0.0711665952983,0.00225400598588,32.4601451044,0.390465948588,2.85115635547,0.999450452442
48,4,stable,-0.000119162936267,0.0539688874451,0.00245615291654,26.3284009646,0.970114804719,3.31867439595,0.0748187214818
48,4,fragile,-0.000312863835813,0.171246092235,0.00725151562202,113.41717424,0.2,6.72190243745,0.999999999981
49,0,stable,-0.000389422221505,0.00189705122571,0.000337696909521,4.89354699141,1,1.10211965616,0
49,0,fragile,-0.000389422221505,0.00189705122571,0.000337696909521,4.89354699141,1,1.10211965616,0
49,0.5,stable,-0.000397002331636,0.00830916382463,0.000492016719753,7.42893749811,1,1.36273571407,0
49,0.5,fragile,-0.000397002331636,0.00830916382463,0.000492016719753,7.42893749811,1,1.36273571407,0
49,1,stable,-0.000404582384285,0.0151293754722,0.000743422035516,10.1724374981,1,1.64713571407,0
49,1,fragile,-0.000404582384285,0.0151293754722,0.000743422035516,10.1724374981,1,1.64713571407,0
49,2,stable,-0.000419742317144,0.0286294062645,0.00131207161592,15.6594374981,1,2.21593571407,0
49,2,fragile,-0.000549690449319,0.0728724421676,0.00228767881296,33.2088773592,0.383363673086,2.86353817746,0.999621231119
49,4,stable,-0.00045047637946,0.0550768528226,0.00249820061718,26.6334374981,0.968244432544,3.35353571407,0.0753904170558
49,4,fragile,-0.000644529407047,0.171941588066,0.00724817463501,113.161967647,0.2,6.67149014761,0.999999999988
50,0,stable,-0.00124650244497,0.00247171933188,0.000322513020246,4.9525737906,1,1.10886557607,0
50,0,fragile,-0.00124650244497,0.00247171933188,0.000322513020246,4.9525737906,1,1.10886557607,0
50,0.5,stable,-0.0012540760558,0.00720841535161,0.000450338762482,7.17250197906,1,1.33342879761,0
50,0.5,fragile,-0.0012540760558,0.00720841535161,0.000450338762482,7.17250197906,1,1.33342879761,0
50,1,stable,-0.00126164960921,0.0140361972391,0.000695808863352,9.94750197906,1,1.62142879761,0
50,1,fragile,-0.00126164960921,0.0140361972391,0.000695808863352,9.94750197906,1,1.62142879761,0
50,2,stable,-0.00127679654373,0.0275512126796,0.00126273662442,15.4975019791,1,2.19742879761,0
50,2,fragile,-0.0014053949512,0.0688208186326,0.00212535204233,30.4153940283,0.414007657338,2.70800446377,0.999237977085
50,4,stable,-0.00130735576631,0.0540280151471,0.00244947505539,26.5975019791,0.976055642236,3.34942879761,0.0497486488363
50,4,fragile,-0.00150161437814,0.16845508631,0.00706613650973,113.165981944,0.2,6.69679360067,0.99999999997
51,0,stable,-0.00147670615165,0.00147670615165,0.000336154952599,5.02101287564,1,1.11668718579,0
51,0,fragile,-0.00147670615165,0.00147670615165,0.000336154952599,5.02101287564,1,1.11668718579,0
51,0.5,stable,-0.00148427801684,0.00607276281574,0.000427922883789,6.97185767946,1,1.31049802051,0
51,0.5,fragile,-0.00148427801684,0.00607276281574,0.000427922883789,6.97185767946,1,1.31049802051,0
51,1,stable,-0.00149184982461,0.0129083549908,0.000660144270097,9.68061400864,1,1.59092731527,0
51,1,fragile,-0.00149184982461,0.0129083549908,0.000660144270097,9.68061400864,1,1.59092731527,0
51,2,stable,-0.00150699326789,0.0264388302336,0.00122016361393,15.2306140086,1,2.16692731527,0
51,2,fragile,-0.00163911590793,0.0653379043254,0.00198191901291,29.4263498185,0.442337032675,2.53704982519,0.998363527205
51,4,stable,-0.00153751074839,0.0529459194686,0.00240442923188,26.3306140086,0.983636558241,3.31892731527,0.0435445394191
51,4,fragile,-0.0017331509272,0.167919420223,0.00699946564252,113.325201152,0.2,6.7153238574,0.999999999933
52,0,stable,-0.00171318339096,0.00304329123334,0.000309284667414,4.81612200352,1,1.09327108612,0
52,0,fragile,-0.00171318339096,0.00304329123334,0.000309284667414,4.81612200352,1,1.09327108612,0
52,0.5,stable,-0.00172075346292,0.00643322045256,0.000412522537261,7.04639993658,1,1.31901713561,0
52,0.5,fragile,-0.00172075346292,0.00643322045256,0.000412522537261,7.04639993658,1,1.31901713561,0
52,1,stable,-0.00172832347748,0.0132663336319,0.000653641570402,9.78989993658,1,1.60341713561,0
52,1,fragile,-0.00172832347748,0.0132663336319,0.000653641570402,9.78989993658,1,1.60341713561,0
52,2,stable,-0.00174346333439,0.0267919019127,0.00122026885638,15.2768999366,1,2.17221713561,0
52,2,fragile,-0.00187241934231,0.0689617944366,0.00211845480833,31.0135225451,0.406559451216,2.73079288807,0.999525031805
52,4,stable,-0.00177401353811,0.0532893780871,0.0024080484119,26.2508999366,0.975788991629,3.30981713561,0.0506670971095
52,4,fragile,-0.00196774304796,0.169102932126,0.00709790519283,113.555098085,0.2,6.74544555896,0.999999999981
53,0,stable,0.000522387709739,0.00213197667688,0.000346719100591,5.01642926354,1,1.1161633444,0
53,0,fragile,0.000522387709739,0.00213197667688,0.000346719100591,5.01642926354,1,1.1161633444,0
53,0.5,stable,0.000514800685298,0.0084342524997,0.000505671919595,7.45399182381,1,1.36559906558,0
53,0.5,fragile,0.000514800685298,0.0084342524997,0.000505671919595,7.45399182381,1,1.36559906558,0
53,1,stable,0.000507213718389,0.0152536038678,0.000757461990054,10.1114968238,1,1.64017106558,0
53,1,fragile,0.000507213718389,0.0152536038678,0.000757461990054,10.1114968238,1,1.64017106558,0
53,2,stable,0.000492039957166,0.0287519318099,0.00132570799208,15.4265068238,1,2.18931506558,0
53,2,fragile,0.000361609929936,0.0737235837227,0.00233712515327,33.2844733298,0.376630781496,2.87661725506,0.999646977606
53,4,stable,0.000461253807991,0.0551960423726,0.00251155390955,26.5049827674,0.966996359706,3.33885517342,0.079419774759
53,4,fragile,0.000266977535813,0.173371721457,0.00735556298288,113.524154015,0.2,6.71155044687,0.99999999999
54,0,stable,-0.000649660496839,0.00269988678202,0.000331363483717,4.85129654224,1,1.0972910334,0
54,0,fragile,-0.000649660496839,0.00269988678202,0.000331363483717,4.85129654224,1,1.0972910334,0
54,0.5,stable,-0.000657238633567,0.00640040400971,0.000428000415065,6.89598821916,1,1.30182722505,0
54,0.5,fragile,-0.000657238633567,0.00640040400971,0.000428000415065,6.89598821916,1,1.30182722505,0
54,1,stable,-0.000664816712829,0.0132337428794,0.000662662487853,9.63948821916,1,1.58622722505,0
54,1,fragile,-0.000664816712829,0.0132337428794,0.000662662487853,9.63948821916,1,1.58622722505,0
54,2,stable,-0.000679972698956,0.0267597578952,0.00122419764316,15.1264882192,1,2.15502722505,0
54,2,fragile,-0.000812621780371,0.0676020842281,0.00204012008263,30.3057376562,0.423557934099,2.56212793065,0.999131305139
54,4,stable,-0.000710533456469,0.0532581092528,0.00240920869676,26.1004882192,0.979921133604,3.29262722505,0.0467672009914
54,4,fragile,-0.000905406859026,0.167984031064,0.0070438464929,113.876743426,0.2,6.77669349669,0.999999999966
55,0,stable,0.000674153688349,0.000474963561014,0.000312737335081,5.08139383226,1,1.12358786654,0
55,0,fragile,0.000674153688349,0.000474963561014,0.000312737335081,5.08139383226,1,1.12358786654,0
55,0.5,stable,0.000666565513055,0.00660333521203,0.000429685995786,6.778363445,1,1.28838439371,0
55,0.5,fragile,0.000666565513055,0.00660333521203,0.000429685995786,6.778363445,1,1.28838439371,0
55,1,stable,0.000658977395303,0.0134352784515,0.000673802708331,9.50859458504,1,1.57126795258,0
55,1,fragile,0.000658977395303,0.0134352784515,0.000673802708331,9.50859458504,1,1.57126795258,0
55,2,stable,0.000643801332421,0.0269585309354,0.00124114222432,14.995594585,1,2.14006795258,0
55,2,fragile,0.000514323918443,0.0699137222819,0.00219644384663,31.7885143426,0.396313200848,2.82460800539,0.99946744259
55,4,stable,0.000613051326855,0.0534514703119,0.00242833132041,25.969594585,0.971622364247,3.27766795258,0.0724798760632
55,4,fragile,0.000419144151258,0.169931313894,0.00718232548234,113.489437713,0.2,6.72228336079,0.99999999998
56,0,stable,-0.000313831784164,0.0021518568227,0.000343152237341,4.99991425806,1,1.11427591521,0
56,0,fragile,-0.000313831784164,0.0021518568227,0.000343152237341,4.99991425806,1,1.11427591521,0
56,0.5,stable,-0.000321412467503,0.00624971611385,0.000443670163384,6.9176352511,1,1.30430117155,0
56,0.5,fragile,-0.000321412467503,0.00624971611385,0.000443670163384,6.9176352511,1,1.30430117155,0
56,1,stable,-0.000328993093355,0.013084091318,0.000677117117138,9.67474228617,1,1.59025626128,0
56,1,fragile,-0.000328993093355,0.013084091318,0.000677117117138,9.67474228617,1,1.59025626128,0
56,2,stable,-0.000344154172606,0.0266121576699,0.00123670538322,15.2247422862,1,2.16625626128,0
56,2,fragile,-0.000472219453232,0.0665188960603,0.00208350945087,30.5203758308,0.422321171149,2.72374567397,0.99914177144
56,4,stable,-0.000374746836052,0.0531145277296,0.00241987930304,26.3247422862,0.975329006759,3.31825626128,0.0506118989226
56,4,fragile,-0.000568750065271,0.167812377426,0.0070520545638,112.593137224,0.2,6.64215198011,0.999999999964
57,0,stable,0.000277744887321,0.00249137021551,0.0002981486979,4.83528976776,1,1.09546168774,0
57,0,fragile,0.000277744887321,0.00249137021551,0.0002981486979,4.83528976776,1,1.09546168774,0
57,0.5,stable,0.000270159718021,0.00747750239328,0.000444160070376,7.50704589876,1,1.37166238843,0
57,0.5,fragile,0.000270159718021,0.00747750239328,0.000444160070376,7.50704589876,1,1.37166238843,0
57,1,stable,0.000262574606239,0.0143034336732,0.000698726205843,10.2505458988,1,1.65606238843,0
57,1,fragile,0.000262574606239,0.0143034336732,0.000698726205843,10.2505458988,1,1.65606238843,0
57,2,stable,0.00024740455523,0.0278147859929,0.00127191291276,15.7375458988,1,2.22486238843,0
57,2,fragile,0.000118574581999,0.0695569814516,0.00216494804451,31.7869311936,0.406901270182,2.81159912851,0.999447278413
57,4,stable,0.000216773366657,0.0542844121663,0.00246213555658,26.7115458988,0.972488204818,3.36246238843,0.0541837740243
57,4,fragile,2.29926672661e-05,0.170129099787,0.00714969403638,113.038887775,0.2,6.6798306082,0.99999999998
58,0,stable,0.00292416395608,0.00077539554704,0.000313987254198,4.88827343323,1,1.1015169638,0
58,0,fragile,0.00292416395608,0.00077539554704,0.000313987254198,4.88827343323,1,1.1015169638,0
58,0.5,stable,0.00291655871882,0.00629216865562,0.000419687817738,6.99217797876,1,1.31282034043,0
58,0.5,fragile,0.00291655871882,0.00629216865562,0.000419687817738,6.99217797876,1,1.31282034043,0
58,1,stable,0.00290895353923,0.0131262518985,0.000660486452151,9.73567797876,1,1.59722034043,0
58,1,fragile,0.00290895353923,0.0131262518985,0.000660486452151,9.73567797876,1,1.59722034043,0
58,2,stable,0.00289374335305,0.0266537403378,0.00122642374137,15.2226779788,1,2.16602034043,0
58,2,fragile,0.00276119714691,0.0749792218894,0.00236346486822,34.8106300167,0.354122350725,2.86097354096,0.999764550706
58,4,stable,0.00286289787289,0.0531549782288,0.00241315575486,26.21674461,0.967835663542,3.30591366971,0.0769473636384
58,4,fragile,0.00266821989641,0.172915058631,0.00736008957061,112.538559871,0.2,6.78247271178,0.999999999995
59,0,stable,0.00132645122533,0.00134636228775,0.000349920055979,5.01190915613,1,1.1156467607,0
59,0,fragile,0.00132645122533,0.00134636228775,0.000349920055979,5.01190915613,1,1.1156467607,0
59,0.5,stable,0.00131885810363,0.00559504092926,0.000422266358553,6.89558355457,1,1.30178097767,0
59,0.5,fragile,0.00131885810363,0.00559504092926,0.000422266358553,6.89558355457,1,1.30178097767,0
59,1,stable,0.0013112650395,0.0124339185682,0.000645544986901,9.67058355457,1,1.58978097767,0
59,1,fragile,0.0013112650395,0.0124339185682,0.000645544986901,9.67058355457,1,1.58978097767,0
59,2,stable,0.00129607908398,0.0259708971081,0.00120051284745,15.2205835546,1,2.16578097767,0
59,2,fragile,0.00116547177513,0.0711506702395,0.00221472913329,32.5853909795,0.382287497204,2.79041959958,0.999648157825
59,4,stable,0.00126542006649,0.0524907267291,0.00238236167115,26.3205835546,0.973496207342,3.31778097767,0.0534299230591
59,4,fragile,0.00107166745419,0.169595785013,0.00714929519376,112.547762646,0.2,6.64332728522,0.999999999988
60,0,stable,0.00072670479355,2.79024891536e-05,0.000290586787223,4.84308899617,1,1.09635302813,0
60,0,fragile,0.00072670479355,2.79024891536e-05,0.000290586787223,4.84308899617,1,1.09635302813,0
60,0.5,stable,0.000719116219759,0.00548352083398,0.00037978067352,6.80429802236,1,1.29134834541,0
60,0.5,fragile,0.000719116219759,0.00548352083398,0.00037978067352,6.80429802236,1,1.29134834541,0
60,1,stable,0.00071152770351,0.0123231654364,0.000621756109426,9.57929802236,1,1.57934834541,0
60,1,fragile,0.00071152770351,0.0123231654364,0.000621756109426,9.57929802236,1,1.57934834541,0
60,2,stable,0.00069635084365,0.0258616621154,0.00119119231048,15.1292980224,1,2.15534834541,0
60,2,fragile,0.000565791546187,0.0715817458404,0.00225748681594,33.2435119268,0.374673964878,2.83526938674,0.999685674351
60,4,stable,0.00066557536408,0.0523844658708,0.0023805553627,26.2292980224,0.968978064638,3.30734834541,0.0765398993307
60,4,fragile,0.000471641407914,0.171174083346,0.00728599554096,112.576075695,0.2,6.71301140748,0.999999999992
61,0,stable,-0.00141657197932,0.00276112924713,0.000347703572841,5.04614278529,1,1.11955917546,0
61,0,fragile,-0.00141657197932,0.00276112924713,0.000347703572841,5.04614278529,1,1.11955917546,0
61,0.5,stable,-0.00142414430051,0.00662381308003,0.000448230841818,6.8636853233,1,1.29813546552,0
61,0.5,fragile,-0.00142414430051,0.00662381308003,0.000448230841818,6.8636853233,1,1.29813546552,0
61,1,stable,-0.00143171656428,0.0134556154859,0.000680792641783,9.6386853233,1,1.58613546552,0
61,1,fragile,-0.00143171656428,0.0134556154859,0.000680792641783,9.6386853233,1,1.58613546552,0
61,2,stable,-0.00144686091955,0.0269785892017,0.00123946680064,15.1886853233,1,2.16213546552,0
61,2,fragile,-0.00157894536093,0.0663778428814,0.00200951421596,29.4030502024,0.43387877325,2.60042814919,0.998902421834
61,4,stable,-0.00147739618659,0.0534709824529,0.00242251240687,26.2886853233,0.98026535606,3.31413546552,0.0464045970026
61,4,fragile,-0.00167280321712,0.168139001452,0.00704179854369,114.377973215,0.2,6.8185115794,0.99999999996
62,0,stable,-0.000542835088395,0.00111621604759,0.000341237018724,5.01293559918,1,1.11576406848,0
62,0,fragile,-0.000542835088395,0.00111621604759,0.000341237018724,5.01293559918,1,1.11576406848,0
62,0.5,stable,-0.000550414035185,0.00691624650565,0.000464531590311,7.06498372452,1,1.32114099709,0
62,0.5,fragile,-0.000550414035185,0.00691624650565,0.000464531590311,7.06498372452,1,1.32114099709,0
62,1,stable,-0.000557992924505,0.0137460377425,0.000705472263384,9.83998372452,1,1.60914099709,0
62,1,fragile,-0.000557992924505,0.0137460377425,0.000705472263384,9.83998372452,1,1.60914099709,0
62,2,stable,-0.00057315053073,0.0272650305198,0.00126852591936,15.3899837245,1,2.18514099709,0
62,2,fragile,-0.000701383855434,0.0683791809789,0.00216698389406,31.5188676578,0.407019735045,2.85008898172,0.999325333961
62,4,stable,-0.000603863391529,0.0537496248511,0.002452415051,26.4899837245,0.969780356576,3.33714099709,0.0725714048714
62,4,fragile,-0.000797639074193,0.170110249476,0.00719239878565,113.096343413,0.2,6.68674079338,0.999999999974
63,0,stable,0.00152727403481,0.00172157534807,0.000368092238398,4.99275720002,1,1.11345796572,0
63,0,fragile,0.00152727403481,0.00172157534807,0.000368092238398,4.99275720002,1,1.11345796572,0
63,0.5,stable,0.00151967939025,0.00565996046978,0.000444278342981,6.62754265901,1,1.27114773246,0
63,0.5,fragile,0.00151967939025,0.00565996046978,0.000444278342981,6.62754265901,1,1.27114773246,0
63,1,stable,0.00151208480328,0.0124983916339,0.000664702351939,9.28504765901,1,1.54571973246,0
63,1,fragile,0.00151208480328,0.0124983916339,0.000664702351939,9.28504765901,1,1.54571973246,0
63,2,stable,0.00149689580212,0.0260344864146,0.00121588857204,14.632869116,1,2.09861361325,0
63,2,fragile,0.00136785309272,0.0681210021348,0.00212316637242,30.8791313543,0.408826060543,2.74758829563,0.999238641463
63,4,stable,0.00146624217347,0.0525525846936,0.00239513402115,25.732869116,0.975410877051,3.25061361325,0.0514092541962
63,4,fragile,0.00127189064449,0.167882341059,0.00707296338384,112.937983231,0.2,6.66639814993,0.999999999968
64,0,stable,-0.000387117483744,0.00153944096329,0.000314864297091,4.78655833277,1,1.08989238089,0
64,0,fragile,-0.000387117483744,0.00153944096329,0.000314864297091,4.78655833277,1,1.08989238089,0
64,0.5,stable,-0.000394697611351,0.00787154540362,0.000449769625005,7.31033128758,1,1.34918071858,0
64,0.5,fragile,-0.000394697611351,0.00787154540362,0.000449769625005,7.31033128758,1,1.34918071858,0
64,1,stable,-0.000402277681478,0.0143632869209,0.000698570344439,9.96783628758,1,1.62375271858,0
64,1,fragile,-0.000402277681478,0.0143632869209,0.000698570344439,9.96783628758,1,1.62375271858,0
64,2,stable,-0.000417437649292,0.0277995752553,0.00126770659417,15.2828462876,1,2.17289671858,0
64,2,fragile,-0.000549541469186,0.0689799357994,0.00209826592535,31.1211325033,0.412065851887,2.68498795914,0.999262116339
64,4,stable,-0.000448045266359,0.0542696155705,0.00245592281643,25.9128662876,0.974460163288,3.27118471858,0.0535941545366
64,4,fragile,-0.000642897613172,0.169622687052,0.00714276214417,114.639073419,0.2,6.79660706294,0.999999999973
65,0,stable,-0.000764685072445,0.00161861272411,0.000342370249204,4.9477272679,1,1.10831168776,0
65,0,fragile,-0.000764685072445,0.00161861272411,0.000342370249204,4.9477272679,1,1.10831168776,0
65,0.5,stable,-0.000772262336933,0.00571999063692,0.000411731332247,6.47331617744,1,1.25352184885,0
65,0.5,fragile,-0.000772262336933,0.00571999063692,0.000411731332247,6.47331617744,1,1.25352184885,0
65,1,stable,-0.000779839543963,0.0122767264822,0.000635910852971,9.24831617744,1,1.54152184885,0
65,1,fragile,-0.000779839543963,0.0122767264822,0.000635910852971,9.24831617744,1,1.54152184885,0
65,2,stable,-0.000794993785645,0.0258158597193,0.00119237843009,14.7983161774,1,2.11752184885,0
65,2,fragile,-0.000925148746532,0.0701741559404,0.00218211610345,31.7620837744,0.390552920342,2.75313887591,0.999502946016
65,4,stable,-0.00082558399231,0.0523399105337,0.00237542849101,25.8983161774,0.975223863722,3.26952184885,0.0525732842034
65,4,fragile,-0.00101919230638,0.168684137868,0.00711276579076,113.135471018,0.2,6.68451153644,0.99999999998
66,0,stable,-0.00186104636748,0.0027762696007,0.000343379862835,4.89492555344,1,1.10227720611,0
66,0,fragile,-0.00186104636748,0.0027762696007,0.000343379862835,4.89492555344,1,1.10227720611,0
66,0.5,stable,-0.00186861531819,0.0062929995686,0.000437963454688,6.91593703219,1,1.30410708939,0
66,0.5,fragile,-0.00186861531819,0.0062929995686,0.000437963454688,6.91593703219,1,1.30410708939,0
66,1,stable,-0.00187618421151,0.013127077097,0.000669528838544,9.57344203219,1,1.57867908939,0
66,1,fragile,-0.00187618421151,0.013127077097,0.000669528838544,9.57344203219,1,1.57867908939,0
66,2,stable,-0.00189132182595,0.0266545542249,0.00122835112379,14.9907987161,1,2.13951985327,0
66,2,fragile,-0.00202348721747,0.0665783309605,0.00203300803516,30.105306981,0.431045522181,2.56583867916,0.998862992507
66,4,stable,-0.00192184297241,0.0531557699563,0.0024118512188,26.0907987161,0.980588075333,3.29151985327,0.046306104665
66,4,fragile,-0.00211678812281,0.16824004344,0.00705992491245,114.165111864,0.2,6.80291675946,0.999999999956
67,0,stable,-0.00122158351087,0.00168979735351,0.000295310333157,4.88024215615,1,1.10059910356,0
67,0,fragile,-0.00122158351087,0.00168979735351,0.000295310333157,4.88024215615,1,1.10059910356,0
67,0.5,stable,-0.00122915731067,0.00735198014552,0.000437997758686,7.17141039394,1,1.33330404502,0
67,0.5,fragile,-0.00122915731067,0.00735198014552,0.000437997758686,7.17141039394,1,1.33330404502,0
67,1,stable,-0.00123673105303,0.0141787746867,0.000692120293675,9.73685188309,1,1.59735450092,0
67,1,fragile,-0.00123673105303,0.0141787746867,0.000692120293675,9.73685188309,1,1.59735450092,0
67,2,stable,-0.00125187836547,0.0276918357589,0.00126533445824,15.2238518831,1,2.16615450092,0
67,2,fragile,-0.00138165336552,0.0714921921777,0.00223547060082,31.9205058471,0.390572575942,2.83844108655,0.999359839677
67,4,stable,-0.00128257215788,0.0541648094906,0.00245550506044,26.1978518831,0.971822042448,3.30375450092,0.0728062443468
67,4,fragile,-0.00147653165422,0.170419097783,0.00720284485598,114.526118768,0.2,6.8160506266,0.999999999975
68,0,stable,0.00337614521633,0.000383638209102,0.000339229095278,4.83204893652,1,1.09509130703,0
68,0,fragile,0.00337614521633,0.000383638209102,0.000339229095278,4.83204893652,1,1.09509130703,0
68,0.5,stable,0.00336853655166,0.00670130483457,0.000454135612892,6.98718908235,1,1.31225018084,0
68,0.5,fragile,0.00336853655166,0.00670130483457,0.000454135612892,6.98718908235,1,1.31225018084,0
68,1,stable,0.0033609279447,0.013532574302,0.000692788965897,9.64469408235,1,1.58682218084,0
68,1,fragile,0.0033609279447,0.013532574302,0.000692788965897,9.64469408235,1,1.58682218084,0
68,2,stable,0.00334571090385,0.0270544931113,0.00125501203408,14.9597040824,1,2.13596618084,0
68,2,fragile,0.00321365613048,0.0739835435296,0.00237138709548,35.0957627235,0.356598504461,2.95216155027,0.999804625195
68,4,stable,0.00331481617149,0.0535448197316,0.00243843487752,25.962354728,0.963036659844,3.27684054035,0.0829521437814
68,4,fragile,0.00311885613761,0.173992953562,0.00748334386928,112.22203849,0.2,6.93545707731,0.999999999997
69,0,stable,-0.000645399274593,0.00319232046243,0.000329302244791,4.98555359518,1,1.11263469659,0
69,0,fragile,-0.000645399274593,0.00319232046243,0.000329302244791,4.98555359518,1,1.11263469659,0
69,0.5,stable,-0.000652977443633,0.0060352273386,0.000414867145532,6.88370590504,1,1.30042353201,0
69,0.5,fragile,-0.000652977443633,0.0060352273386,0.000414867145532,6.88370590504,1,1.30042353201,0
69,1,stable,-0.000660555555207,0.0128710776586,0.000646795291431,9.54121090504,1,1.57499553201,0
69,1,fragile,-0.000660555555207,0.0128710776586,0.000646795291431,9.54121090504,1,1.57499553201,0
69,2,stable,-0.00067571160596,0.0264020638772,0.00120766999294,15.0116602807,1,2.14190403208,0
69,2,fragile,-0.000807735225161,0.0631828127236,0.0018725352547,28.0418404935,0.457829946729,2.49041702612,0.998640976699
69,4,stable,-0.000706244691288,0.0529101541475,0.00239272271597,26.1116602807,0.985188892886,3.29390403208,0.0417890457473
69,4,fragile,-0.000899717980404,0.164945319781,0.00677522320757,108.757329546,0.2,6.44942207078,0.999999999911
70,0,stable,0.00233856453684,0.000164749237376,0.000330645641354,4.86917556252,1,1.09933435,0
70,0,fragile,0.00233856453684,0.000164749237376,0.000330645641354,4.86917556252,1,1.09933435,0
70,0.5,stable,0.00233096374021,0.00619982150931,0.00043517605218,7.0780900862,1,1.32263886699,0
70,0.5,fragile,0.00233096374021,0.00619982150931,0.00043517605218,7.0780900862,1,1.32263886699,0
70,1,stable,0.00232336300122,0.0130345398565,0.000672297905094,9.8215900862,1,1.60703886699,0
70,1,fragile,0.00232336300122,0.0130345398565,0.000672297905094,9.8215900862,1,1.60703886699,0
70,2,stable,0.00230816169615,0.0265632854308,0.00123485257763,15.3085900862,1,2.17583886699,0
70,2,fragile,0.00217704011321,0.0723020231845,0.00230858565533,33.967163817,0.371014012091,2.87257250959,0.999666438136
70,4,stable,0.00227733660109,0.0530669861319,0.00241926098658,26.2825900862,0.967165123168,3.31343886699,0.0765937267938
70,4,fragile,0.00208271813445,0.172164410514,0.00733725285209,111.98899593,0.2,6.793461715,0.999999999993
71,0,stable,-0.00226788820096,0.00395042979019,0.000326378432603,4.91820028659,1,1.10493717561,0
71,0,fragile,-0.00226788820096,0.00395042979019,0.000326378432603,4.91820028659,1,1.10493717561,0
71,0.5,stable,-0.00227545406656,0.00690220211504,0.000437981761247,7.02357943444,1,1.31640907822,0
71,0.5,fragile,-0.00227545406656,0.00690220211504,0.000437981761247,7.02357943444,1,1.31640907822,0
71,1,stable,-0.00228301987479,0.0137320899402,0.000678002791779,9.76707943444,1,1.60080907822,0
71,1,fragile,-0.00228301987479,0.0137320899402,0.000678002791779,9.76707943444,1,1.60080907822,0
71,2,stable,-0.00229815131914,0.0272512739058,0.00124220415886,15.2540794344,1,2.16960907822,0
71,2,fragile,-0.00243042863011,0.0677787662693,0.00204535606687,29.9199957429,0.42357625627,2.64248620196,0.999121185401
71,4,stable,-0.00232867331511,0.0537362427876,0.00242829220114,26.2280794344,0.978584216148,3.30720907822,0.0486636029579
71,4,fragile,-0.0025234139373,0.168470635537,0.00707177925562,114.409848487,0.2,6.81077159682,0.999999999968
72,0,stable,-0.00086459972089,0.00213121335744,0.000307880828764,4.82693607974,1,1.09450698054,0
72,0,fragile,-0.00086459972089,0.00213121335744,0.000307880828764,4.82693607974,1,1.09450698054,0
72,0.5,stable,-0.000872176227719,0.00674172750191,0.00042259360221,6.80894344133,1,1.29187925044,0
72,0.5,fragile,-0.000872176227719,0.00674172750191,0.00042259360221,6.80894344133,1,1.29187925044,0
72,1,stable,-0.000879752677095,0.0135727189682,0.000667034272805,9.55244344133,1,1.57627925044,0
72,1,fragile,-0.000879752677095,0.0135727189682,0.000667034272805,9.55244344133,1,1.57627925044,0
72,2,stable,-0.000894905403489,0.0270940874979,0.00123502927889,15.0394434413,1,2.14507925044,0
72,2,fragile,-0.00102698767173,0.0663419501115,0.00200622406036,29.6406686677,0.431628357015,2.63181584748,0.998989044577
72,4,stable,-0.000925462570792,0.0535833360843,0.00242306325433,26.0134434413,0.978563431991,3.28267925044,0.047311913496
72,4,fragile,-0.00112058200177,0.168213738884,0.00703190983655,113.636646188,0.2,6.74330812512,0.999999999963
73,0,stable,-0.000812365169479,0.00204793612264,0.000283523992529,4.80361195123,1,1.09184136586,0
73,0,fragile,-0.000812365169479,0.00204793612264,0.000283523992529,4.80361195123,1,1.09184136586,0
73,0.5,stable,-0.000819942072408,0.00660925634709,0.00040243751959,6.84325962227,1,1.29580109969,0
73,0.5,fragile,-0.000819942072408,0.00660925634709,0.00040243751959,6.84325962227,1,1.29580109969,0
73,1,stable,-0.00082751891788,0.0134411588648,0.000652748558456,9.61825962227,1,1.58380109969,0
73,1,fragile,-0.00082751891788,0.0134411588648,0.000652748558456,9.61825962227,1,1.58380109969,0
73,2,stable,-0.000842672436455,0.0269643307435,0.00122555864365,15.1682596223,1,2.15980109969,0
73,2,fragile,-0.000971846999635,0.0696481187874,0.00214967020705,31.3779888328,0.401361347306,2.76414070014,0.999517930954
73,4,stable,-0.000873263579992,0.0534571122089,0.00241654105481,26.2682596223,0.973831990358,3.31180109969,0.0530127923042
73,4,fragile,-0.00106713239678,0.169516512428,0.0071325788359,113.61459895,0.2,6.73556698716,0.999999999982
74,0,stable,-0.000135450820734,0.00298635007471,0.000327620411258,4.97649896773,1,1.11159988203,0
74,0,fragile,-0.000135450820734,0.00298635007471,0.000327620411258,4.97649896773,1,1.11159988203,0
74,0.5,stable,-0.000143032856745,0.00829199709074,0.000487874426208,7.56140336,1,1.37787466971,0
74,0.5,fragile,-0.000143032856745,0.00829199709074,0.000487874426208,7.56140336,1,1.37787466971,0
74,1,stable,-0.00015061483526,0.0151123268001,0.000742470469569,10.30490336,1,1.66227466971,0
74,1,fragile,-0.00015061483526,0.0151123268001,0.000742470469569,10.30490336,1,1.66227466971,0
74,2,stable,-0.000165778619811,0.0286125912856,0.00131354792251,15.79190336,1,2.23107466971,0
74,2,fragile,-0.000297065078713,0.0681239187561,0.00210121363558,30.7351726189,0.422929643464,2.70930053201,0.998922008561
74,4,stable,-0.000196391372702,0.0550604956641,0.00250177685636,26.76590336,0.972958253327,3.36867466971,0.0531807318102
74,4,fragile,-0.000390984157921,0.17027937462,0.00716299061447,114.077966066,0.2,6.76588605938,0.999999999964
75,0,stable,-0.00155253088326,0.00188885416772,0.000334413331494,4.88976729885,1,1.1016876913,0
75,0,fragile,-0.00155253088326,0.00188885416772,0.000334413331494,4.88976729885,1,1.1016876913,0
75,0.5,stable,-0.00156010217346,0.00710598595187,0.000435755399332,7.07534421316,1,1.32232505293,0
75,0.5,fragile,-0.00156010217346,0.00710598595187,0.000435755399332,7.07534421316,1,1.32232505293,0
75,1,stable,-0.00156767340625,0.0134861658104,0.000671183939298,9.81884421316,1,1.60672505293,0
75,1,fragile,-0.00156767340625,0.0134861658104,0.000671183939298,9.81884421316,1,1.60672505293,0
75,2,stable,-0.00158281569959,0.0270087207602,0.00123262401676,15.3058442132,1,2.17552505293,0
75,2,fragile,-0.00171352108414,0.0713333333883,0.00220898804628,31.9940381533,0.391718915302,2.75802732374,0.999558982673
75,4,stable,-0.00161347720555,0.0535002936214,0.002417187744,26.2798442132,0.975888487177,3.31312505293,0.0689490427161
75,4,fragile,-0.00180718855353,0.169696342741,0.00715352581771,114.47161345,0.2,6.83454517706,0.999999999983
76,0,stable,-0.00124741808279,0.00348412989702,0.000325982816896,4.82664802196,1,1.09447405965,0
76,0,fragile,-0.00124741808279,0.00348412989702,0.000325982816896,4.82664802196,1,1.09447405965,0
76,0.5,stable,-0.00125499168669,0.00705783848876,0.000449860477579,7.33078015499,1,1.351517732,0
76,0.5,fragile,-0.00125499168669,0.00705783848876,0.000449860477579,7.33078015499,1,1.351517732,0
76,1,stable,-0.00126256523315,0.0138866559471,0.000693569551107,10.074280155,1,1.635917732,0
76,1,fragile,-0.00126256523315,0.0138866559471,0.000693569551107,10.074280155,1,1.635917732,0
76,2,stable,-0.00127771215378,0.0274037212122,0.00125937727857,15.561280155,1,2.204717732,0
76,2,fragile,-0.0014091304323,0.0664219810947,0.00202385871175,29.6417059238,0.429676130529,2.62735533802,0.998870706244
76,4,stable,-0.00130826706881,0.0538845394207,0.00244567667216,26.535280155,0.977343025087,3.342317732,0.0489822369493
76,4,fragile,-0.00150243877463,0.1684813126,0.00705733490033,113.092990936,0.2,6.69156687913,0.999999999961
77,0,stable,-0.001831931813,0.00374000113878,0.000292858205267,4.79691948892,1,1.09107651302,0
77,0,fragile,-0.001831931813,0.00374000113878,0.000292858205267,4.79691948892,1,1.09107651302,0
77,0.5,stable,-0.00183950098449,0.00729457746352,0.000438216485045,7.22890686629,1,1.33987507043,0
77,0.5,fragile,-0.00183950098449,0.00729457746352,0.000438216485045,7.22890686629,1,1.33987507043,0
77,1,stable,-0.00184707009858,0.0141217667834,0.000693437861454,9.88641186629,1,1.61444707043,0
77,1,fragile,-0.00184707009858,0.0141217667834,0.000693437861454,9.88641186629,1,1.61444707043,0
77,2,stable,-0.00186220815457,0.0276356092866,0.00126734552875,15.2904573058,1,2.17376654924,0
77,2,fragile,-0.00199004855649,0.0688021893599,0.00214285967269,30.854604196,0.410435086665,2.75870927158,0.999211537142
77,4,stable,-0.00189276846103,0.054110113893,0.00245797757478,26.2644573058,0.973409090073,3.31136654924,0.0530856437709
77,4,fragile,-0.00208654386386,0.169334030433,0.00711541139985,113.087210875,0.2,6.67642208475,0.999999999969
78,0,stable,5.35110260389e-05,0.00296174700964,0.000349826665426,4.82003063125,1,1.09371778643,0
78,0,fragile,5.35110260389e-05,0.00296174700964,0.000349826665426,4.82003063125,1,1.09371778643,0
78,0.5,stable,4.59275571181e-05,0.00678446876879,0.000460911949433,7.00519646687,1,1.31430816764,0
78,0.5,fragile,4.59275571181e-05,0.00678446876879,0.000460911949433,7.00519646687,1,1.31430816764,0
78,1,stable,3.83441457033e-05,0.0136151662882,0.000696459313223,9.78019646687,1,1.60230816764,0
78,1,fragile,3.83441457033e-05,0.0136151662882,0.000696459313223,9.78019646687,1,1.60230816764,0
78,2,stable,2.31774953887e-05,0.0271359529748,0.0012561651708,15.3301964669,1,2.17830816764,0
78,2,fragile,-0.000108032844797,0.0658222195901,0.00199744901765,29.1633851586,0.439688017368,2.61441759276,0.998610172658
78,4,stable,-7.41311060215e-06,0.0536240616924,0.0024392211209,26.4301964669,0.978874677432,3.33030816764,0.0482402677108
78,4,fragile,-0.000202747781581,0.167977505632,0.00706097245032,113.846453512,0.2,6.74733394616,0.999999999946
79,0,stable,-0.00142649353512,0.0018211816151,0.000330629572971,4.84793244268,1,1.09690656488,0
79,0,fragile,-0.00142649353512,0.0018211816151,0.000330629572971,4.84793244268,1,1.09690656488,0
79,0.5,stable,-0.00143406578108,0.00610241224143,0.000418715743783,6.89879427638,1,1.3021479173,0
79,0.5,fragile,-0.00143406578108,0.00610241224143,0.000418715743783,6.89879427638,1,1.3021479173,0
79,1,stable,-0.00144163796961,0.0129378005069,0.000651064093787,9.39462735338,1,1.5582431261,0
79,1,fragile,-0.00144163796961,0.0129378005069,0.000651064093787,9.39462735338,1,1.5582431261,0
79,2,stable,-0.00145678217441,0.0264678721277,0.00121188756745,14.7211467933,1,2.10870249066,0
79,2,fragile,-0.00158875898271,0.064857515371,0.00196942702023,29.0824485399,0.440866617672,2.61163330155,0.998796066538
79,4,stable,-0.00148731559211,0.0529741706408,0.00239684268061,25.8211467933,0.980936545566,3.26070249066,0.0461218101776
79,4,fragile,-0.0016832851191,0.16792143337,0.00702432445882,114.471370409,0.2,6.81526229301,0.999999999958
80,0,stable,0.00193164915226,0.00323838449901,0.000351751918051,5.03041148418,1,1.11776131248,0
80,0,fragile,0.00193164915226,0.00323838449901,0.000351751918051,5.03041148418,1,1.11776131248,0
80,0.5,stable,0.0019240514413,0.00648919484903,0.000454789569104,6.7561663713,1,1.28584758529,0
80,0.5,fragile,0.0019240514413,0.00648919484903,0.000454789569104,6.7561663713,1,1.28584758529,0
80,1,stable,0.00191645378796,0.0133219230725,0.000687380762778,9.4996663713,1,1.57024758529,0
80,1,fragile,0.00191645378796,0.0133219230725,0.000687380762778,9.4996663713,1,1.57024758529,0
80,2,stable,0.0019012586541,0.0268467293657,0.00124558166993,14.9866663713,1,2.13904758529,0
80,2,fragile,0.00177019248413,0.0629964822125,0.00192205491128,28.4038639942,0.454553401345,2.62051292451,0.998362421942
80,4,stable,0.00187061976237,0.0533427127565,0.00242780330016,26.0211588525,0.979315486156,3.28356101172,0.0466375210408
80,4,fragile,0.0016748643939,0.166610170933,0.00697445177608,113.102965568,0.2,6.68581759681,0.999999999933
81,0,stable,0.00231541126835,0.00134119334868,0.000305146407867,4.82748169646,1,1.09456933674,0
81,0,fragile,0.00231541126835,0.00134119334868,0.000305146407867,4.82748169646,1,1.09456933674,0
81,0.5,stable,0.0023078106473,0.00775135771202,0.000459394383046,7.11561639454,1,1.32692758795,0
81,0.5,fragile,0.0023078106473,0.00775135771202,0.000459394383046,7.11561639454,1,1.32692758795,0
81,1,stable,0.00230021008388,0.0145754055912,0.000715210939984,9.89061639454,1,1.61492758795,0
81,1,fragile,0.00230021008388,0.0145754055912,0.000715210939984,9.89061639454,1,1.61492758795,0
81,2,stable,0.00228500912995,0.0280830298788,0.00128847100446,15.4406163945,1,2.19092758795,0
81,2,fragile,0.00215543566688,0.0706360311689,0.00223174044796,31.8787177554,0.398507301992,2.83572372626,0.999448731465
81,4,stable,0.00225420260662,0.0545453525927,0.00247808029957,26.5406163945,0.970410120453,3.34292758795,0.0735369048793
81,4,fragile,0.0020598183146,0.171258097021,0.00722551314867,113.475478108,0.2,6.71155599356,0.999999999978
82,0,stable,0.00133288784712,0.000729246508365,0.000342471780866,5.02791585625,1,1.11747609786,0
82,0,fragile,0.00133288784712,0.000729246508365,0.000342471780866,5.02791585625,1,1.11747609786,0
82,0.5,stable,0.00132529467661,0.00602240864831,0.000428256576783,6.79258112733,1,1.29000927169,0
82,0.5,fragile,0.00132529467661,0.00602240864831,0.000428256576783,6.79258112733,1,1.29000927169,0
82,1,stable,0.00131770156367,0.012858347127,0.000657324190171,9.45008612733,1,1.56458127169,0
82,1,fragile,0.00131770156367,0.012858347127,0.000657324190171,9.45008612733,1,1.56458127169,0
82,2,stable,0.00130251551054,0.0263895078483,0.00121535251821,14.8818222086,1,2.12706539527,0
82,2,fragile,0.00117131778715,0.072688698325,0.00226607709893,33.5448044602,0.375586369399,2.79882407433,0.999661692647
82,4,stable,0.00127173812127,0.0528979399808,0.00239816908151,25.8558222086,0.97164376899,3.26466539527,0.0736705504663
82,4,fragile,0.00107776632953,0.170361014235,0.00720166705443,113.535816347,0.2,6.73043646896,0.999999999988
83,0,stable,-0.00227727805269,0.00329674123111,0.000318583627131,4.89183232172,1,1.10192369391,0
83,0,fragile,-0.00227727805269,0.00329674123111,0.000318583627131,4.89183232172,1,1.10192369391,0
83,0.5,stable,-0.00228484384709,0.00781238130537,0.000455069975955,7.19616630917,1,1.33613329248,0
83,0.5,fragile,-0.00228484384709,0.00781238130537,0.000455069975955,7.19616630917,1,1.33613329248,0
83,1,stable,-0.00229240958412,0.0146360095036,0.000703730388084,9.85367130917,1,1.61070529248,0
83,1,fragile,-0.00229240958412,0.0146360095036,0.000703730388084,9.85367130917,1,1.61070529248,0
83,2,stable,-0.00230754088606,0.0281428030682,0.001272476276,15.2717710456,1,2.17163097664,0
83,2,fragile,-0.00244042242782,0.069720792805,0.0021046736696,30.9175756748,0.415551730769,2.61972682476,0.999219026049
83,4,stable,-0.00233805954216,0.0546034983411,0.00246049178525,26.3717710456,0.978512814992,3.32363097664,0.0481329887516
83,4,fragile,-0.00253343632371,0.169676796834,0.00710913306866,115.123078794,0.2,6.88315186418,0.999999999971
84,0,stable,0.00011205544293,0.00249942988055,0.000323296103563,4.92979239457,1,1.10626198795,0
84,0,fragile,0.00011205544293,0.00249942988055,0.000323296103563,4.92979239457,1,1.10626198795,0
84,0.5,stable,0.000104471530063,0.00791877758469,0.000472800064224,7.22156754065,1,1.33903629036,0
84,0.5,fragile,0.000104471530063,0.00791877758469,0.000472800064224,7.22156754065,1,1.33903629036,0
84,1,stable,9.68876747076e-05,0.0147416740577,0.000724647536005,9.99656754065,1,1.62703629036,0
84,1,fragile,9.68876747076e-05,0.0147416740577,0.000724647536005,9.99656754065,1,1.62703629036,0
84,2,stable,8.17201365162e-05,0.0282470192344,0.00129457568899,15.5465675406,1,2.20303629036,0
84,2,fragile,-4.81043701797e-05,0.071929755037,0.00226477415189,33.099486487,0.385449252859,2.91567167532,0.999642166857
84,4,stable,5.09648382232e-05,0.0547048770203,0.00248162186387,26.6465675406,0.966914119036,3.35503629036,0.0763982789109
84,4,fragile,-0.000143065229547,0.171685865332,0.00725476017096,112.712908442,0.2,6.72110904951,0.999999999989
85,0,stable,0.000384783031677,0.00209868633684,0.000328875563296,5.07333722999,1,1.122667112,0
85,0,fragile,0.000384783031677,0.00209868633684,0.000328875563296,5.07333722999,1,1.122667112,0
85,0.5,stable,0.000377197050701,0.00771645527262,0.000465965582039,7.18763644735,1,1.33515845113,0
85,0.5,fragile,0.000377197050701,0.00771645527262,0.000465965582039,7.18763644735,1,1.33515845113,0
85,1,stable,0.000369611127248,0.0145407431883,0.000713192352535,9.80717898094,1,1.60539188354,0
85,1,fragile,0.000369611127248,0.0145407431883,0.000713192352535,9.80717898094,1,1.60539188354,0
85,2,stable,0.000354439452914,0.0280488426079,0.00128036948165,15.3571789809,1,2.18139188354,0
85,2,fragile,0.000223953895178,0.072203663417,0.00225400432138,32.2912704635,0.386962131273,2.85343084795,0.999583404559
85,4,stable,0.000323692720452,0.0545120961364,0.00246672045272,26.4571789809,0.970865923421,3.33339188354,0.0734378249974
85,4,fragile,0.000129550561251,0.171103132474,0.00721308596137,114.168369586,0.2,6.77988127801,0.999999999983
86,0,stable,0.000606505446116,0.000830734239029,0.000320928625581,4.90990501517,1,1.10398914459,0
86,0,fragile,0.000606505446116,0.000830734239029,0.000320928625581,4.90990501517,1,1.10398914459,0
86,0.5,stable,0.000598917783802,0.00597600382312,0.000410504620572,6.71549048072,1,1.28119891208,0
86,0.5,fragile,0.000598917783802,0.00597600382312,0.000410504620572,6.71549048072,1,1.28119891208,0
86,1,stable,0.000591330179028,0.0128122614443,0.000645435918479,9.49049048072,1,1.56919891208,0
86,1,fragile,0.000591330179028,0.0128122614443,0.000645435918479,9.49049048072,1,1.56919891208,0
86,2,stable,0.000576155142088,0.0263440538812,0.00120846942421,15.0404904807,1,2.14519891208,0
86,2,fragile,0.00044492767716,0.0722987526273,0.00226869598959,33.5998313501,0.374467675226,2.79513666141,0.999670914568
86,4,stable,0.000545400214942,0.0528537235861,0.00239419247551,26.1404904807,0.971895865742,3.29719891208,0.0736297434852
86,4,fragile,0.00035169833818,0.170373536313,0.00720524116123,113.528045742,0.2,6.74194354098,0.999999999988
87,0,stable,-0.000184918452548,0.0012559431135,0.000340595105971,4.99216085658,1,1.11338981218,0
87,0,fragile,-0.000184918452548,0.0012559431135,0.000340595105971,4.99216085658,1,1.11338981218,0
87,0.5,stable,-0.000192500113444,0.00606544034903,0.00042506306952,7.0749606349,1,1.32228121542,0
87,0.5,fragile,-0.000192500113444,0.00606544034903,0.00042506306952,7.0749606349,1,1.32228121542,0
87,1,stable,-0.000200081716845,0.0127449670708,0.000654145870954,9.6492930349,1,1.58734777542,0
87,1,fragile,-0.000200081716845,0.0127449670708,0.000654145870954,9.6492930349,1,1.58734777542,0
87,2,stable,-0.000215244751178,0.0262776819396,0.00121244673986,15.0375109035,1,2.14485838897,0
87,2,fragile,-0.000344790601772,0.0691370440737,0.00215453149624,31.6163004821,0.402552468225,2.72243279713,0.999491516218
87,4,stable,-0.000245955484478,0.0527891587492,0.00239564182249,26.1375109035,0.9750553717,3.29685838897,0.0702065946972
87,4,fragile,-0.000439784391354,0.169130922197,0.00713627343263,114.058067859,0.2,6.78466712464,0.999999999981
88,0,stable,0.00166314591501,0.000105911924252,0.000322699348956,4.90031856223,1,1.10289354997,0
88,0,fragile,0.00166314591501,0.000105911924252,0.000322699348956,4.90031856223,1,1.10289354997,0
88,0.5,stable,0.00165555024013,0.00671672346359,0.000443143498499,7.10167161153,1,1.32533389846,0
88,0.5,fragile,0.00165555024013,0.00671672346359,0.000443143498499,7.10167161153,1,1.32533389846,0
88,1,stable,0.00164795462285,0.0135478868916,0.000686419748599,9.84517161153,1,1.60973389846,0
88,1,fragile,0.00164795462285,0.0135478868916,0.000686419748599,9.84517161153,1,1.60973389846,0
88,2,stable,0.00163276356107,0.0270695958049,0.00125236885739,15.3321716115,1,2.17853389846,0
88,2,fragile,0.00150379975401,0.0692033142227,0.00217452427233,31.4499414769,0.405733803958,2.7734239376,0.999305236437
88,4,stable,0.00160209701832,0.053559511225,0.00243895655954,26.3061716115,0.973327129644,3.31613389846,0.0529545936891
88,4,fragile,0.00140787357988,0.169845400054,0.00716067049689,113.234144951,0.2,6.70630241376,0.99999999997
89,0,stable,0.000447242594438,0.00362306567107,0.00035850883904,4.97445465471,1,1.11136624625,0
89,0,fragile,0.000447242594438,0.00362306567107,0.00035850883904,4.97445465471,1,1.11136624625,0
89,0.5,stable,0.000439656139824,0.00661260391371,0.000461409966309,7.12069235584,1,1.32750769781,0
89,0.5,fragile,0.000439656139824,0.00661260391371,0.000461409966309,7.12069235584,1,1.32750769781,0
89,1,stable,0.000432069742739,0.013444483409,0.000692693544728,9.89569235584,1,1.61550769781,0
89,1,fragile,0.000432069742739,0.013444483409,0.000692693544728,9.89569235584,1,1.61550769781,0
89,2,stable,0.000416897121159,0.0269676097168,0.00124953534899,15.4456923558,1,2.19150769781,0
89,2,fragile,0.000285935147893,0.0645306007043,0.00195265564508,28.6154347164,0.443285419926,2.5997177715,0.998705234008
89,4,stable,0.000386299361228,0.0534603019058,0.002431071282,26.5456923558,0.978609344775,3.34350769781,0.0473934822129
89,4,fragile,0.000191307664333,0.167067333602,0.0070153292734,113.600847678,0.2,6.74897059659,0.999999999952
90,0,stable,-0.00285584845038,0.00285584845038,0.00032612266835,4.88581721855,1,1.10123625355,0
90,0,fragile,-0.00285584845038,0.00285584845038,0.00032612266835,4.88581721855,1,1.10123625355,0
90,0.5,stable,-0.00286340985745,0.0073158949823,0.000450815877677,6.92966327492,1,1.30567580285,0
90,0.5,fragile,-0.00286340985745,0.0073158949823,0.000450815877677,6.92966327492,1,1.30567580285,0
90,1,stable,-0.00287097120717,0.014142937694,0.00069474350438,9.67850053623,1,1.59068577557,0
90,1,fragile,-0.00287097120717,0.014142937694,0.00069474350438,9.67850053623,1,1.59068577557,0
90,2,stable,-0.00288609373461,0.0276564899988,0.0012606345867,15.2285005362,1,2.16668577557,0
90,2,fragile,-0.00301890946872,0.0702839485088,0.00213502673935,31.297336703,0.401585936819,2.71189258399,0.999417208019
90,4,stable,-0.00291662143522,0.0541304260873,0.00244688102578,26.3285005362,0.973329694906,3.31868577557,0.0528697995642
90,4,fragile,-0.00311063054238,0.169481594923,0.00712679561142,114.037014063,0.2,6.76447578902,0.99999999998
91,0,stable,-0.00263469614462,0.00381420742205,0.000329960192029,5.12691413477,1,1.12879018683,0
91,0,fragile,-0.00263469614462,0.00381420742205,0.000329960192029,5.12691413477,1,1.12879018683,0
91,0.5,stable,-0.0026422592287,0.00646872238062,0.000424442394222,6.92511652469,1,1.30515617425,0
91,0.5,fragile,-0.0026422592287,0.00646872238062,0.000424442394222,6.92511652469,1,1.30515617425,0
91,1,stable,-0.00264982225542,0.0133015914006,0.000658774304493,9.58262152469,1,1.57972817425,0
91,1,fragile,-0.00264982225542,0.0133015914006,0.000658774304493,9.58262152469,1,1.57972817425,0
91,2,stable,-0.00266494813682,0.0268266763884,0.00122037368147,14.8976315247,1,2.12887217425,0
91,2,fragile,-0.00279717647959,0.0642068591882,0.00191409777245,27.9074485893,0.452378866617,2.57398302231,0.998594235146
91,4,stable,-0.00269542348323,0.0533232057604,0.00240536958154,25.6084604674,0.983675552129,3.23639548199,0.0423534534293
91,4,fragile,-0.00288551599863,0.163184366332,0.00660824423625,102.409779088,0.2,6.09650910286,0.999999999825
92,0,stable,-8.14008062828e-05,0.00271772081513,0.000312288536868,5.01199736324,1,1.11565684151,0
92,0,fragile,-8.14008062828e-05,0.00271772081513,0.000312288536868,5.01199736324,1,1.11565684151,0
92,0.5,stable,-8.89832521614e-05,0.00715321640248,0.000434893760063,7.16202337591,1,1.33223124296,0
92,0.5,fragile,-8.89832521614e-05,0.00715321640248,0.000434893760063,7.16202337591,1,1.33223124296,0
92,1,stable,-9.65656405373e-05,0.0139813779128,0.000680658251535,9.90552337591,1,1.61663124296,0
92,1,fragile,-9.65656405373e-05,0.0139813779128,0.000680658251535,9.90552337591,1,1.61663124296,0
92,2,stable,-0.0001117302448,0.0274971447846,0.00124871360317,15.3925233759,1,2.18543124296,0
92,2,fragile,-0.000242186657731,0.0720275214556,0.00223562290747,32.7893480624,0.384821239507,2.80858978562,0.999701837002
92,4,stable,-0.000142462179716,0.0539754193554,0.00243608402351,26.3665233759,0.971794772003,3.32303124296,0.0733392628176
92,4,fragile,-0.00033618552635,0.170625687388,0.00718320781999,113.554130211,0.2,6.7263902296,0.99999999999
93,0,stable,0.00150145334964,0.00106550837232,0.000290042094662,4.90848731016,1,1.10382712116,0
93,0,fragile,0.00150145334964,0.00106550837232,0.000290042094662,4.90848731016,1,1.10382712116,0
93,0.5,stable,0.00149385890088,0.00681416540574,0.000420586133571,7.00474878753,1,1.31425700429,0
93,0.5,fragile,0.00149385890088,0.00681416540574,0.000420586133571,7.00474878753,1,1.31425700429,0
93,1,stable,0.00148626450971,0.0136446586908,0.000672469772843,9.74824878753,1,1.59865700429,0
93,1,fragile,0.00148626450971,0.0136446586908,0.000672469772843,9.74824878753,1,1.59865700429,0
93,2,stable,0.00147107590014,0.0271650411128,0.00124520088995,15.2352487875,1,2.16745700429,0
93,2,fragile,0.0013414093192,0.0710085106815,0.00222583454328,32.4199060719,0.38989284255,2.82631054819,0.999558907271
93,4,stable,0.00144029457443,0.0536523578495,0.0024351258992,26.2092487875,0.970213675159,3.30505700429,0.0735074614622
93,4,fragile,0.00124624787068,0.170846719515,0.00721897761513,112.803883962,0.2,6.66351559164,0.999999999986
94,0,stable,0.00148605483509,0.00164269421616,0.000273119286245,4.70042922988,1,1.08004905484,0
94,0,fragile,0.00148605483509,0.00164269421616,0.000273119286245,4.70042922988,1,1.08004905484,0
94,0.5,stable,0.0014784605031,0.00760133353353,0.000427093512315,6.91089997435,1,1.30353142564,0
94,0.5,fragile,0.0014784605031,0.00760133353353,0.000427093512315,6.91089997435,1,1.30353142564,0
94,1,stable,0.0014708662287,0.0144264131825,0.000687588694324,9.65439997435,1,1.58793142564,0
94,1,fragile,0.0014708662287,0.0144264131825,0.000687588694324,9.65439997435,1,1.58793142564,0
94,2,stable,0.00145567785266,0.027936079771,0.00126537771548,15.1413999743,1,2.15673142564,0
94,2,fragile,0.00132559434876,0.0711928114742,0.00221730971824,31.9147402299,0.395832644418,2.79588930133,0.99950310738
94,4,stable,0.00142490352955,0.0544024034862,0.00245809167475,26.1651543047,0.972658367361,3.30001763483,0.0723374600545
94,4,fragile,0.00123041940748,0.170551914601,0.00719001777501,114.461264699,0.2,6.80815678334,0.99999999998
95,0,stable,-0.00163860643384,0.00329913705954,0.000324754756504,4.98855884677,1,1.11297815392,0
95,0,fragile,-0.00163860643384,0.00329913705954,0.000324754756504,4.98855884677,1,1.11297815392,0
95,0.5,stable,-0.00164617707133,0.00649263709273,0.00043032465363,6.84726829141,1,1.2962592333,0
95,0.5,fragile,-0.00164617707133,0.00649263709273,0.00043032465363,6.84726829141,1,1.2962592333,0
95,1,stable,-0.00165374765141,0.0133253416427,0.000668915229106,9.62226829141,1,1.5842592333,0
95,1,fragile,-0.00165374765141,0.0133253416427,0.000668915229106,9.62226829141,1,1.5842592333,0
95,2,stable,-0.00166888863934,0.0268501010761,0.00123274003659,15.1722682914,1,2.1602592333,0
95,2,fragile,-0.00180064404189,0.0660204776153,0.00200933643839,29.5413780038,0.433639015115,2.59844475892,0.998833629012
95,4,stable,-0.00169941958183,0.0533459926656,0.00241876110413,26.2722682914,0.979644691009,3.3122592333,0.0468469042887
95,4,fragile,-0.00189448136024,0.16842190928,0.00705639765688,114.050216113,0.2,6.78660025456,0.999999999957
96,0,stable,-0.00190682069675,0.00266482700082,0.000335453339406,5.0047069882,1,1.11482365579,0
96,0,fragile,-0.00190682069675,0.00266482700082,0.000335453339406,5.0047069882,1,1.11482365579,0
96,0.5,stable,-0.00191438930035,0.00682734048156,0.000445301070604,7.41866222955,1,1.36156139766,0
96,0.5,fragile,-0.00191438930035,0.00682734048156,0.000445301070604,7.41866222955,1,1.36156139766,0
96,1,stable,-0.00192195784656,0.0136577431569,0.000683089865686,10.0761672296,1,1.63613339766,0
96,1,fragile,-0.00192195784656,0.0136577431569,0.000683089865686,10.0761672296,1,1.63613339766,0
96,2,stable,-0.0019370947668,0.0271779462247,0.00124535660295,15.3911772296,1,2.18527739766,0
96,2,fragile,-0.00206694131804,0.0717105564225,0.00223049109703,32.3522321391,0.382572692076,2.81575846891,0.999624846223
96,4,stable,-0.00196777559602,0.0536649115947,0.00242945788086,26.0211972296,0.970748431929,3.28356539766,0.0742034443277
96,4,fragile,-0.00216152863838,0.170166973573,0.00718533281265,114.126030217,0.2,6.77277378487,0.999999999986
97,0,stable,-0.000903919381316,0.000903919381316,0.000326910834423,5.03975049553,1,1.11882862806,0
97,0,fragile,-0.000903919381316,0.000903919381316,0.000326910834423,5.03975049553,1,1.11882862806,0
97,0.5,stable,-0.000911495589981,0.00668538275487,0.000437029232507,6.93353321989,1,1.30611808227,0
97,0.5,fragile,-0.000911495589981,0.00668538275487,0.000437029232507,6.93353321989,1,1.30611808227,0
97,1,stable,-0.000919071741197,0.0133885177232,0.00067651535609,9.67703321989,1,1.59051808227,0
97,1,fragile,-0.000919071741197,0.0133885177232,0.00067651535609,9.67703321989,1,1.59051808227,0
97,2,stable,-0.000934223871276,0.0269124111759,0.00124044098716,15.1640332199,1,2.15931808227,0
97,2,fragile,-0.00106314823784,0.0686979653052,0.00214095851488,31.251619351,0.409127723353,2.74209346813,0.999266966351
97,4,stable,-0.000964806880695,0.0534066062521,0.00242613615403,26.1380332199,0.975406002102,3.29691808227,0.0520640820191
97,4,fragile,-0.00115879465451,0.16894117132,0.00710074557111,113.123502213,0.2,6.67133673661,0.999999999969
98,0,stable,0.000575350866539,0.00117464044322,0.000353407638059,4.83160245965,1,1.0950402811,0
98,0,fragile,0.000575350866539,0.00117464044322,0.000353407638059,4.83160245965,1,1.0950402811,0
98,0.5,stable,0.000567763440473,0.00615706393787,0.000433693067073,7.17610896872,1,1.333841025,0
98,0.5,fragile,0.000567763440473,0.00615706393787,0.000433693067073,7.17610896872,1,1.333841025,0
98,1,stable,0.000560176071944,0.0127354856383,0.000658663051017,9.75044136872,1,1.598907585,0
98,1,fragile,0.000560176071944,0.0127354856383,0.000658663051017,9.75044136872,1,1.598907585,0
98,2,stable,0.000545001507492,0.026268330473,0.00121367028189,14.8991061687,1,2.129040705,0
98,2,fragile,0.000414010116425,0.0718510131185,0.00224577540036,32.423811173,0.382502303685,2.74401725662,0.999580780914
98,4,stable,0.00051425444291,0.0527800618944,0.00239517927145,25.7868665485,0.973758368223,3.2567847484,0.0724244412589
98,4,fragile,0.00032022596359,0.169976667597,0.00719169023529,114.310037121,0.2,6.80043326048,0.999999999983
99,0,stable,0.00139017924068,0.00096196169192,0.000354508276719,5.05445486859,1,1.12050912784,0
99,0,fragile,0.00139017924068,0.00096196169192,0.000354508276719,5.05445486859,1,1.12050912784,0
99,0.5,stable,0.00138258563572,0.0064871527367,0.000457866978672,6.82891534631,1,1.29416175386,0
99,0.5,fragile,0.00138258563572,0.0064871527367,0.000457866978672,6.82891534631,1,1.29416175386,0
99,1,stable,0.00137499208834,0.0133198950045,0.000690045536623,9.45687909992,1,1.56535761142,0
99,1,fragile,0.00137499208834,0.0133198950045,0.000690045536623,9.45687909992,1,1.56535761142,0
99,2,stable,0.00135980516633,0.0268447290973,0.001247745186,14.9438790999,1,2.13415761142,0
99,2,fragile,0.00122956811966,0.0700805327352,0.00221665715207,32.1055093847,0.397717037303,2.79637273623,0.999211844655
99,4,stable,0.00132915768485,0.0533407669493,0.0024294705954,25.9178790999,0.973444121939,3.27175761142,0.0511037503034
99,4,fragile,0.0011345775776,0.168486060469,0.00710973205361,113.283531632,0.2,6.7188012702,0.999999999963
100,0,stable,-0.000478713351531,0.000814320951543,0.000349724887545,4.89018449357,1,1.10173537069,0
100,0,fragile,-0.000478713351531,0.000814320951543,0.000349724887545,4.89018449357,1,1.10173537069,0
100,0.5,stable,-0.000486292784562,0.00685260611527,0.000470005738799,6.93405326106,1,1.30617751555,0
100,0.5,fragile,-0.000486292784562,0.00685260611527,0.000470005738799,6.93405326106,1,1.30617751555,0
100,1,stable,-0.000493872160116,0.0136828350298,0.000708560450912,9.67755326106,1,1.59057751555,0
100,1,fragile,-0.000493872160116,0.0136828350298,0.000708560450912,9.67755326106,1,1.59057751555,0
100,2,stable,-0.000509030738801,0.0272026941529,0.00126965617805,15.1645532611,1,2.15937751555,0
100,2,fragile,-0.000638510072648,0.0713232649161,0.00227026880635,32.7908971225,0.381647469676,2.88163654385,0.999596233451
100,4,stable,-0.000539777897493,0.0536889857126,0.00245212573227,26.1914585111,0.966711163474,3.30302382984,0.0780724608593
100,4,fragile,-0.000733845686034,0.171659150574,0.00731410364168,112.34391143,0.2,6.77008376245,0.99999999999
101,0,stable,0.00139000500177,0.000786274935684,0.000332714547274,4.87349274746,1,1.09982774257,0
101,0,fragile,0.00139000500177,0.000786274935684,0.000332714547274,4.87349274746,1,1.09982774257,0
101,0.5,stable,0.00138241139813,0.00560685176621,0.000408465539384,6.73463365034,1,1.2833867029,0
101,0.5,fragile,0.00138241139813,0.00560685176621,0.000408465539384,6.73463365034,1,1.2833867029,0
101,1,stable,0.00137481785208,0.0124456481778,0.000636823244172,9.39213865034,1,1.5579587029,0
101,1,fragile,0.00137481785208,0.0124456481778,0.000636823244172,9.39213865034,1,1.5579587029,0
101,2,stable,0.00135963093271,0.025982465935,0.00119607993082,14.7071486503,1,2.1071027029,0
101,2,fragile,0.00122759134369,0.0649495548486,0.00196713534761,29.9049769398,0.437258993901,2.62380520228,0.998997582628
101,4,stable,0.00132900196292,0.0525019805723,0.0023803258601,25.7027016044,0.978158856246,3.24716589765,0.0478150909489
101,4,fragile,0.00113366615938,0.166623452525,0.00701443611498,113.542061707,0.2,6.73383194697,0.999999999964
102,0,stable,0.000514392397505,0.00105728983238,0.000304805173799,4.75796529303,1,1.08662460492,0
102,0,fragile,0.000514392397505,0.00105728983238,0.000304805173799,4.75796529303,1,1.08662460492,0
102,0.5,stable,0.000506805433691,0.00722870560681,0.000438527364953,7.0982175571,1,1.32493914938,0
102,0.5,fragile,0.000506805433691,0.00722870560681,0.000438527364953,7.0982175571,1,1.32493914938,0
102,1,stable,0.00049921852741,0.014056347951,0.000688666048392,9.7557225571,1,1.59951114938,0
102,1,fragile,0.00049921852741,0.014056347951,0.000688666048392,9.7557225571,1,1.59951114938,0
102,2,stable,0.000484044887443,0.0275710871773,0.00125929906721,15.1986110145,1,2.16326983022,0
102,2,fragile,0.000353446537777,0.072569053156,0.00226843135584,32.8144932613,0.383035397447,2.83220006972,0.999605462442
102,4,stable,0.000453285106406,0.0540473485231,0.00244822277461,26.2986110145,0.971060477236,3.31526983022,0.074931303372
102,4,fragile,0.000259292068728,0.171399973348,0.00724901818767,114.440572072,0.2,6.81912301704,0.999999999985
103,0,stable,0.00141669042863,0.00301380345488,0.000369857913943,5.09647079112,1,1.12531094756,0
103,0,fragile,0.00141669042863,0.00301380345488,0.000369857913943,5.09647079112,1,1.12531094756,0
103,0.5,stable,0.00140909662263,0.00637060557103,0.00045515550338,7.30647411162,1,1.34873989847,0
103,0.5,fragile,0.00140909662263,0.00637060557103,0.00045515550338,7.30647411162,1,1.34873989847,0
103,1,stable,0.00140150287422,0.0132041493753,0.000678301414246,9.96397911162,1,1.62331189847,0
103,1,fragile,0.00140150287422,0.0132041493753,0.000678301414246,9.96397911162,1,1.62331189847,0
103,2,stable,0.00138631555015,0.0267305700415,0.0012302882682,15.2789891116,1,2.17245589847,0
103,2,fragile,0.00125512399365,0.0727249427214,0.00224603265398,33.199730706,0.379127579026,2.75366085336,0.999693733996
103,4,stable,0.00135566777703,0.0532297160949,0.00240951678055,26.2705762754,0.974444709368,3.31206586005,0.0509987522604
103,4,fragile,0.00116174833047,0.169651516339,0.00712177745351,112.787753413,0.2,6.6931407869,0.999999999988
104,0,stable,0.000412054913754,0.00144226381876,0.00028947973841,4.7321859609,1,1.08367839553,0
104,0,fragile,0.000412054913754,0.00144226381876,0.00028947973841,4.7321859609,1,1.08367839553,0
104,0.5,stable,0.000404468725971,0.00754822989632,0.000436918708169,7.42657670876,1,1.36246590957,0
104,0.5,fragile,0.000404468725971,0.00754822989632,0.000436918708169,7.42657670876,1,1.36246590957,0
104,1,stable,0.000396882595715,0.014373674758,0.000693218592295,10.2015767088,1,1.65046590957,0
104,1,fragile,0.000396882595715,0.014373674758,0.000693218592295,10.2015767088,1,1.65046590957,0
104,2,stable,0.000381710507783,0.0278840642539,0.00126788169665,15.7515767088,1,2.22646590957,0
104,2,fragile,0.000247838237132,0.0777398815643,0.00246847254918,36.1238607843,0.335198068025,2.99665971374,0.99987915651
104,4,stable,0.00035089522785,0.0543518041924,0.00245830789324,26.8515767088,0.961887920109,3.37846590957,0.0849188536058
104,4,fragile,0.000155253190031,0.175918585204,0.00755740336315,112.460623713,0.2,6.99590256164,0.999999999999
105,0,stable,-0.0013620637219,0.00172449783977,0.000309263485419,4.7748346632,1,1.08855253294,0
105,0,fragile,-0.0013620637219,0.00172449783977,0.000309263485419,4.7748346632,1,1.08855253294,0
105,0.5,stable,-0.00136963645643,0.00710799845093,0.000437522700338,7.26242157168,1,1.34370532248,0
105,0.5,fragile,-0.00136963645643,0.00710799845093,0.000437522700338,7.26242157168,1,1.34370532248,0
105,1,stable,-0.00137720913353,0.0139364709413,0.000685392547208,10.0374215717,1,1.63170532248,0
105,1,fragile,-0.00137720913353,0.0139364709413,0.000685392547208,10.0374215717,1,1.63170532248,0
105,2,stable,-0.00139235431547,0.0274528533716,0.00125463160583,15.5874215717,1,2.20770532248,0
105,2,fragile,-0.00152164489613,0.0698057273487,0.00217000219824,31.4596753964,0.403369504166,2.78144964325,0.999398148261
105,4,stable,-0.00142291922539,0.0539323338619,0.0024429953268,26.6874215717,0.97463091679,3.35970532248,0.05137361822
105,4,fragile,-0.00161682552465,0.169375177269,0.00711866852453,113.583459943,0.2,6.74195521489,0.999999999973
106,0,stable,-0.000543167990119,0.00155234793253,0.000319371408671,4.92210662048,1,1.10538361377,0
106,0,fragile,-0.000543167990119,0.00155234793253,0.000319371408671,4.92210662048,1,1.10538361377,0
106,0.5,stable,-0.000550746934386,0.00601343999193,0.000408806437791,6.61567271516,1,1.26979116745,0
106,0.5,fragile,-0.000550746934386,0.00601343999193,0.000408806437791,6.61567271516,1,1.26979116745,0
106,1,stable,-0.000558325821181,0.0128494401513,0.000644051186662,9.23732311328,1,1.54026549866,0
106,1,fragile,-0.000558325821181,0.0128494401513,0.000644051186662,9.23732311328,1,1.54026549866,0
106,2,stable,-0.000573483422356,0.0263807229642,0.00120740392895,14.6658587696,1,2.10238385938,0
106,2,fragile,-0.000706152124097,0.0682121682742,0.00206709290197,30.8522261507,0.410627217444,2.6581031934,0.999328820704
106,4,stable,-0.00060407054098,0.0528893942822,0.00239379428677,25.7288635713,0.976018130996,3.25015583672,0.0508550323886
106,4,fragile,-0.000798370697009,0.168484765522,0.00709928418265,114.049034886,0.2,6.78076306685,0.999999999975
107,0,stable,-0.00219404045184,0.00219404045184,0.000299801922451,4.86834870648,1,1.09923985217,0
107,0,fragile,-0.00219404045184,0.00219404045184,0.000299801922451,4.86834870648,1,1.09923985217,0
107,0.5,stable,-0.00220160687744,0.00694601612346,0.000425418878964,7.16644571182,1,1.33273665278,0
107,0.5,fragile,-0.00220160687744,0.00694601612346,0.000425418878964,7.16644571182,1,1.33273665278,0
107,1,stable,-0.00220917324566,0.0137756026241,0.000674266915258,9.94144571182,1,1.62073665278,0
107,1,fragile,-0.00220917324566,0.0137756026241,0.000674266915258,9.94144571182,1,1.62073665278,0
107,2,stable,-0.00222430580997,0.0272941901432,0.0012448329348,15.4914457118,1,2.19673665278,0
107,2,fragile,-0.00235281919368,0.0679827758979,0.00209553460245,30.1643904362,0.41810740512,2.73599496214,0.99921508562
107,4,stable,-0.00225483073599,0.0537779905473,0.00243390055364,26.5914457118,0.976571298413,3.34873665278,0.0488155194042
107,4,fragile,-0.00244883429441,0.16776235478,0.00702669118411,112.857686044,0.2,6.67425584982,0.999999999965
108,0,stable,-0.00188983291087,0.00488313990599,0.000339943405272,5.03231765003,1,1.11797916,0
108,0,fragile,-0.00188983291087,0.00488313990599,0.000339943405272,5.03231765003,1,1.11797916,0
108,0.5,stable,-0.00189740164329,0.00856485443199,0.000472104976924,7.38591225484,1,1.35781854341,0
108,0.5,fragile,-0.00189740164329,0.00856485443199,0.000472104976924,7.38591225484,1,1.35781854341,0
108,1,stable,-0.00190497031832,0.0147800114438,0.000716072147374,10.1294122548,1,1.64221854341,0
108,1,fragile,-0.00190497031832,0.0147800114438,0.000716072147374,10.1294122548,1,1.64221854341,0
108,2,stable,-0.00192010749619,0.0282848311139,0.00128069340747,15.6164122548,1,2.21101854341,0
108,2,fragile,-0.0020532179105,0.0710739057794,0.00214185621512,31.1600835566,0.404975444446,2.65502199418,0.999515873785
108,4,stable,-0.00195076481244,0.0547416593981,0.00246601649604,26.5904122548,0.976163046062,3.34861854341,0.0699854858636
108,4,fragile,-0.00214518780331,0.170823482647,0.00717905769287,115.467234074,0.2,6.90741951563,0.999999999984
109,0,stable,0.00033620716411,0.00252890341558,0.000305104886035,4.78241487395,1,1.08941884274,0
109,0,fragile,0.00033620716411,0.00252890341558,0.000305104886035,4.78241487395,1,1.08941884274,0
109,0.5,stable,0.000328621551488,0.00696123767329,0.000427217796013,7.02619805226,1,1.31670834883,0
109,0.5,fragile,0.000328621551488,0.00696123767329,0.000427217796013,7.02619805226,1,1.31670834883,0
109,1,stable,0.000321035996389,0.0137907194899,0.000674162976984,9.60053045226,1,1.58177490883,0
109,1,fragile,0.000321035996389,0.0137907194899,0.000674162976984,9.60053045226,1,1.58177490883,0
109,2,stable,0.00030586505875,0.0273090997958,0.00124343111181,14.8553412689,1,2.12403900216,0
109,2,fragile,0.000175455461884,0.0718266376017,0.00223604314411,32.6125669588,0.384439988167,2.84060022172,0.999703192291
109,4,stable,0.000275106427598,0.0537924942558,0.00243142706824,25.9553412689,0.969672823253,3.27603900216,0.0757230511836
109,4,fragile,8.10963099873e-05,0.170572525144,0.00720993438515,113.719784384,0.2,6.7276246072,0.999999999991
110,0,stable,0.00105609111259,0.000875063870383,0.000327374198365,4.93076395781,1,1.10637302375,0
110,0,fragile,0.00105609111259,0.000875063870383,0.000327374198365,4.93076395781,1,1.10637302375,0
110,0.5,stable,0.00104850004104,0.00725959236897,0.000463390813167,7.42309727511,1,1.36206826001,0
110,0.5,fragile,0.00104850004104,0.00725959236897,0.000463390813167,7.42309727511,1,1.36206826001,0
110,1,stable,0.00104090902705,0.0140870222939,0.000710522938587,10.1665972751,1,1.64646826001,0
110,1,fragile,0.00104090902705,0.0140870222939,0.000710522938587,10.1665972751,1,1.64646826001,0
110,2,stable,0.00102572717177,0.0276013410542,0.00127778335761,15.6535972751,1,2.21526826001,0
110,2,fragile,0.000898215595694,0.0673375254106,0.00210606434936,30.2327939834,0.419090177913,2.78442244616,0.999164377299
110,4,stable,0.000995078401589,0.0540767786796,0.00246430295968,26.6275972751,0.973151250803,3.35286826001,0.0530975466137
110,4,fragile,0.00080100137119,0.169113965697,0.00710211389227,112.477952722,0.2,6.62166261021,0.999999999966
111,0,stable,0.00156209573951,0.00254089390818,0.000350064812913,4.91082916637,1,1.10409476187,0
111,0,fragile,0.00156209573951,0.00254089390818,0.000350064812913,4.91082916637,1,1.10409476187,0
111,0.5,stable,0.00155450083089,0.00683132586219,0.000459236792098,6.86448577109,1,1.29822694527,0
111,0.5,fragile,0.00155450083089,0.00683132586219,0.000459236792098,6.86448577109,1,1.29822694527,0
111,1,stable,0.00154690597987,0.0136617011286,0.000694122546639,9.43881817109,1,1.56329350527,0
111,1,fragile,0.00154690597987,0.0136617011286,0.000694122546639,9.43881817109,1,1.56329350527,0
111,2,stable,0.0015317164506,0.0271818499429,0.00125350920559,14.8285703856,1,2.12097947264,0
111,2,fragile,0.00139985327594,0.0666547232514,0.00204381491894,30.1574536286,0.426004756896,2.68622975213,0.999118127603
111,4,stable,0.00150106109883,0.0536687090266,0.00243634194127,25.9285703856,0.97476281809,3.27297947264,0.0515342472725
111,4,fragile,0.00130597787721,0.168735438927,0.00711159759833,114.184239528,0.2,6.78236689877,0.99999999997
112,0,stable,-0.00366513805313,0.00529809731977,0.000330974812595,4.96809222585,1,1.11063911153,0
112,0,fragile,-0.00366513805313,0.00529809731977,0.000330974812595,4.96809222585,1,1.11063911153,0
112,0.5,stable,-0.00367269332331,0.00839090814834,0.000467810472751,7.04368577617,1,1.31870694585,0
112,0.5,fragile,-0.00367269332331,0.00839090814834,0.000467810472751,7.04368577617,1,1.31870694585,0
112,1,stable,-0.00368024853618,0.0148792513469,0.000714635271182,9.81868577617,1,1.60670694585,0
112,1,fragile,-0.00368024853618,0.0148792513469,0.000714635271182,9.81868577617,1,1.60670694585,0
112,2,stable,-0.00369535879006,0.0283160287061,0.0012814371999,15.3686857762,1,2.18270694585,0
112,2,fragile,-0.00382727241718,0.0685174038516,0.00206739834872,30.2698534564,0.42409520595,2.65761899962,0.999283941099
112,4,stable,-0.00372584814938,0.0547720075754,0.00246825168186,26.4686857762,0.977665026404,3.33470694585,0.0504385586989
112,4,fragile,-0.00392097463178,0.170209297314,0.00714068450566,115.466666212,0.2,6.88866963769,0.999999999977
113,0,stable,-0.000213836952628,0.00256794030897,0.000334942190539,5.0972398255,1,1.1253988372,0
113,0,fragile,-0.000213836952628,0.00256794030897,0.000334942190539,5.0972398255,1,1.1253988372,0
113,0.5,stable,-0.000221418394233,0.00763222468245,0.000468724857427,7.71332680622,1,1.39523734928,0
113,0.5,fragile,-0.000221418394233,0.00763222468245,0.000468724857427,7.71332680622,1,1.39523734928,0
113,1,stable,-0.000228999778347,0.0143329953076,0.000713984827217,10.3708318062,1,1.66980934928,0
113,1,fragile,-0.000228999778347,0.0143329953076,0.000713984827217,10.3708318062,1,1.66980934928,0
113,2,stable,-0.000244162374106,0.0278439424137,0.00127967999055,15.6858418062,1,2.21895334928,0
113,2,fragile,-0.000374881568921,0.0658512737483,0.00199887072772,29.2571842066,0.442180768057,2.62327884964,0.998784423514
113,4,stable,-0.00027475284478,0.054312774747,0.0024658018027,26.3158618062,0.977854448362,3.31724134928,0.0496557397024
113,4,fragile,-0.000469823911922,0.169014401518,0.00710010541605,114.459600199,0.2,6.80752450549,0.999999999956
114,0,stable,0.000613289142749,0.00235625679917,0.000333356031759,5.05906178052,1,1.12103563206,0
114,0,fragile,0.000613289142749,0.00235625679917,0.000333356031759,5.05906178052,1,1.12103563206,0
114,0.5,stable,0.000605701428994,0.00634282428865,0.000426153331456,7.02020613807,1,1.31602355864,0
114,0.5,fragile,0.000605701428994,0.00634282428865,0.000426153331456,7.02020613807,1,1.31602355864,0
114,1,stable,0.00059811377278,0.0131765591547,0.000659273615785,9.51603921507,1,1.57211876744,0
114,1,fragile,0.00059811377278,0.0131765591547,0.000659273615785,9.51603921507,1,1.57211876744,0
114,2,stable,0.000582938632962,0.0267033580115,0.00121999001605,14.6648779359,1,2.10227176411,0
114,2,fragile,0.000450018569206,0.0675820287976,0.00204846676429,30.4415439132,0.41835976969,2.66785840137,0.999235051845
114,4,stable,0.000552324725348,0.0532032449652,0.00240449012103,25.6747988336,0.977137782234,3.24397700955,0.0493448946061
114,4,fragile,0.000356985735818,0.167905208791,0.00706405492485,114.253328524,0.2,6.79232985881,0.999999999972
115,0,stable,-0.00213589598219,0.00332297541256,0.000337715907889,5.08775686511,1,1.1243150703,0
115,0,fragile,-0.00213589598219,0.00332297541256,0.000337715907889,5.08775686511,1,1.1243150703,0
115,0.5,stable,-0.0021434628487,0.00661553977123,0.000436028253519,6.81296391071,1,1.29233873265,0
115,0.5,fragile,-0.0021434628487,0.00661553977123,0.000436028253519,6.81296391071,1,1.29233873265,0
115,1,stable,-0.00215102965783,0.0134473990756,0.00066988346886,9.55646391071,1,1.57673873265,0
115,1,fragile,-0.00215102965783,0.0134473990756,0.00066988346886,9.55646391071,1,1.57673873265,0
115,2,stable,-0.00216616310395,0.0269704854171,0.00123030653558,15.0948653001,1,2.15141317715,0
115,2,fragile,-0.00229907663239,0.0683198707887,0.00205964413361,30.6668600393,0.417180109962,2.62022306426,0.999268903796
115,4,stable,-0.00219668408349,0.0534630993096,0.00241448130089,26.1948653001,0.97873140154,3.30341317715,0.0477798298575
115,4,fragile,-0.00239132117694,0.168531451361,0.00705948499879,114.094249922,0.2,6.79260820538,0.999999999974
116,0,stable,0.00180445249282,0,0.000292245287599,4.69723311096,1,1.07968378411,0
116,0,fragile,0.00180445249282,0,0.000292245287599,4.69723311096,1,1.07968378411,0
116,0.5,stable,0.0017968557464,0.00570717959577,0.000383722023962,6.66449460085,1,1.27537081153,0
116,0.5,fragile,0.0017968557464,0.00570717959577,0.000383722023962,6.66449460085,1,1.27537081153,0
116,1,stable,0.00178925905758,0.0123897061192,0.000625805477589,9.361298647,1,1.55443413109,0
116,1,fragile,0.00178925905758,0.0123897061192,0.000625805477589,9.361298647,1,1.55443413109,0
116,2,stable,0.00177406585277,0.0259272906975,0.00119502140804,14.911298647,1,2.13043413109,0
116,2,fragile,0.00164427343826,0.0698910922701,0.00219666392837,32.4316908768,0.392232378284,2.78616807432,0.99950168222
116,4,stable,0.00174327636856,0.0524483075875,0.00238441102322,26.011298647,0.972431707208,3.28243413109,0.0732515083741
116,4,fragile,0.00154942536844,0.169927276749,0.00719876452526,113.138450949,0.2,6.69568650773,0.999999999983
117,0,stable,-1.07082783108e-05,0.00212244182905,0.000308575108965,4.93752496317,1,1.10714571008,0
117,0,fragile,-1.07082783108e-05,0.00212244182905,0.000308575108965,4.93752496317,1,1.10714571008,0
117,0.5,stable,-1.82912602508e-05,0.00703824704278,0.000424106048265,6.94706717317,1,1.30766481979,0
117,0.5,fragile,-1.82912602508e-05,0.00703824704278,0.000424106048265,6.94706717317,1,1.30766481979,0
117,1,stable,-2.58741846911e-05,0.0137168302121,0.000668631365579,9.52139957317,1,1.57273137979,0
117,1,fragile,-2.58741846911e-05,0.0137168302121,0.000668631365579,9.52139957317,1,1.57273137979,0
117,2,stable,-4.10398610652e-05,0.0272362233491,0.00123658226189,14.9341213034,1,2.13304243467,0
117,2,fragile,-0.000174289819551,0.076175971786,0.00239381599493,35.3833985545,0.347619364043,2.88539643957,0.999851662501
117,4,stable,-7.18246961543e-05,0.0537216020115,0.00242431999599,26.0341213034,0.966623226056,3.28504243467,0.0819016017869
117,4,fragile,-0.000265921130837,0.173243222616,0.00737756342407,114.183935706,0.2,6.79278533109,0.999999999997
118,0,stable,0.00240474065425,0,0.000342390053651,4.88865076314,1,1.10156008722,0
118,0,fragile,0.00240474065425,0,0.000342390053651,4.88865076314,1,1.10156008722,0
118,0.5,stable,0.00239713935581,0.00634996593176,0.000445163402129,7.01426135588,1,1.31534415496,0
118,0.5,fragile,0.00239713935581,0.00634996593176,0.000445163402129,7.01426135588,1,1.31534415496,0
118,1,stable,0.002389538115,0.0131836516822,0.00067945903549,9.51009443288,1,1.57143936376,0
118,1,fragile,0.002389538115,0.0131836516822,0.00067945903549,9.51009443288,1,1.57143936376,0
118,2,stable,0.00237433580632,0.0267103533188,0.00123948243038,14.7144316777,1,2.10793504888,0
118,2,fragile,0.00224112314285,0.0750924316579,0.00241615781087,35.7092940906,0.34635592468,2.97927363555,0.999805318984
118,4,stable,0.00234346966309,0.0532100498117,0.0024222088297,25.7103801805,0.962806268115,3.2480434492,0.0831817178042
118,4,fragile,0.00214814772939,0.173414098534,0.00744699357628,112.493580884,0.2,6.91632228643,0.999999999997
119,0,stable,0.00202570009256,0.00313132695818,0.000368588747504,5.04122587191,1,1.1189972425,0
119,0,fragile,0.00202570009256,0.00313132695818,0.000368588747504,5.04122587191,1,1.1189972425,0
119,0.5,stable,0.0020181016684,0.00636562987429,0.000456948229983,6.93823047406,1,1.30665491132,0
119,0.5,fragile,0.0020181016684,0.00636562987429,0.000456948229983,6.93823047406,1,1.30665491132,0
119,1,stable,0.00201050330187,0.0131992078982,0.000681395865515,9.51256287406,1,1.57172147132,0
119,1,fragile,0.00201050330187,0.0131992078982,0.000681395865515,9.51256287406,1,1.57172147132,0
119,2,stable,0.00199530674165,0.0267256962993,0.00123408325024,14.815484208,1,2.11948390949,0
119,2,fragile,0.00186185121057,0.0694011806997,0.00212274947369,31.3243997283,0.403947662381,2.67345591848,0.999335507431
119,4,stable,0.0019646342022,0.0532249750498,0.00241375480229,25.641809891,0.974482554993,3.24020684469,0.0520559561539
119,4,fragile,0.00176962065699,0.168947581786,0.00712690012928,114.346333477,0.2,6.80099938436,0.999999999978
120,0,stable,0.000437439774975,0.00106762743145,0.000339185183064,4.88207037484,1,1.10080804284,0
120,0,fragile,0.000437439774975,0.00106762743145,0.000339185183064,4.88207037484,1,1.10080804284,0
120,0.5,stable,0.0004298533947,0.00753588728313,0.000473316388274,7.02573304962,1,1.31665520567,0
120,0.5,fragile,0.0004298533947,0.00753588728313,0.000473316388274,7.02573304962,1,1.31665520567,0
120,1,stable,0.00042226707195,0.0143614170293,0.000718028438829,9.76923304962,1,1.60105520567,0
120,1,fragile,0.00042226707195,0.0143614170293,0.000718028438829,9.76923304962,1,1.60105520567,0
120,2,stable,0.000407094599033,0.027871974547,0.00128308283901,15.2562330496,1,2.16985520567,0
120,2,fragile,0.000275835746579,0.0740370829663,0.00234029119698,33.6546783828,0.367542674262,2.89781489556,0.999673510337
120,4,stable,0.000376304590642,0.0543400436512,0.00246806399225,26.2302330496,0.966889432834,3.30745520567,0.0804832591946
120,4,fragile,0.000182165650554,0.172666484802,0.00734194619075,114.197754476,0.2,6.77924261432,0.999999999991
121,0,stable,-0.00265297790129,0.00356079594595,0.000323450935594,4.89745652562,1,1.10256646007,0
121,0,fragile,-0.00265297790129,0.00356079594595,0.000323450935594,4.89745652562,1,1.10256646007,0
121,0.5,stable,-0.00266054084673,0.00743111522365,0.000448188984387,6.89700397852,1,1.30194331183,0
121,0.5,fragile,-0.00266054084673,0.00743111522365,0.000448188984387,6.89700397852,1,1.30194331183,0
121,1,stable,-0.00266810373483,0.0141471343667,0.000692589953922,9.66058913048,1,1.58863875777,0
121,1,fragile,-0.00266810373483,0.0141471343667,0.000692589953922,9.66058913048,1,1.58863875777,0
121,2,stable,-0.00268322933897,0.0276606291459,0.00125895181125,15.2105891305,1,2.16463875777,0
121,2,fragile,-0.00281429514336,0.0654211261423,0.00196247538017,28.929045767,0.445751398136,2.61974071262,0.998742045301
121,4,stable,-0.00271373151922,0.0541344525381,0.00244584316613,26.3105891305,0.980296153811,3.31663875777,0.0472295853133
121,4,fragile,-0.00290966425207,0.168436200813,0.00703926680472,114.393115317,0.2,6.8077922534,0.999999999954
122,0,stable,-0.0011399650006,0.00258320313473,0.000314805760778,4.99191764153,1,1.11336201617,0
122,0,fragile,-0.0011399650006,0.00258320313473,0.000314805760778,4.99191764153,1,1.11336201617,0
122,0.5,stable,-0.00114753941932,0.00835973729833,0.000469005811995,7.48775071853,1,1.36945722497,0
122,0.5,fragile,-0.00114753941932,0.00835973729833,0.000469005811995,7.48775071853,1,1.36945722497,0
122,1,stable,-0.00115511378059,0.0151796011341,0.000723453424146,9.98358379553,1,1.62555243377,0
122,1,fragile,-0.00115511378059,0.0151796011341,0.000723453424146,9.98358379553,1,1.62555243377,0
122,2,stable,-0.00117026233084,0.0286789434624,0.00129533220798,15.1736130841,1,2.1604129239,0
122,2,fragile,-0.00130371926126,0.0720062883465,0.00219372464635,31.999888635,0.392345104517,2.77839285173,0.999558279294
122,4,stable,-0.00120096541853,0.0551250412743,0.00248414687437,26.2736130841,0.970784951348,3.3124129239,0.0739843232814
122,4,fragile,-0.0013953332602,0.171340090549,0.00721540491301,114.940867603,0.2,6.8352003023,0.999999999986
123,0,stable,-0.00069218377623,0.00295812426304,0.000330128061696,4.93130877481,1,1.10643528855,0
123,0,fragile,-0.00069218377623,0.00295812426304,0.000330128061696,4.93130877481,1,1.10643528855,0
123,0.5,stable,-0.000699761590501,0.00719410542651,0.000453885752648,6.96767097321,1,1.3100195398,0
123,0.5,fragile,-0.000699761590501,0.00719410542651,0.000453885752648,6.96767097321,1,1.3100195398,0
123,1,stable,-0.000707339347308,0.0140219857285,0.000696846207102,9.74267097321,1,1.5980195398,0
123,1,fragile,-0.000707339347308,0.0140219857285,0.000696846207102,9.74267097321,1,1.5980195398,0
123,2,stable,-0.000722494688534,0.027537195972,0.00126191252384,15.2926709732,1,2.1740195398,0
123,2,fragile,-0.000854380267503,0.0675678950761,0.00204819765973,29.851323327,0.424102185375,2.63095958313,0.999046407592
123,4,stable,-0.000753068453863,0.0540143800716,0.00244784393257,26.3926709732,0.977246864524,3.3260195398,0.0493080048616
123,4,fragile,-0.000947660544161,0.16872609761,0.00708772581481,113.760511033,0.2,6.75183337188,0.999999999967
124,0,stable,-0.000316273778201,0.00178870226387,0.000330205932673,4.90576753431,1,1.10351628963,0
124,0,fragile,-0.000316273778201,0.00178870226387,0.000330205932673,4.90576753431,1,1.10351628963,0
124,0.5,stable,-0.000323854443019,0.00687832671028,0.000448335397403,7.37099157101,1,1.3561133224,0
124,0.5,fragile,-0.000323854443019,0.00687832671028,0.000448335397403,7.37099157101,1,1.3561133224,0
124,1,stable,-0.000331435050354,0.0137083787351,0.000689585324464,10.114491571,1,1.6405133224,0
124,1,fragile,-0.000331435050354,0.0137083787351,0.000689585324464,10.114491571,1,1.6405133224,0
124,2,stable,-0.000346596092573,0.02722788772,0.00125388929483,15.601491571,1,2.2093133224,0
124,2,fragile,-0.000477864372756,0.0655253744717,0.00200172423257,29.4330563721,0.435281761301,2.60667025283,0.998934539993
124,4,stable,-0.000377180815245,0.0537134933361,0.00243955573839,26.575491571,0.977761572513,3.3469133224,0.0492042442622
124,4,fragile,-0.000571610837496,0.168085414917,0.00704415762084,113.266980238,0.2,6.70139857517,0.99999999996
125,0,stable,0.0006462139543,0.00202317020315,0.000314361246237,4.87706849788,1,1.10023639976,0
125,0,fragile,0.0006462139543,0.00202317020315,0.000314361246237,4.87706849788,1,1.10023639976,0
125,0.5,stable,0.000638625990874,0.00696912658384,0.000440076471012,6.83989631169,1,1.29541672134,0
125,0.5,fragile,0.000638625990874,0.00696912658384,0.000440076471012,6.83989631169,1,1.29541672134,0
125,1,stable,0.000631038084989,0.0137985541455,0.000686342646278,9.48715543125,1,1.56881776357,0
125,1,fragile,0.000631038084989,0.0137985541455,0.000686342646278,9.48715543125,1,1.56881776357,0
125,2,stable,0.000615862445839,0.0273168270586,0.00125440342207,14.9210838523,1,2.13155244026,0
125,2,fragile,0.000484815099061,0.0651422063451,0.00198001417587,28.7118983912,0.441613887527,2.61668567764,0.998530165132
125,4,stable,0.000585259733129,0.0538000111289,0.00244210612073,26.0210838523,0.9782025197,3.28355244026,0.0472023352083
125,4,fragile,0.0003897454891,0.167804889513,0.00705402396035,113.911121758,0.2,6.7763336543,0.999999999946
126,0,stable,0.00298056240996,0.00135961961621,0.000339917963646,5.04709298568,1,1.11966776979,0
126,0,fragile,0.00298056240996,0.00135961961621,0.000339917963646,5.04709298568,1,1.11966776979,0
126,0.5,stable,0.00297295674502,0.00694184660511,0.000460312417583,7.25649391638,1,1.34302787616,0
126,0.5,fragile,0.00297295674502,0.00694184660511,0.000460312417583,7.25649391638,1,1.34302787616,0
126,1,stable,0.00296535113776,0.013771461781,0.000700560805435,9.91399891638,1,1.61759987616,0
126,1,fragile,0.00296535113776,0.013771461781,0.000700560805435,9.91399891638,1,1.61759987616,0
126,2,stable,0.00295014009626,0.0272901060604,0.00126342595527,15.3047409984,1,2.17539897125,0
126,2,fragile,0.00281733198786,0.0765513176748,0.00242436698664,35.2738891112,0.340087888797,2.94215741288,0.999842226418
126,4,stable,0.00291925403658,0.0537740176615,0.00244722751447,26.2787409984,0.963453197241,3.31299897125,0.0835133546916
126,4,fragile,0.00272312638847,0.17513524295,0.00753677153703,112.116950258,0.2,6.95824304095,0.999999999998
127,0,stable,-2.67710795262e-05,0.00215760179437,0.0003200450629,4.86109757255,1,1.09841115115,0
127,0,fragile,-2.67710795262e-05,0.00215760179437,0.0003200450629,4.86109757255,1,1.09841115115,0
127,0.5,stable,-3.43539396628e-05,0.00743221858716,0.000457452275979,7.11414525864,1,1.32675945813,0
127,0.5,fragile,-3.43539396628e-05,0.00743221858716,0.000457452275979,7.11414525864,1,1.32675945813,0
127,1,stable,-4.19367422988e-05,0.0142584613,0.00070615221296,9.85764525864,1,1.61115945813,0
127,1,fragile,-4.19367422988e-05,0.0142584613,0.00070615221296,9.85764525864,1,1.61115945813,0
127,2,stable,-5.71021750672e-05,0.0277704300746,0.00127479078114,15.3446452586,1,2.17995945813,0
127,2,fragile,-0.000185234137859,0.0677595656,0.00211184302904,30.3777621405,0.418766927053,2.77215578322,0.999306898845
127,4,stable,-8.77165587436e-05,0.0542412639239,0.0024623992835,26.3186452586,0.973757421197,3.31755945813,0.0528744054089
127,4,fragile,-0.000282078367867,0.169520906979,0.00712957787341,113.770833578,0.2,6.73936873945,0.999999999973
128,0,stable,-0.00117936449527,0.00309671101013,0.000283941949356,4.75125154165,1,1.08585731905,0
128,0,fragile,-0.00117936449527,0.00309671101013,0.000283941949356,4.75125154165,1,1.08585731905,0
128,0.5,stable,-0.00118693861522,0.00677394056256,0.00041004805458,7.00046413033,1,1.31376732918,0
128,0.5,fragile,-0.00118693861522,0.00677394056256,0.00041004805458,7.00046413033,1,1.31376732918,0
128,1,stable,-0.00119451267773,0.0136047104882,0.000661974624955,9.49629720733,1,1.56986253798,0
128,1,fragile,-0.00119451267773,0.0136047104882,0.000661974624955,9.49629720733,1,1.56986253798,0
128,2,stable,-0.00120966063045,0.0271256404968,0.00123532030656,14.9334371078,1,2.13296424089,0
128,2,fragile,-0.00134078032953,0.06455901762,0.00195388150408,28.7978321619,0.446265214411,2.6465257021,0.998680553276
128,4,stable,-0.00124020916525,0.0536140299916,0.00242636851622,25.9859857267,0.978699396695,3.27954122591,0.0474833653448
128,4,fragile,-0.00143564732184,0.167308206266,0.00702710484595,114.048576251,0.2,6.77585320626,0.999999999948
129,0,stable,-0.000321923820542,0.00164724997343,0.000293284054157,4.83872930871,1,1.09585477814,0
129,0,fragile,-0.000321923820542,0.00164724997343,0.000293284054157,4.83872930871,1,1.09585477814,0
129,0.5,stable,-0.000329504442514,0.00667719119008,0.000409903665799,6.95016885785,1,1.30801929804,0
129,0.5,fragile,-0.000329504442514,0.00667719119008,0.000409903665799,6.95016885785,1,1.30801929804,0
129,1,stable,-0.000337085007005,0.0135086264956,0.0006577089893,9.60767385785,1,1.58259129804,0
129,1,fragile,-0.000337085007005,0.0135086264956,0.0006577089893,9.60767385785,1,1.58259129804,0
129,2,stable,-0.000352245963535,0.0270308735675,0.00122856223897,14.9231738472,1,2.13179129683,0
129,2,fragile,-0.000483322933959,0.0724869705081,0.0022780608342,33.6918120582,0.376559960729,2.82952826079,0.999729935848
129,4,stable,-0.000382981053453,0.0535218432756,0.00241803344257,25.9761013099,0.970178008478,3.27841157827,0.0751436930412
129,4,fragile,-0.000576690609206,0.17144725984,0.00724780994587,113.444540093,0.2,6.72185687224,0.999999999992
130,0,stable,-0.00157225093602,0.00260943975798,0.000315083223847,4.88940834461,1,1.10164666796,0
130,0,fragile,-0.00157225093602,0.00260943975798,0.000315083223847,4.88940834461,1,1.10164666796,0
130,0.5,stable,-0.00157982207669,0.00746191525533,0.000451193406305,7.3757652577,1,1.35665888659,0
130,0.5,fragile,-0.00157982207669,0.00746191525533,0.000451193406305,7.3757652577,1,1.35665888659,0
130,1,stable,-0.00158739315994,0.0142879537336,0.000700305763502,10.1193964184,1,1.64107387639,0
130,1,fragile,-0.00158739315994,0.0142879537336,0.000700305763502,10.1193964184,1,1.64107387639,0
130,2,stable,-0.00160253515421,0.0277995182432,0.00126956581912,15.6693964184,1,2.21707387639,0
130,2,fragile,-0.00173300632102,0.0732318558935,0.00227866816489,33.1779739695,0.380160646111,2.81394219443,0.999607694189
130,4,stable,-0.00163321117929,0.0542695601107,0.00245724832371,26.7693964184,0.971625418691,3.36907387639,0.0716403024691
130,4,fragile,-0.00182649076197,0.171345925613,0.00720499522344,112.86255347,0.2,6.67997164094,0.999999999988
131,0,stable,-0.001364692738,0.00290528387552,0.000322320847574,4.93532458539,1,1.10689423833,0
131,0,fragile,-0.001364692738,0.00290528387552,0.000322320847574,4.93532458539,1,1.10689423833,0
131,0.5,stable,-0.00137226545259,0.00820551982564,0.000474654540739,7.59282958539,1,1.38146623833,0
131,0.5,fragile,-0.00137226545259,0.00820551982564,0.000474654540739,7.59282958539,1,1.38146623833,0
131,1,stable,-0.00137983810976,0.01502644427,0.000727501036333,10.2503345854,1,1.65603823833,0
131,1,fragile,-0.00137983810976,0.01502644427,0.000727501036333,10.2503345854,1,1.65603823833,0
131,2,stable,-0.00139498325182,0.028527885983,0.00129801512672,15.5653445854,1,2.20518223833,0
131,2,fragile,-0.0015272952507,0.076421878303,0.00240059849454,34.642246085,0.357835913109,2.86605399374,0.999715175291
131,4,stable,-0.00142568994372,0.0549780966275,0.00248587734205,26.5064080607,0.968370299207,3.33901806409,0.0757986769317
131,4,fragile,-0.00161950055128,0.172997108466,0.00730169536772,113.660658785,0.2,6.74226178549,0.999999999991
132,0,stable,-0.00137607457981,0.00357104795306,0.000336881425701,5.1372992876,1,1.12997706144,0
132,0,fragile,-0.00137607457981,0.00357104795306,0.000336881425701,5.1372992876,1,1.12997706144,0
132,0.5,stable,-0.00138364720809,0.00683795478928,0.00045404334828,6.93510274643,1,1.30629745673,0
132,0.5,fragile,-0.00138364720809,0.00683795478928,0.00045404334828,6.93510274643,1,1.30629745673,0
132,1,stable,-0.00139121977895,0.0136682844662,0.000693812834856,9.68827075997,1,1.59180237257,0
132,1,fragile,-0.00139121977895,0.0136682844662,0.000693812834856,9.68827075997,1,1.59180237257,0
132,2,stable,-0.0014063647484,0.0271883430399,0.00125677439776,15.23827076,1,2.16780237257,0
132,2,fragile,-0.00153635187816,0.0602265114072,0.00181437652223,26.8571868285,0.479320087803,2.55333771971,0.997964301629
132,4,stable,-0.001436888056,0.0536750253365,0.00244148482196,26.33827076,0.982237609879,3.31980237257,0.044053924357
132,4,fragile,-0.00163258552495,0.16651195146,0.00692366815802,112.882646317,0.2,6.66652024976,0.999999999927
133,0,stable,0.000398513259193,0.00301493649338,0.00035394962538,5.04438469125,1,1.11935825043,0
133,0,fragile,0.000398513259193,0.00301493649338,0.00035394962538,5.04438469125,1,1.11935825043,0
133,0.5,stable,0.000390927174099,0.00706751579646,0.00046511454075,7.40492963773,1,1.3599919586,0
133,0.5,fragile,0.000390927174099,0.00706751579646,0.00046511454075,7.40492963773,1,1.3599919586,0
133,1,stable,0.000383341146531,0.0138962667005,0.000699955252346,10.0624346377,1,1.6345639586,0
133,1,fragile,0.000383341146531,0.0138962667005,0.000699955252346,10.0624346377,1,1.6345639586,0
133,2,stable,0.000368169263969,0.027413200227,0.00125889350443,15.3774446377,1,2.1837079586,0
133,2,fragile,0.000238546385151,0.0706814773691,0.0021882035306,31.8450476172,0.39638172831,2.78054259387,0.999611958161
133,4,stable,0.000337432646756,0.053893760351,0.00244102896662,26.0074646377,0.972803309529,3.2819959586,0.0716228450312
133,4,fragile,0.000143164800214,0.170303184157,0.0071651840983,114.088198678,0.2,6.76876283817,0.999999999986
134,0,stable,0.000544837087582,0.000185528247393,0.00036133027411,4.86548544262,1,1.09891262201,0
134,0,fragile,0.000544837087582,0.000185528247393,0.00036133027411,4.86548544262,1,1.09891262201,0
134,0.5,stable,0.000537249892904,0.00546249086383,0.000440370554029,6.53547020983,1,1.26062516684,0
134,0.5,fragile,0.000537249892904,0.00546249086383,0.000440370554029,6.53547020983,1,1.26062516684,0
134,1,stable,0.000529662755762,0.0123022800969,0.000663209999383,9.27897020983,1,1.54502516684,0
134,1,fragile,0.000529662755762,0.0123022800969,0.000663209999383,9.27897020983,1,1.54502516684,0
134,2,stable,0.000514488654076,0.0258410630599,0.00121628694057,14.8054799983,1,2.11834057124,0
134,2,fragile,0.000385575382374,0.0687394030439,0.00217491233514,31.9902998009,0.401223851614,2.78256483218,0.999335355832
134,4,stable,0.000483754229765,0.0523644276645,0.00239638541544,25.9054799983,0.972869366206,3.27034057124,0.070481335009
134,4,fragile,0.000290187698955,0.169587685603,0.00718589393748,112.81380549,0.2,6.68603499659,0.999999999975
135,0,stable,0.00212392640277,0.000885428907668,0.000322951421942,4.85114923341,1,1.0972741981,0
135,0,fragile,0.00212392640277,0.000885428907668,0.000322951421942,4.85114923341,1,1.0972741981,0
135,0.5,stable,0.00211632723376,0.00639858803397,0.000428786478068,6.93081220103,1,1.30580710869,0
135,0.5,fragile,0.00211632723376,0.00639858803397,0.000428786478068,6.93081220103,1,1.30580710869,0
135,1,stable,0.00210872812237,0.0132096221572,0.000667811865102,9.59569521522,1,1.58122231031,0
135,1,fragile,0.00210872812237,0.0132096221572,0.000667811865102,9.59569521522,1,1.58122231031,0
135,2,stable,0.00209353007247,0.0267359678057,0.00123201714097,15.0826952152,1,2.15002231031,0
135,2,fragile,0.00196485568745,0.0674930272128,0.002103549523,30.535021563,0.416674236089,2.74892218457,0.9992226793
135,4,stable,0.00206285852071,0.0532349668946,0.00241833652305,26.0566952152,0.97590928464,3.28762231031,0.0513415704453
135,4,fragile,0.00186821483659,0.168742228751,0.00710869305364,113.905338087,0.2,6.76449823775,0.999999999967
136,0,stable,2.69148127268e-05,0.000452263638198,0.000324992415489,5.06572973037,1,1.12179768347,0
136,0,fragile,2.69148127268e-05,0.000452263638198,0.000324992415489,5.06572973037,1,1.12179768347,0
136,0.5,stable,1.93315454875e-05,0.00624683404615,0.000426109651672,7.13674281259,1,1.32934203572,0
136,0.5,fragile,1.93315454875e-05,0.00624683404615,0.000426109651672,7.13674281259,1,1.32934203572,0
136,1,stable,1.17483357511e-05,0.0130812290713,0.00066338029887,9.79424781259,1,1.60391403572,0
136,1,fragile,1.17483357511e-05,0.0130812290713,0.00066338029887,9.79424781259,1,1.60391403572,0
136,2,stable,-3.41791120861e-06,0.0266093346572,0.00122668058351,15.2022088889,1,2.16368101588,0
136,2,fragile,-0.000133154388063,0.0706474426191,0.0022115265208,32.3040921407,0.389852631133,2.81671190202,0.999585943717
136,4,stable,-3.41455848581e-05,0.0531117815789,0.00241220221683,26.3022088889,0.97206729375,3.31568101588,0.0720342288826
136,4,fragile,-0.00022773786264,0.170662458298,0.00721246230325,113.414180489,0.2,6.74141027407,0.999999999985
137,0,stable,0.000436156784481,0.00297331955592,0.000361798364159,4.95477042985,1,1.10911662055,0
137,0,fragile,0.000436156784481,0.00297331955592,0.000361798364159,4.95477042985,1,1.10911662055,0
137,0.5,stable,0.000428570413933,0.0070349774838,0.00047263118747,7.41331580637,1,1.36095037787,0
137,0.5,fragile,0.000428570413933,0.0070349774838,0.00047263118747,7.41331580637,1,1.36095037787,0
137,1,stable,0.000420984100913,0.0138639521654,0.000705986574226,10.1883158064,1,1.64895037787,0
137,1,fragile,0.000420984100913,0.0138639521654,0.000705986574226,10.1883158064,1,1.64895037787,0
137,2,stable,0.000405811647455,0.0273813286407,0.00126339008699,15.7383158064,1,2.22495037787,0
137,2,fragile,0.000276122089617,0.0699746894042,0.00218527236426,32.106945616,0.402645216625,2.75105374797,0.999501775692
137,4,stable,0.000375188183712,0.0538627565303,0.00244484386238,26.8383158064,0.974119452675,3.37695037787,0.0519899810953
137,4,fragile,0.000181080305957,0.169841648705,0.00714352753814,113.546131115,0.2,6.74193373522,0.999999999982
138,0,stable,0.00131437747877,6.09446170047e-05,0.000334373773727,4.94884744012,1,1.10843970744,0
138,0,fragile,0.00131437747877,6.09446170047e-05,0.000334373773727,4.94884744012,1,1.10843970744,0
138,0.5,stable,0.00130678444862,0.00668678046789,0.000451815419635,6.83899379791,1,1.2953135769,0
138,0.5,fragile,0.00130678444862,0.00668678046789,0.000451815419635,6.83899379791,1,1.2953135769,0
138,1,stable,0.00129919147605,0.0135181498246,0.000692114980941,9.61399379791,1,1.5833135769,0
138,1,fragile,0.00129919147605,0.0135181498246,0.000692114980941,9.61399379791,1,1.5833135769,0
138,2,stable,0.00128400570364,0.0270402663562,0.00125557116698,15.1639937979,1,2.1593135769,0
138,2,fragile,0.00115522854224,0.0689046940298,0.00217735956458,31.6369103681,0.402669104877,2.84268581659,0.999437406259
138,4,stable,0.0012532321548,0.0535309803274,0.0024401103165,26.2639937979,0.970350513491,3.3113135769,0.0731802970509
138,4,fragile,0.0010591524503,0.17016088115,0.00718945624855,112.927171554,0.2,6.65380539313,0.99999999998
139,0,stable,0.000959391163739,0.00126771310997,0.00033750556057,4.85994931083,1,1.09827992124,0
139,0,fragile,0.000959391163739,0.00126771310997,0.00033750556057,4.85994931083,1,1.09827992124,0
139,0.5,stable,0.000951800825473,0.007483600607,0.000477197679983,7.33198000886,1,1.35165485816,0
139,0.5,fragile,0.000951800825473,0.007483600607,0.000477197679983,7.33198000886,1,1.35165485816,0
139,1,stable,0.000944210544763,0.0143094899473,0.00072393360794,10.1069800089,1,1.63965485816,0
139,1,fragile,0.000944210544763,0.0143094899473,0.00072393360794,10.1069800089,1,1.63965485816,0
139,2,stable,0.000929030156018,0.0278207592511,0.00129014271157,15.6569800089,1,2.21565485816,0
139,2,fragile,0.000800029817104,0.0702856954494,0.0022112779731,31.9185405737,0.405498117947,2.76435984863,0.999226052611
139,4,stable,0.000898389492547,0.054290222791,0.00247598665729,26.7569800089,0.97371445316,3.36765485816,0.0522010565832
139,4,fragile,0.000704405865064,0.170512714633,0.00716908338507,112.814129488,0.2,6.67396207496,0.999999999967
140,0,stable,-0.00165256150497,0.00465018091669,0.000301625697022,4.95412373221,1,1.10904271225,0
140,0,fragile,-0.00165256150497,0.00465018091669,0.000301625697022,4.95412373221,1,1.10904271225,0
140,0.5,stable,-0.00166013203664,0.0067062585218,0.000410212403343,7.26925281177,1,1.34448603563,0
140,0.5,fragile,-0.00166013203664,0.0067062585218,0.000410212403343,7.26925281177,1,1.34448603563,0
140,1,stable,-0.0016677025109,0.0135374939209,0.000654312609666,10.0442528118,1,1.63248603563,0
140,1,fragile,-0.0016677025109,0.0135374939209,0.000654312609666,10.0442528118,1,1.63248603563,0
140,2,stable,-0.00168284328719,0.027059345295,0.00122290245051,15.5942528118,1,2.20848603563,0
140,2,fragile,-0.00181539251603,0.067754273974,0.00201648182194,30.0023986359,0.422151168565,2.57806951444,0.999307252515
140,4,stable,-0.00171337386007,0.0535495398051,0.00241180647262,26.6942528118,0.979950695161,3.36048603563,0.0468514056146
140,4,fragile,-0.00190789579201,0.168511569653,0.00705274455005,113.832208363,0.2,6.77464991237,0.999999999979
141,0,stable,-0.00163615177797,0.00163615177797,0.000338618125405,4.91276369922,1,1.10431585134,0
141,0,fragile,-0.00163615177797,0.00163615177797,0.000338618125405,4.91276369922,1,1.10431585134,0
141,0.5,stable,-0.00164372243407,0.00679958941639,0.000452897689996,7.19747827084,1,1.33628323095,0
141,0.5,fragile,-0.00164372243407,0.00679958941639,0.000452897689996,7.19747827084,1,1.33628323095,0
141,1,stable,-0.00165129303276,0.0136301829457,0.00069146584942,9.77181067084,1,1.60134979095,0
141,1,fragile,-0.00165129303276,0.0136301829457,0.00069146584942,9.77181067084,1,1.60134979095,0
141,2,stable,-0.00166643405792,0.0271507637928,0.00125371698928,14.9204754708,1,2.13148291095,0
141,2,fragile,-0.00179882556254,0.0692334662465,0.00213793823838,31.3001188977,0.404448751739,2.68608529292,0.99914934561
141,4,stable,-0.00169700041865,0.0536384692572,0.00243818971679,25.8077904614,0.973239666043,3.25917605273,0.0530990155301
141,4,fragile,-0.00189117561226,0.169482582181,0.00715849023137,114.132496796,0.2,6.7767424881,0.999999999972
142,0,stable,-0.00191777797483,0.00193614244774,0.000338087103272,4.8508688981,1,1.09724215978,0
142,0,fragile,-0.00191777797483,0.00193614244774,0.000338087103272,4.8508688981,1,1.09724215978,0
142,0.5,stable,-0.00192534649534,0.0066729486543,0.000445644664356,6.72530952142,1,1.28232108816,0
142,0.5,fragile,-0.00192534649534,0.0066729486543,0.000445644664356,6.72530952142,1,1.28232108816,0
142,1,stable,-0.00193291495846,0.0135044131373,0.00068223900863,9.46880952142,1,1.56672108816,0
142,1,fragile,-0.00193291495846,0.0135044131373,0.00068223900863,9.46880952142,1,1.56672108816,0
142,2,stable,-0.00194805171252,0.0270267179634,0.00124371046576,14.9665776632,1,2.13675173294,0
142,2,fragile,-0.00207719761164,0.0696657347593,0.00217481302793,31.609796438,0.400619707501,2.79558583803,0.999529016092
142,4,stable,-0.00197871383806,0.0535178008158,0.00242765065113,26.0665776632,0.972402982998,3.28875173294,0.0710730675375
142,4,fragile,-0.00217220529326,0.170109928755,0.00716770107531,113.46221009,0.2,6.72034957674,0.999999999984
143,0,stable,-0.000432018153198,0.00262341966191,0.000333807374287,4.94500053366,1,1.10800006099,0
143,0,fragile,-0.000432018153198,0.00262341966191,0.000333807374287,4.94500053366,1,1.10800006099,0
143,0.5,stable,-0.000439597940321,0.0082667871473,0.000476782053969,7.21070427308,1,1.33779477407,0
143,0.5,fragile,-0.000439597940321,0.0082667871473,0.000476782053969,7.21070427308,1,1.33779477407,0
143,1,stable,-0.000447177669965,0.0147559425002,0.000725099656188,9.86820927308,1,1.61236677407,0
143,1,fragile,-0.000447177669965,0.0147559425002,0.000725099656188,9.86820927308,1,1.61236677407,0
143,2,stable,-0.000462336956822,0.0281253574755,0.00129241252776,15.2149030498,1,2.16513177712,0
143,2,fragile,-0.000591427802879,0.0704781436496,0.00220449582598,31.3701552873,0.403669566415,2.79687873532,0.99932332739
143,4,stable,-0.00049305395696,0.0545865277385,0.00247880788023,26.1889030498,0.973355809715,3.30273177712,0.0726076961829
143,4,fragile,-0.000687267488268,0.170747663797,0.00719595306141,114.469429861,0.2,6.78800764501,0.999999999971
144,0,stable,0.000984484068995,0.000333020495172,0.000311639291136,4.9636737258,1,1.11013414009,0
144,0,fragile,0.000984484068995,0.000333020495172,0.000311639291136,4.9636737258,1,1.11013414009,0
144,0.5,stable,0.000976893540446,0.00626758926699,0.00042227163722,7.04472837193,1,1.31882609965,0
144,0.5,fragile,0.000976893540446,0.00626758926699,0.00042227163722,7.04472837193,1,1.31882609965,0
144,1,stable,0.000969303069458,0.0131018415511,0.00066487761579,9.78822837193,1,1.60322609965,0
144,1,fragile,0.000969303069458,0.0131018415511,0.00066487761579,9.78822837193,1,1.60322609965,0
144,2,stable,0.000954122300155,0.0266296645932,0.00123175643794,15.2752283719,1,2.17202609965,0
144,2,fragile,0.000824350662331,0.0712925314417,0.0022351175571,32.5709088131,0.385298390097,2.81170534937,0.999552591929
144,4,stable,0.000923360891373,0.053131557993,0.00241886203014,26.2492283719,0.970843664545,3.30962609965,0.072809132183
144,4,fragile,0.000729594593034,0.17090210076,0.00723323580299,112.375643626,0.2,6.65402723107,0.999999999985
145,0,stable,0.000736400966121,0.000318136273728,0.000337990054899,4.87409167682,1,1.09989619164,0
145,0,fragile,0.000736400966121,0.000318136273728,0.000337990054899,4.87409167682,1,1.09989619164,0
145,0.5,stable,0.000728812318802,0.00694617522867,0.000460195091403,6.84614518446,1,1.29613087822,0
145,0.5,fragile,0.000728812318802,0.00694617522867,0.000460195091403,6.84614518446,1,1.29613087822,0
145,1,stable,0.000721223729029,0.013775760635,0.000701338996243,9.58964518446,1,1.58053087822,0
145,1,fragile,0.000721223729029,0.013775760635,0.000701338996243,9.58964518446,1,1.58053087822,0
145,2,stable,0.000706046722116,0.0272943459883,0.00126480590619,15.0766451845,1,2.14933087822,0
145,2,fragile,0.000576124598802,0.0714729548812,0.0022697928914,33.2022860213,0.383303680815,2.85972734262,0.999622439175
145,4,stable,0.000675263029723,0.0537781421492,0.00244919189875,26.0506451845,0.968104903896,3.28693087822,0.0778751749473
145,4,fragile,0.000481171366201,0.172016036072,0.00730840144821,113.377732887,0.2,6.71618249418,0.999999999989
146,0,stable,-0.000252181363534,0.00257278421472,0.000355441736361,5.03770666585,1,1.11859504753,0
146,0,fragile,-0.000252181363534,0.00257278421472,0.000355441736361,5.03770666585,1,1.11859504753,0
146,0.5,stable,-0.000259762514373,0.00803581497106,0.000495328650047,7.25217092627,1,1.34253382014,0
146,0.5,fragile,-0.000259762514373,0.00803581497106,0.000495328650047,7.25217092627,1,1.34253382014,0
146,1,stable,-0.00026734360772,0.0148579065362,0.00073953819085,10.0271709263,1,1.63053382014,0
146,1,fragile,-0.00026734360772,0.0148579065362,0.00073953819085,10.0271709263,1,1.63053382014,0
146,2,stable,-0.000282505621952,0.028361658466,0.00130296320966,15.5771709263,1,2.20653382014,0
146,2,fragile,-0.000415342644847,0.076701998762,0.00243432569823,34.9337443159,0.351127864997,2.89767822771,0.99977968695
146,4,stable,-0.000313281122597,0.0548163949767,0.00248661771865,26.6771709263,0.966530535602,3.35853382014,0.0816022443087
146,4,fragile,-0.000507343935612,0.174066722864,0.00739850063193,113.848327513,0.2,6.75405431491,0.999999999995
147,0,stable,-0.000764775109342,0.00396424863934,0.000322800759599,4.99377535221,1,1.11357432597,0
147,0,fragile,-0.000764775109342,0.00396424863934,0.000322800759599,4.99377535221,1,1.11357432597,0
147,0.5,stable,-0.000772352373148,0.00671853134338,0.000436540015298,7.20751636672,1,1.33743044191,0
147,0.5,fragile,-0.000772352373148,0.00671853134338,0.000436540015298,7.20751636672,1,1.33743044191,0
147,1,stable,-0.000779929579494,0.013549682338,0.0006778559287,9.98251636672,1,1.62543044191,0
147,1,fragile,-0.000779929579494,0.013549682338,0.0006778559287,9.98251636672,1,1.62543044191,0
147,2,stable,-0.000795083819813,0.0270713666403,0.00124297846803,15.5325163667,1,2.20143044191,0
147,2,fragile,-0.000926475551281,0.0653688783207,0.00198547342935,29.27259082,0.43806693472,2.62317005254,0.998740490958
147,4,stable,-0.000825645885109,0.053561233846,0.002429283268,26.6325163667,0.978503350021,3.35343044191,0.04763518109
147,4,fragile,-0.0010205346036,0.167769982903,0.00703456872021,113.485480566,0.2,6.72838892982,0.999999999958
148,0,stable,-0.000286885027691,0.00179057058688,0.000330300500005,4.94353800701,1,1.10783291509,0
148,0,fragile,-0.000286885027691,0.00179057058688,0.000330300500005,4.94353800701,1,1.10783291509,0
148,0.5,stable,-0.000294465915367,0.00702132592038,0.000450681842982,7.16201442391,1,1.33223021988,0
148,0.5,fragile,-0.000294465915367,0.00702132592038,0.000450681842982,7.16201442391,1,1.33223021988,0
148,1,stable,-0.000302046745558,0.0138503944886,0.000692592555144,9.81951942391,1,1.60680221988,0
148,1,fragile,-0.000302046745558,0.0138503944886,0.000692592555144,9.81951942391,1,1.60680221988,0
148,2,stable,-0.000317208233478,0.0273679568046,0.00125717499053,15.1345294239,1,2.15594621988,0
148,2,fragile,-0.000448361814375,0.0741911927642,0.00233038070008,33.9426851126,0.36313276664,2.88962385748,0.999767446919
148,4,stable,-0.000347969588315,0.0538497487684,0.00244241608648,26.1298493635,0.967038575247,3.2959827844,0.0794323547018
148,4,fragile,-0.000542002244328,0.173099662498,0.00735091869656,112.978949982,0.2,6.76286828551,0.999999999995
149,0,stable,0.00158171245536,0.00134888510454,0.00035872932905,5.05573715714,1,1.1206556751,0
149,0,fragile,0.00158171245536,0.00134888510454,0.00035872932905,5.05573715714,1,1.1206556751,0
149,0.5,stable,0.00157411739799,0.00658404984412,0.000463549866796,6.90132258393,1,1.30243686674,0
149,0.5,fragile,0.00157411739799,0.00658404984412,0.000463549866796,6.90132258393,1,1.30243686674,0
149,1,stable,0.00156652239822,0.0134161257159,0.000695431410745,9.64482258393,1,1.58683686674,0
149,1,fragile,0.00156652239822,0.0134161257159,0.000695431410745,9.64482258393,1,1.58683686674,0
149,2,stable,0.00155133257145,0.0269396407344,0.00125251005777,15.1318225839,1,2.15563686674,0
149,2,fragile,0.0014220267362,0.0690050607385,0.00216813423583,31.5406539647,0.405016754969,2.78742103491,0.999365714365
149,4,stable,0.001520670745,0.0534330944331,0.00243395317852,26.1058225839,0.973705774898,3.29323686674,0.052565340974
149,4,fragile,0.00132647260934,0.169153116663,0.00712700479504,113.000799171,0.2,6.67979420623,0.999999999975
150,0,stable,0.00044445199265,0.00126138475886,0.000344363073728,4.88715926195,1,1.10138962994,0
150,0,fragile,0.00044445199265,0.00126138475886,0.000344363073728,4.88715926195,1,1.10138962994,0
150,0.5,stable,0.000436865559199,0.00651816049403,0.000454749654332,7.30952357947,1,1.34908840908,0
150,0.5,fragile,0.000436865559199,0.00651816049403,0.000454749654332,7.30952357947,1,1.34908840908,0
150,1,stable,0.000429279183276,0.0133506895104,0.000691059469396,10.0530235795,1,1.63348840908,0
150,1,fragile,0.000429279183276,0.0133506895104,0.000691059469396,10.0530235795,1,1.63348840908,0
150,2,stable,0.000414106604016,0.0268751014901,0.00125170241518,15.5400235795,1,2.20228840908,0
150,2,fragile,0.000285693457472,0.0686750383311,0.00215321717856,31.143304412,0.407948213111,2.75252327298,0.999309517201
150,4,stable,0.000383486096941,0.0533703123948,0.00243509108222,26.5140235795,0.973560061373,3.33988840908,0.051443592371
150,4,fragile,0.000189792301748,0.169541862444,0.00713497894959,112.173288323,0.2,6.63188799483,0.999999999974
151,0,stable,0.000864951765775,0.00034718239937,0.000316531089065,4.87808759318,1,1.10035286779,0
151,0,fragile,0.000864951765775,0.00034718239937,0.000316531089065,4.87808759318,1,1.10035286779,0
151,0.5,stable,0.000857362143647,0.00655545349106,0.000431180192345,7.00884914284,1,1.31472561633,0
151,0.5,fragile,0.000857362143647,0.00655545349106,0.000431180192345,7.00884914284,1,1.31472561633,0
151,1,stable,0.000849772579072,0.0133877260302,0.000673940210075,9.63549530111,1,1.58577089156,0
151,1,fragile,0.000849772579072,0.0133877260302,0.000673940210075,9.63549530111,1,1.58577089156,0
151,2,stable,0.000834593622578,0.0269116303349,0.00124032953903,14.9505053011,1,2.13491489156,0
151,2,fragile,0.000705170415368,0.0701317902499,0.00220316870067,31.9836020369,0.390319334393,2.85060131654,0.9994687386
151,4,stable,0.00080393075538,0.0534058466711,0.00242700330539,25.7425701948,0.969401133811,3.25172230797,0.0565831212539
151,4,fragile,0.000609517106492,0.169576585154,0.00717192763142,113.187584294,0.2,6.66918270822,0.999999999982
152,0,stable,-0.00141738820299,0.00167867784557,0.000329273361221,4.95077560526,1,1.10866006917,0
152,0,fragile,-0.00141738820299,0.00167867784557,0.000329273361221,4.95077560526,1,1.10866006917,0
152,0.5,stable,-0.00142496051799,0.00716398934458,0.000456742070507,6.86371678217,1,1.29813906082,0
152,0.5,fragile,-0.00142496051799,0.00716398934458,0.000456742070507,6.86371678217,1,1.29813906082,0
152,1,stable,-0.00143253277557,0.0139920767656,0.000700970978066,9.63871678217,1,1.58613906082,0
152,1,fragile,-0.00143253277557,0.0139920767656,0.000700970978066,9.63871678217,1,1.58613906082,0
152,2,stable,-0.00144767711846,0.0275076969837,0.00126669576458,15.1887167822,1,2.16213906082,0
152,2,fragile,-0.00157686729186,0.0705464097898,0.00219744851874,31.7374530389,0.401228451256,2.78344019131,0.999410261042
152,4,stable,-0.00147835347834,0.0539856842504,0.00245255946786,26.2887167822,0.973164177002,3.31413906082,0.0708472985129
152,4,fragile,-0.00167210923725,0.170119275116,0.0071719910447,114.069028832,0.2,6.78332268235,0.999999999976
153,0,stable,0.00246515061172,0.000866761005573,0.000355721045815,5.02917779866,1,1.11762031985,0
153,0,fragile,0.00246515061172,0.000866761005573,0.000355721045815,5.02917779866,1,1.11762031985,0
153,0.5,stable,0.00245754885519,0.00575126921719,0.0004291691535,7.04405495811,1,1.31874913807,0
153,0.5,fragile,0.00245754885519,0.00575126921719,0.0004291691535,7.04405495811,1,1.31874913807,0
153,1,stable,0.0024499471563,0.0125890724185,0.000651451826887,9.53988803511,1,1.57484434687,0
153,1,fragile,0.0024499471563,0.0125890724185,0.000651451826887,9.53988803511,1,1.57484434687,0
153,2,stable,0.00243474393145,0.0261239242,0.00120518047831,14.7396728696,1,2.11081975653,0
153,2,fragile,0.00230125064245,0.0674583871063,0.00206579304154,30.874872617,0.416485844655,2.66907573588,0.99921851214
153,4,stable,0.00240407486489,0.052639587362,0.00238643466626,25.8396728696,0.977154673765,3.26281975653,0.0490847974682
153,4,fragile,0.0022091315339,0.167764230107,0.00708095938278,114.086369343,0.2,6.80175392061,0.999999999972
154,0,stable,0.000746159284731,0.00103829371573,0.000335969093554,5.02316544499,1,1.11693319371,0
154,0,fragile,0.000746159284731,0.00103829371573,0.000335969093554,5.02316544499,1,1.11693319371,0
154,0.5,stable,0.000738570563413,0.00576069389717,0.000420825411427,6.73139681585,1,1.28301677895,0
154,0.5,fragile,0.000738570563413,0.00576069389717,0.000420825411427,6.73139681585,1,1.28301677895,0
154,1,stable,0.000730981899642,0.0125984322816,0.000651051029136,9.49708275642,1,1.56995231502,0
154,1,fragile,0.000730981899642,0.0125984322816,0.000651051029136,9.49708275642,1,1.56995231502,0
154,2,stable,0.000715804744737,0.0261331557636,0.00121040412073,15.0470827564,1,2.14595231502,0
154,2,fragile,0.000587266414604,0.0672245216623,0.00208619436476,30.922002792,0.415394846021,2.73000882415,0.999352026768
154,4,stable,0.000685178638149,0.0526485675783,0.00239431580774,26.1470827564,0.975194053723,3.29795231502,0.050788201349
154,4,fragile,0.00049121336778,0.168130948244,0.0070758374587,112.847956161,0.2,6.68071098941,0.999999999972
155,0,stable,-0.00248877235307,0.00405592330639,0.000347476605291,5.03058061728,1,1.11778064197,0
155,0,fragile,-0.00248877235307,0.00405592330639,0.000347476605291,5.03058061728,1,1.11778064197,0
155,0.5,stable,-0.0024963365437,0.00675776744838,0.000456736647081,7.05388302283,1,1.31987234547,0
155,0.5,fragile,-0.0024963365437,0.00675776744838,0.000456736647081,7.05388302283,1,1.31987234547,0
155,1,stable,-0.00250390067697,0.0135886486023,0.000692120913502,9.82888302283,1,1.60787234547,0
155,1,fragile,-0.00250390067697,0.0135886486023,0.000692120913502,9.82888302283,1,1.60787234547,0
155,2,stable,-0.00251902877142,0.0271097987778,0.00125201485966,15.3788830228,1,2.18387234547,0
155,2,fragile,-0.00265012251242,0.0647421483796,0.00196897667746,29.019971221,0.442661530771,2.62502968749,0.998782795276
155,4,stable,-0.00254953548621,0.0535986195942,0.00243499880533,26.4788830228,0.978313346831,3.33587234547,0.0471794212142
155,4,fragile,-0.002743946082,0.167037899839,0.00699499446808,113.026011369,0.2,6.69010412196,0.999999999953
156,0,stable,-0.00143353519172,0.0024136222327,0.000301447731667,4.79831114217,1,1.09123555911,0
156,0,fragile,-0.00143353519172,0.0024136222327,0.000301447731667,4.79831114217,1,1.09123555911,0
156,0.5,stable,-0.00144110738428,0.00567644368064,0.000385710903779,6.8055337829,1,1.29148957519,0
156,0.5,fragile,-0.00144110738428,0.00567644368064,0.000385710903779,6.8055337829,1,1.29148957519,0
156,1,stable,-0.00144867951941,0.0125147614838,0.000623882751982,9.5490337829,1,1.57588957519,0
156,1,fragile,-0.00144867951941,0.0125147614838,0.000623882751982,9.5490337829,1,1.57588957519,0
156,2,stable,-0.00146382361742,0.0260506318763,0.00119071706284,15.0360337829,1,2.14468957519,0
156,2,fragile,-0.00159282013015,0.0679378396299,0.00208180405115,30.3479905902,0.414921202055,2.67943639096,0.999277127246
156,4,stable,-0.00149436612629,0.0525682905637,0.00237943002693,26.0803761407,0.979080891887,3.29032870179,0.0477816727924
156,4,fragile,-0.00168827311804,0.167590195275,0.0070384438319,113.410976523,0.2,6.74045856148,0.999999999965
157,0,stable,0.00082999561989,0.00245175677978,0.00029559984144,4.94243568506,1,1.10770693544,0
157,0,fragile,0.00082999561989,0.00245175677978,0.00029559984144,4.94243568506,1,1.10770693544,0
157,0.5,stable,0.000822406262837,0.00710862383853,0.000423814822264,6.94099627648,1,1.30697100303,0
157,0.5,fragile,0.000822406262837,0.00710862383853,0.000423814822264,6.94099627648,1,1.30697100303,0
157,1,stable,0.000814816963334,0.0139370920279,0.000674101892477,9.68449627648,1,1.59137100303,0
157,1,fragile,0.000814816963334,0.0139370920279,0.000674101892477,9.68449627648,1,1.59137100303,0
157,2,stable,0.000799638536981,0.0274534659447,0.00124565883726,15.1714962765,1,2.16017100303,0
157,2,fragile,0.000669260079519,0.0720091320498,0.00222947823062,32.4040792631,0.384509065386,2.79250630784,0.999639390928
157,4,stable,0.000768893330799,0.0539329297565,0.0024350326238,26.1454962765,0.971608094346,3.29777100303,0.0708585794374
157,4,fragile,0.000574804745786,0.170689201249,0.00717903208983,113.358415468,0.2,6.72245623043,0.999999999988
158,0,stable,0.00127852835883,0.000831809992856,0.000329584558106,4.82168981199,1,1.09390740708,0
158,0,fragile,0.00127852835883,0.000831809992856,0.000329584558106,4.82168981199,1,1.09390740708,0
158,0.5,stable,0.00127093560053,0.00577004843552,0.000419398268507,6.63862848979,1,1.27241468455,0
158,0.5,fragile,0.00127093560053,0.00577004843552,0.000419398268507,6.63862848979,1,1.27241468455,0
158,1,stable,0.0012633428998,0.0126077224854,0.000652471037571,9.41362848979,1,1.56041468455,0
158,1,fragile,0.0012633428998,0.0126077224854,0.000652471037571,9.41362848979,1,1.56041468455,0
158,2,stable,0.00124815767107,0.0261423186228,0.00121368423036,14.9636284898,1,2.13641468455,0
158,2,fragile,0.00111841026603,0.0702240691627,0.00220758734302,32.2748991587,0.39030467622,2.79975892618,0.999518735229
158,4,stable,0.00121738532991,0.0526574809609,0.00239825937483,26.0636284898,0.971861236635,3.28841468455,0.0731006083168
158,4,fragile,0.0010236517508,0.170083459399,0.00720255296377,112.961893913,0.2,6.68479797977,0.999999999983
159,0,stable,-0.00127548129784,0.00276737971219,0.000330487587699,4.99390986949,1,1.11358969937,0
159,0,fragile,-0.00127548129784,0.00276737971219,0.000330487587699,4.99390986949,1,1.11358969937,0
159,0.5,stable,-0.00128305468893,0.00689286662336,0.000441146093737,6.9898885835,1,1.31255869526,0
159,0.5,fragile,-0.00128305468893,0.00689286662336,0.000441146093737,6.9898885835,1,1.31255869526,0
159,1,stable,-0.00129062802259,0.013722818652,0.000680111995905,9.71685466231,1,1.59506910426,0
159,1,fragile,-0.00129062802259,0.013722818652,0.000680111995905,9.71685466231,1,1.59506910426,0
159,2,stable,-0.00130577451761,0.027242129703,0.00124342313416,15.2668546623,1,2.17106910426,0
159,2,fragile,-0.00143875805825,0.069690322441,0.00210405565718,31.062220018,0.405758686192,2.65493645607,0.999416134888
159,4,stable,-0.00133633754457,0.0537273475535,0.00242875392416,26.3668546623,0.975438422222,3.32306910426,0.0505739918599
159,4,fragile,-0.00153042831471,0.169087529917,0.00710943152214,113.824256788,0.2,6.76825683907,0.99999999998
160,0,stable,-0.00259992904539,0.0037221108614,0.000317228790152,4.81765101989,1,1.09344583084,0
160,0,fragile,-0.00259992904539,0.0037221108614,0.000317228790152,4.81765101989,1,1.09344583084,0
160,0.5,stable,-0.00260749239311,0.00866997430305,0.000487559282695,7.187521296,1,1.33514529097,0
160,0.5,fragile,-0.00260749239311,0.00866997430305,0.000487559282695,7.187521296,1,1.33514529097,0
160,1,stable,-0.00261505568347,0.0154877045283,0.000746557850097,9.931021296,1,1.61954529097,0
160,1,fragile,-0.00261505568347,0.0154877045283,0.000746557850097,9.931021296,1,1.61954529097,0
160,2,stable,-0.00263018209214,0.0289828235553,0.00132071254405,15.418021296,1,2.18834529097,0
160,2,fragile,-0.00276069769332,0.067536078016,0.002059087959,29.9118896902,0.428732324343,2.74080484104,0.999125339075
160,4,stable,-0.00266072678934,0.0554206476429,0.00251059214542,26.4752934856,0.972161837035,3.33546211265,0.0544703642249
160,4,fragile,-0.00285500268718,0.170076053193,0.00714250670509,114.306190589,0.2,6.77038023784,0.999999999972
161,0,stable,0.00206446606005,0.00129256578317,0.000317680570801,4.95884853982,1,1.10958269027,0
161,0,fragile,0.00206446606005,0.00129256578317,0.000317680570801,4.95884853982,1,1.10958269027,0
161,0.5,stable,0.00205686734193,0.00723052076432,0.00044466620899,6.91984474241,1,1.30455368485,0
161,0.5,fragile,0.00205686734193,0.00723052076432,0.00044466620899,6.91984474241,1,1.30455368485,0
161,1,stable,0.00204926868143,0.01402519106,0.000690716838023,9.69484474241,1,1.59255368485,0
161,1,fragile,0.00204926868143,0.01402519106,0.000690716838023,9.69484474241,1,1.59255368485,0
161,2,stable,0.0020340715333,0.0275403573668,0.00125836284029,15.2448447424,1,2.16855368485,0
161,2,fragile,0.00190084965047,0.0761245027066,0.00241119862533,35.6048503669,0.348344007077,2.91258937396,0.99982235384
161,4,stable,0.00200321605689,0.0540174553913,0.00244558357319,26.3448447424,0.965708179448,3.32055368485,0.0830468519989
161,4,fragile,0.00180859548524,0.174261423681,0.00743055947605,113.807498481,0.2,6.79696225855,0.999999999996
162,0,stable,-0.00325990593449,0.00404810821514,0.000320281245777,5.02499131001,1,1.117141864,0
162,0,fragile,-0.00325990593449,0.00404810821514,0.000320281245777,5.02499131001,1,1.117141864,0
162,0.5,stable,-0.00326746427756,0.00719738208759,0.000439204670631,7.43022195179,1,1.36288250878,0
162,0.5,fragile,-0.00326746427756,0.00719738208759,0.000439204670631,7.43022195179,1,1.36288250878,0
162,1,stable,-0.00327502256332,0.0140252398548,0.000682477860132,10.2052219518,1,1.65088250878,0
162,1,fragile,-0.00327502256332,0.0140252398548,0.000682477860132,10.2052219518,1,1.65088250878,0
162,2,stable,-0.00329013896288,0.0275404054927,0.00124867548425,15.7552219518,1,2.22688250878,0
162,2,fragile,-0.00342223537547,0.0673869031409,0.00201152394153,30.1611110199,0.427048812257,2.6525985099,0.999209015824
162,4,stable,-0.00332062419213,0.0540175022068,0.00243538982566,26.8552219518,0.978125372214,3.37888250878,0.0475501671974
162,4,fragile,-0.00351574366718,0.168077217181,0.00703939681133,114.157092191,0.2,6.78908886638,0.999999999973
163,0,stable,0.000599023336093,0.00248890792937,0.00032704525486,4.86362536214,1,1.09870004139,0
163,0,fragile,0.000599023336093,0.00248890792937,0.00032704525486,4.86362536214,1,1.09870004139,0
163,0.5,stable,0.000591435730519,0.00724658889459,0.000451791822604,7.40175797419,1,1.35962948276,0
163,0.5,fragile,0.000591435730519,0.00724658889459,0.000451791822604,7.40175797419,1,1.35962948276,0
163,1,stable,0.000583848182482,0.014074108249,0.000695577259387,10.1767579742,1,1.64762948276,0
163,1,fragile,0.000583848182482,0.014074108249,0.000695577259387,10.1767579742,1,1.64762948276,0
163,2,stable,0.000568673259016,0.0275886040275,0.00126131492144,15.7267579742,1,2.22362948276,0
163,2,fragile,0.000436216692215,0.0683792467878,0.00207279792112,30.1506494076,0.418990391825,2.66129337406,0.99922821076
163,4,stable,0.00053805588579,0.0540643884432,0.00244774547946,26.8267579742,0.976517611588,3.37562948276,0.0500325356806
163,4,fragile,0.000343252139139,0.169119367886,0.00711323961618,114.240673336,0.2,6.80160626792,0.999999999973
164,0,stable,0.000124414071758,0.000697912433513,0.000326201715063,5.03963926375,1,1.11881591586,0
164,0,fragile,0.000124414071758,0.000697912433513,0.000326201715063,5.03963926375,1,1.11881591586,0
164,0.5,stable,0.000116830065174,0.00642360881642,0.000431926882759,6.89440614182,1,1.30164641621,0
164,0.5,fragile,0.000116830065174,0.00642360881642,0.000431926882759,6.89440614182,1,1.30164641621,0
164,1,stable,0.000109246116102,0.0132567880984,0.000670275111985,9.55191114182,1,1.57621841621,0
164,1,fragile,0.000109246116102,0.0132567880984,0.000670275111985,9.55191114182,1,1.57621841621,0
164,2,stable,9.40783904835e-05,0.0267824872238,0.00123383482477,14.9381199145,1,2.1334994188,0
164,2,fragile,-3.51450773319e-05,0.0693387982092,0.00216580214558,31.7713809123,0.402674376838,2.78404604136,0.999426008331
164,4,stable,6.34584571673e-05,0.0532802197314,0.00241958298747,26.0381199145,0.973809149009,3.2854994188,0.0530320281377
164,4,fragile,-0.000130492355042,0.168996310243,0.00711919774745,113.477252248,0.2,6.72387568608,0.999999999978
165,0,stable,0.00187054696146,4.64433056513e-05,0.00033111753441,4.83214672251,1,1.09510248257,0
165,0,fragile,0.00187054696146,4.64433056513e-05,0.00033111753441,4.83214672251,1,1.09510248257,0
165,0.5,stable,0.00186294971384,0.00670562854033,0.000449905823809,6.84690240228,1,1.2962174174,0
165,0.5,fragile,0.00186294971384,0.00670562854033,0.000449905823809,6.84690240228,1,1.2962174174,0
165,1,stable,0.00185535252383,0.0135368682721,0.000691191941185,9.59876660338,1,1.5815733261,0
165,1,fragile,0.00185535252383,0.0135368682721,0.000691191941185,9.59876660338,1,1.5815733261,0
165,2,stable,0.00184015831665,0.0270587282222,0.00125541716563,15.1487666034,1,2.1575733261,0
165,2,fragile,0.00171007695091,0.0712060795831,0.0022592025678,33.0781767227,0.383790927831,2.88661090097,0.999577879
165,4,stable,0.00180934225265,0.0535489395333,0.00244035150807,26.2487666034,0.967838128269,3.3095733261,0.0774616851572
165,4,fragile,0.00161515491606,0.171347365164,0.00728747732264,113.313242612,0.2,6.71419525197,0.999999999987
166,0,stable,0.000928394717241,0.000573069986068,0.000295858635213,4.78032522389,1,1.08918002559,0
166,0,fragile,0.000928394717241,0.000573069986068,0.000295858635213,4.78032522389,1,1.08918002559,0
166,0.5,stable,0.000920804614023,0.00690154192916,0.000439066402863,7.00375692119,1,1.31414364814,0
166,0.5,fragile,0.000920804614023,0.00690154192916,0.000439066402863,7.00375692119,1,1.31414364814,0
166,1,stable,0.00091321456836,0.0137314342947,0.000693239425289,9.77875692119,1,1.60214364814,0
166,1,fragile,0.00091321456836,0.0137314342947,0.000693239425289,9.77875692119,1,1.60214364814,0
166,2,stable,0.000898034649702,0.0272506272474,0.00126643118714,15.3287569212,1,2.17814364814,0
166,2,fragile,0.000766749227548,0.0743330641245,0.00239033690641,34.5429481172,0.355082928621,2.91422702663,0.999683096969
166,4,stable,0.000867210608884,0.0537356137358,0.00245617562804,26.4287569212,0.963596939655,3.33014364814,0.0837169882617
166,4,fragile,0.000671667674758,0.174756398163,0.00752986773639,112.21259926,0.2,6.91320587156,0.999999999995
167,0,stable,0.00168948332081,0.000745545708554,0.000324757067019,4.94828942618,1,1.10837593442,0
167,0,fragile,0.00168948332081,0.000745545708554,0.000324757067019,4.94828942618,1,1.10837593442,0
167,0.5,stable,0.00168188744621,0.00669201561571,0.000445831913326,7.21740752196,1,1.33856085965,0
167,0.5,fragile,0.00168188744621,0.00669201561571,0.000445831913326,7.21740752196,1,1.33856085965,0
167,1,stable,0.00167429162921,0.0135233489684,0.000688926453157,9.96090752196,1,1.62296085965,0
167,1,fragile,0.00167429162921,0.0135233489684,0.000688926453157,9.96090752196,1,1.62296085965,0
167,2,stable,0.001659100168,0.0270453942332,0.00125458783884,15.447907522,1,2.19176085965,0
167,2,fragile,0.00153005623534,0.0697671280371,0.00219715568549,31.7669118041,0.400160451165,2.81363765014,0.999387927423
167,4,stable,0.00162842472228,0.053535968588,0.00244084631519,26.421907522,0.971688274187,3.32936085965,0.054373772818
167,4,fragile,0.00143447858847,0.170678629914,0.00720469008308,112.441784247,0.2,6.63768332484,0.999999999979
168,0,stable,0.000337920427387,0.000781968751516,0.000343848054299,4.94860730556,1,1.10841226349,0
168,0,fragile,0.000337920427387,0.000781968751516,0.000343848054299,4.94860730556,1,1.10841226349,0
168,0.5,stable,0.000330334801771,0.00665288783214,0.000455198599566,7.28161315022,1,1.34589864574,0
168,0.5,fragile,0.000330334801771,0.00665288783214,0.000455198599566,7.28161315022,1,1.34589864574,0
168,1,stable,0.000322749233678,0.0134844902806,0.000691906544416,10.0251131502,1,1.63029864574,0
168,1,fragile,0.000322749233678,0.0134844902806,0.000691906544416,10.0251131502,1,1.63029864574,0
168,2,stable,0.000307578270056,0.0270070681975,0.00125277944196,15.5121131502,1,2.19909864574,0
168,2,fragile,0.000177182365585,0.0724499722422,0.00229363936291,33.568096833,0.372969828572,2.86697268461,0.999710780878
168,4,stable,0.000276802932078,0.0534986860529,0.00243588472806,26.4861131502,0.967088807826,3.33669864574,0.0785465594678
168,4,fragile,8.25611635142e-05,0.172664376025,0.00735447219547,112.789739712,0.2,6.77317373274,0.999999999994
169,0,stable,0.000320143415808,0.000557890092664,0.000339034669843,4.81267581155,1,1.09287723561,0
169,0,fragile,0.000320143415808,0.000557890092664,0.000339034669843,4.81267581155,1,1.09287723561,0
169,0.5,stable,0.000312557924999,0.00700371369461,0.000460748735055,7.06270232768,1,1.32088026602,0
169,0.5,fragile,0.000312557924999,0.00700371369461,0.000460748735055,7.06270232768,1,1.32088026602,0
169,1,stable,0.000304972491708,0.0138329033884,0.000701561762721,9.81665595573,1,1.60647496637,0
169,1,fragile,0.000304972491708,0.0138329033884,0.000701561762721,9.81665595573,1,1.60647496637,0
169,2,stable,0.000289801797689,0.0273507054622,0.00126477341398,15.3666559557,1,2.18247496637,0
169,2,fragile,0.000159466172958,0.071973178813,0.0022795830748,33.2344914508,0.381872855427,2.85959145099,0.999618204327
169,4,stable,0.000259042560036,0.0538329671272,0.00244898774309,26.4666559557,0.968947700146,3.33447496637,0.0759402161622
169,4,fragile,6.50781955711e-05,0.171322769141,0.00725324503504,112.972452541,0.2,6.64970915284,0.999999999987
170,0,stable,0.00022574278667,0.0013018295159,0.000317449623543,4.83361131698,1,1.0952698648,0
170,0,fragile,0.00022574278667,0.0013018295159,0.000317449623543,4.83361131698,1,1.0952698648,0
170,0.5,stable,0.000218158011704,0.00765903660452,0.000467549335686,7.03543016893,1,1.31776344788,0
170,0.5,fragile,0.000218158011704,0.00765903660452,0.000467549335686,7.03543016893,1,1.31776344788,0
170,1,stable,0.000210573294255,0.0144837194089,0.000720406218512,9.70699103801,1,1.59394183292,0
170,1,fragile,0.000210573294255,0.0144837194089,0.000720406218512,9.70699103801,1,1.59394183292,0
170,2,stable,0.000195404031903,0.0279926004771,0.00129128403463,15.2031271831,1,2.16378596379,0
170,2,fragile,6.72097173979e-05,0.0693312604458,0.00217193292445,30.970099668,0.40784419332,2.81008718319,0.999215665429
170,4,stable,0.00016477631133,0.0544573853066,0.0024794309328,26.3031271831,0.970986219641,3.31578596379,0.0538858105099
170,4,fragile,-2.94448363812e-05,0.169834143306,0.00714732478691,112.822320809,0.2,6.65791265112,0.999999999969
171,0,stable,-0.00135865443783,0.00284671021869,0.000333392308049,5.1347438978,1,1.12968501689,0
171,0,fragile,-0.00135865443783,0.00284671021869,0.000333392308049,5.1347438978,1,1.12968501689,0
171,0.5,stable,-0.00136622719821,0.00617330718064,0.000429950850547,6.83112176248,1,1.29441391571,0
171,0.5,fragile,-0.00136622719821,0.00617330718064,0.000429950850547,6.83112176248,1,1.29441391571,0
171,1,stable,-0.00137379990117,0.0130082078763,0.000664168395262,9.48862676248,1,1.56898591571,0
171,1,fragile,-0.00137379990117,0.0130082078763,0.000664168395262,9.48862676248,1,1.56898591571,0
171,2,stable,-0.00138894513481,0.026537314394,0.00122527848496,14.8609948784,1,2.12468512896,0
171,2,fragile,-0.00152006854565,0.0653778563116,0.00198243276833,29.7838081429,0.436782535819,2.60933428191,0.998886806623
171,4,stable,-0.00141949510858,0.0530417222069,0.00240984376313,25.9609948784,0.977606981597,3.27668512896,0.0487097999382
171,4,fragile,-0.00161380826272,0.167568115022,0.00704810651897,113.413167812,0.2,6.72481339038,0.999999999962
172,0,stable,-0.00191902813022,0.00196511667125,0.000337069904791,5.07179893718,1,1.12249130711,0
172,0,fragile,-0.00191902813022,0.00196511667125,0.000337069904791,5.07179893718,1,1.12249130711,0
172,0.5,stable,-0.00192659664125,0.00666973635106,0.000443626910368,6.94758599592,1,1.30772411382,0
172,0.5,fragile,-0.00192659664125,0.00666973635106,0.000443626910368,6.94758599592,1,1.30772411382,0
172,1,stable,-0.0019341650949,0.0135012229262,0.000680108940574,9.72258599592,1,1.59572411382,0
172,1,fragile,-0.0019341650949,0.0135012229262,0.000680108940574,9.72258599592,1,1.59572411382,0
172,2,stable,-0.00194930183,0.0270235714818,0.00124165160315,15.2725859959,1,2.17172411382,0
172,2,fragile,-0.00208116612899,0.0667178854525,0.0020189800151,29.8371611065,0.431919225064,2.59383594602,0.998925242119
172,4,stable,-0.00197982685817,0.0535147400034,0.00242612345813,26.3725859959,0.979473960805,3.32372411382,0.0473151701347
172,4,fragile,-0.00217457274014,0.168444078966,0.00704085786343,113.697356853,0.2,6.74723547106,0.999999999962
173,0,stable,-0.000510421338154,0.00197599892406,0.000309740835908,4.96618084615,1,1.11042066813,0
173,0,fragile,-0.000510421338154,0.00197599892406,0.000309740835908,4.96618084615,1,1.11042066813,0
173,0.5,stable,-0.00051800053074,0.0066008622559,0.000417956065534,7.24597017629,1,1.341825163,0
173,0.5,fragile,-0.00051800053074,0.0066008622559,0.000417956065534,7.24597017629,1,1.341825163,0
173,1,stable,-0.000525579665853,0.0134328225028,0.000660295222278,9.90347517629,1,1.616397163,0
173,1,fragile,-0.000525579665853,0.0134328225028,0.000660295222278,9.90347517629,1,1.616397163,0
173,2,stable,-0.000540737763661,0.0269561086514,0.0012272972981,15.2184851763,1,2.165541163,0
173,2,fragile,-0.000670533469231,0.0694103968075,0.00215236510389,31.5354824045,0.406449039971,2.74414499169,0.99942388476
173,4,stable,-0.000571324171931,0.0534491139792,0.00241513530209,25.8993943395,0.976073712274,3.26964506737,0.050557543391
173,4,fragile,-0.000765931855849,0.168759296963,0.00710773926992,114.193423254,0.2,6.79092948619,0.999999999976
174,0,stable,0.000813428444408,0.00252067395738,0.000334028493468,5.06672732171,1,1.12191169391,0
174,0,fragile,0.000813428444408,0.00252067395738,0.000334028493468,5.06672732171,1,1.12191169391,0
174,0.5,stable,0.000805839212985,0.00812079058332,0.00048238551394,7.20189156317,1,1.33678760722,0
174,0.5,fragile,0.000805839212985,0.00812079058332,0.00048238551394,7.20189156317,1,1.33678760722,0
174,1,stable,0.000798250039111,0.0149422977409,0.000732373643865,9.97689156317,1,1.62478760722,0
174,1,fragile,0.000798250039111,0.0149422977409,0.000732373643865,9.97689156317,1,1.62478760722,0
174,2,stable,0.000783071864013,0.0284448928854,0.00130053287396,15.5268915632,1,2.20078760722,0
174,2,fragile,0.000651233434696,0.0749724529923,0.00236344852217,34.5935176689,0.364092894546,2.90888582932,0.999739613134
174,4,stable,0.000752267946408,0.0548973631777,0.00248694518628,26.6268915632,0.966436298911,3.35278760722,0.0808893808207
174,4,fragile,0.000558047977849,0.173326281149,0.00734991791096,114.056112501,0.2,6.76029537678,0.999999999993
175,0,stable,-0.00113847314287,0.0019739835454,0.000315169966341,5.03593629229,1,1.11839271912,0
175,0,fragile,-0.00113847314287,0.0019739835454,0.000315169966341,5.03593629229,1,1.11839271912,0
175,0.5,stable,-0.0011460475729,0.00727556519427,0.00044892562045,7.29782961986,1,1.34775195656,0
175,0.5,fragile,-0.0011460475729,0.00727556519427,0.00044892562045,7.29782961986,1,1.34775195656,0
175,1,stable,-0.00115362194549,0.0141028852683,0.000697345637592,10.0413296199,1,1.63215195656,0
175,1,fragile,-0.00115362194549,0.0141028852683,0.000697345637592,10.0413296199,1,1.63215195656,0
175,2,stable,-0.00116877051837,0.0276169865883,0.00126628126855,15.5283296199,1,2.20095195656,0
175,2,fragile,-0.00129868057941,0.0719285636274,0.00225759486026,32.7749882784,0.382116920922,2.89288452252,0.99967341379
175,4,stable,-0.00119948524458,0.0540919982338,0.00245343404132,26.5023296199,0.967533587404,3.33855195656,0.0760138136389
175,4,fragile,-0.00139319978554,0.171486686213,0.00725878233724,112.852580848,0.2,6.71461371621,0.999999999991
176,0,stable,-0.00148919002849,0.00264733283403,0.00034242193208,5.01081832373,1,1.11552209414,0
176,0,fragile,-0.00148919002849,0.00264733283403,0.00034242193208,5.01081832373,1,1.11552209414,0
176,0.5,stable,-0.00149676179902,0.00738764683404,0.000470647367834,7.15635638917,1,1.33158358733,0
176,0.5,fragile,-0.00149676179902,0.00738764683404,0.000470647367834,7.15635638917,1,1.33158358733,0
176,1,stable,-0.00150433351212,0.0142141960827,0.000712965448453,9.8066974073,1,1.60533684655,0
176,1,fragile,-0.00150433351212,0.0142141960827,0.000712965448453,9.8066974073,1,1.60533684655,0
176,2,stable,-0.00151947676608,0.0277267716191,0.00127655989442,15.3566974073,1,2.18133684655,0
176,2,fragile,-0.00165055455635,0.0661480007429,0.0020300069948,29.6221145234,0.430917568251,2.70450288983,0.998845846002
176,4,stable,-0.00155003125553,0.0541987941543,0.00246112975458,26.4566974073,0.974939279948,3.33333684655,0.0502348200068
176,4,fragile,-0.0017446070054,0.168682342458,0.00710321635677,114.064920112,0.2,6.78605002798,0.999999999961
177,0,stable,-0.0012933933155,0.00295294723413,0.00029185457933,4.83929141065,1,1.09591901836,0
177,0,fragile,-0.0012933933155,0.00295294723413,0.00029185457933,4.83929141065,1,1.09591901836,0
177,0.5,stable,-0.00130096657076,0.007582344432,0.000434644163246,7.16876262876,1,1.33300144329,0
177,0.5,fragile,-0.00130096657076,0.007582344432,0.000434644163246,7.16876262876,1,1.33300144329,0
177,1,stable,-0.00130853976859,0.0144075546758,0.000689352320929,9.82626762876,1,1.60757344329,0
177,1,fragile,-0.00130853976859,0.0144075546758,0.000689352320929,9.82626762876,1,1.60757344329,0
177,2,stable,-0.00132368599197,0.0279174797657,0.00126311227985,15.29149189,1,2.17388478743,0
177,2,fragile,-0.00145582828852,0.0680377949504,0.00204718458644,30.2535488374,0.425865726234,2.62914410454,0.99919532468
177,4,stable,-0.00135423849741,0.0543843099021,0.00245386734795,26.39149189,0.977576266274,3.32588478743,0.0488035427167
177,4,fragile,-0.00154918687869,0.168773287488,0.00707090210204,113.955985375,0.2,6.76460462626,0.99999999997
178,0,stable,0.000857448229908,0.00158162763931,0.000294685543039,4.77528994532,1,1.08860456518,0
178,0,fragile,0.000857448229908,0.00158162763931,0.000294685543039,4.77528994532,1,1.08860456518,0
178,0.5,stable,0.00084985866468,0.00721743940829,0.000430086556444,7.21251473377,1,1.33800168386,0
178,0.5,fragile,0.00084985866468,0.00721743940829,0.000430086556444,7.21251473377,1,1.33800168386,0
178,1,stable,0.000842269157005,0.0140451592341,0.00068239573808,9.95601473377,1,1.62240168386,0
178,1,fragile,0.000842269157005,0.0140451592341,0.00068239573808,9.95601473377,1,1.62240168386,0
178,2,stable,0.000827090314309,0.0275600518288,0.00125487322055,15.4430147338,1,2.19120168386,0
178,2,fragile,0.000694915694372,0.0675453545074,0.00205675030677,29.954364836,0.420513046964,2.65877908301,0.999156367656
178,4,stable,0.000796465660122,0.0540366136334,0.00244498041671,26.4170147338,0.97578645296,3.32880168386,0.0499363697973
178,4,fragile,0.000601719941731,0.168844771106,0.00709234505861,113.616141249,0.2,6.74307501779,0.999999999968
179,0,stable,-0.000129733056937,0.00276776337439,0.000327197994222,4.95131520317,1,1.10872173751,0
179,0,fragile,-0.000129733056937,0.00276776337439,0.000327197994222,4.95131520317,1,1.10872173751,0
179,0.5,stable,-0.000137315136306,0.00712497386334,0.000447187401003,7.04093337695,1,1.31839238594,0
179,0.5,fragile,-0.000137315136306,0.00712497386334,0.000447187401003,7.04093337695,1,1.31839238594,0
179,1,stable,-0.000144897158182,0.0139533296077,0.000689528270897,9.81593337695,1,1.60639238594,0
179,1,fragile,-0.000144897158182,0.0139533296077,0.000689528270897,9.81593337695,1,1.60639238594,0
179,2,stable,-0.000160061029445,0.0274694809493,0.00125461485227,15.3659333769,1,2.18239238594,0
179,2,fragile,-0.000290266144616,0.07092963709,0.00219734826568,32.0507818085,0.397149837187,2.80716013747,0.999504452167
179,4,stable,-0.000190669176946,0.0539485087215,0.00244041342376,26.4659333769,0.973312929007,3.33439238594,0.0523499501428
179,4,fragile,-0.000384749515518,0.16938768978,0.00711444521956,113.23331752,0.2,6.70142379925,0.999999999981
180,0,stable,-0.00240880882397,0.00297406721529,0.000361227431435,5.0679917237,1,1.12205619699,0
180,0,fragile,-0.00240880882397,0.00297406721529,0.000361227431435,5.0679917237,1,1.12205619699,0
180,0.5,stable,-0.00241637362096,0.00831242802256,0.000504259003855,7.43197487329,1,1.36308284266,0
180,0.5,fragile,-0.00241637362096,0.00831242802256,0.000504259003855,7.43197487329,1,1.36308284266,0
180,1,stable,-0.00242393836059,0.0151326172211,0.000748748054605,10.1754748733,1,1.64748284266,0
180,1,fragile,-0.00242393836059,0.0151326172211,0.000748748054605,10.1754748733,1,1.64748284266,0
180,2,stable,-0.00243906766776,0.0286326035774,0.0013118614727,15.6624748733,1,2.21628284266,0
180,2,fragile,-0.00257036071357,0.06743627501,0.00205889255941,29.8379762148,0.42971017614,2.70783793715,0.999071996648
180,4,stable,-0.00246959754986,0.0550799630824,0.00249560947715,26.6364748733,0.97573153139,3.35388284266,0.050835795033
180,4,fragile,-0.00266432777885,0.169415774469,0.00712211313813,114.8711906,0.2,6.84944830809,0.999999999967
181,0,stable,0.00163615380592,0.00160078550499,0.000335886953757,5.01719318064,1,1.11625064922,0
181,0,fragile,0.00163615380592,0.00160078550499,0.000335886953757,5.01719318064,1,1.11625064922,0
181,0.5,stable,0.00162855833572,0.00765157263141,0.000462804214379,7.29497441109,1,1.34742564698,0
181,0.5,fragile,0.00162855833572,0.00765157263141,0.000462804214379,7.29497441109,1,1.34742564698,0
181,1,stable,0.00162096292311,0.0142238425409,0.00070576912411,10.0699744111,1,1.63542564698,0
181,1,fragile,0.00162096292311,0.0142238425409,0.00070576912411,10.0699744111,1,1.63542564698,0
181,2,stable,0.0016057722707,0.0277362858493,0.00127028286205,15.6199744111,1,2.21142564698,0
181,2,fragile,0.0014726376565,0.0759225216229,0.00240285831104,35.1832849111,0.352984497512,2.90579974478,0.999792117321
181,4,stable,0.00157493391302,0.0542080493412,0.00245542806254,26.7199744111,0.96665768334,3.36342564698,0.0823820853109
181,4,fragile,0.00138064487254,0.173273327984,0.00736795093934,114.342644428,0.2,6.78934600168,0.999999999994
182,0,stable,-0.00117537154914,0.00331442908996,0.000356902995408,4.91385365041,1,1.10444041719,0
182,0,fragile,-0.00117537154914,0.00331442908996,0.000356902995408,4.91385365041,1,1.10444041719,0
182,0.5,stable,-0.00118294569936,0.00672148610047,0.000464888549714,7.30146162488,1,1.34816704284,0
182,0.5,fragile,-0.00118294569936,0.00672148610047,0.000464888549714,7.30146162488,1,1.34816704284,0
182,1,stable,-0.00119051979215,0.0135526167741,0.000698152991642,9.95896662488,1,1.62273904284,0
182,1,fragile,-0.00119051979215,0.0135526167741,0.000698152991642,9.95896662488,1,1.62273904284,0
182,2,stable,-0.00120566780543,0.0270742608529,0.00125605490866,15.2739766249,1,2.17188304284,0
182,2,fragile,-0.00133627302345,0.0633248170154,0.00193025522534,28.3639390268,0.456353200902,2.60809913366,0.997938039165
182,4,stable,-0.00123620725693,0.0535640492581,0.00243795189164,25.9039966249,0.980752915657,3.27017104284,0.0458372672738
182,4,fragile,-0.00143166977094,0.166946380622,0.00695513510726,112.215317635,0.2,6.64465915951,0.999999999908
183,0,stable,0.001360903494,0.00172209451374,0.000347209079958,4.93260073595,1,1.10658294125,0
183,0,fragile,0.001360903494,0.00172209451374,0.000347209079958,4.93260073595,1,1.10658294125,0
183,0.5,stable,0.00135331011104,0.00557026933566,0.000421879383902,7.05803356339,1,1.32034669296,0
183,0.5,fragile,0.00135331011104,0.00557026933566,0.000421879383902,7.05803356339,1,1.32034669296,0
183,1,stable,0.00134571678566,0.0124093173377,0.000646502052956,9.83303356339,1,1.60834669296,0
183,1,fragile,0.00134571678566,0.0124093173377,0.000646502052956,9.83303356339,1,1.60834669296,0
183,2,stable,0.00133053030765,0.0259466330968,0.00120232863477,15.3830335634,1,2.18434669296,0
183,2,fragile,0.00119830903781,0.0649248078301,0.00196640922281,29.5415870111,0.436986413541,2.57698121595,0.998744397222
183,4,stable,0.00129991139104,0.0524671233526,0.00238482574276,26.4830335634,0.980855197425,3.33634669296,0.0461701820584
183,4,fragile,0.0011048649297,0.16628572098,0.00697719020194,113.36998035,0.2,6.72836041651,0.999999999949
184,0,stable,-0.00153085769326,0.00255520405229,0.000334749291418,5.05853169201,1,1.12097505052,0
184,0,fragile,-0.00153085769326,0.00255520405229,0.000334749291418,5.05853169201,1,1.12097505052,0
184,0.5,stable,-0.00153842914782,0.00755340261397,0.000464522286618,6.99825305919,1,1.31351463534,0
184,0.5,fragile,-0.00153842914782,0.00755340261397,0.000464522286618,6.99825305919,1,1.31351463534,0
184,1,stable,-0.00154600054496,0.014378811901,0.000708561530132,9.71723270736,1,1.59511230941,0
184,1,fragile,-0.00154600054496,0.014378811901,0.000708561530132,9.71723270736,1,1.59511230941,0
184,2,stable,-0.00156114316699,0.02788913098,0.00127368766897,15.2672327074,1,2.17111230941,0
184,2,fragile,-0.0016924492802,0.0652657739453,0.0019671872199,28.2903887178,0.446584712123,2.63403671661,0.998760354058
184,4,stable,-0.00159167685798,0.0543567329671,0.00245924492277,26.3672327074,0.979660099791,3.32311230941,0.0467510321173
184,4,fragile,-0.00178783262017,0.168564117203,0.00702736585203,114.025744555,0.2,6.75834924181,0.999999999952
185,0,stable,-0.000461764080346,0.0020840446615,0.000286178402007,4.80639644567,1,1.09215959379,0
185,0,fragile,-0.000461764080346,0.0020840446615,0.000286178402007,4.80639644567,1,1.09215959379,0
185,0.5,stable,-0.000469343641904,0.00688900077787,0.000416790198259,6.98077884162,1,1.3115175819,0
185,0.5,fragile,-0.000469343641904,0.00688900077787,0.000416790198259,6.98077884162,1,1.3115175819,0
185,1,stable,-0.000476923145986,0.0137189793933,0.000669391276842,9.75577884162,1,1.5995175819,0
185,1,fragile,-0.000476923145986,0.0137189793933,0.000669391276842,9.75577884162,1,1.5995175819,0
185,2,stable,-0.00049208198172,0.0272383430706,0.0012427750269,15.3057788416,1,2.1755175819,0
185,2,fragile,-0.000623506887255,0.0667213686751,0.00202697552175,30.1372595366,0.427695725407,2.67824593246,0.999000709076
185,4,stable,-0.000522671434615,0.0537236640195,0.00243369385115,26.4057788416,0.975432622317,3.3275175819,0.05083832234
185,4,fragile,-0.000717313208904,0.168742757987,0.00710487370211,113.985673082,0.2,6.76714841607,0.999999999965
186,0,stable,0.00107992508834,0.00121471708499,0.000363375165113,5.0645615742,1,1.12166417991,0
186,0,fragile,0.00107992508834,0.00121471708499,0.000363375165113,5.0645615742,1,1.12166417991,0
186,0.5,stable,0.00107233383605,0.00539262312037,0.000430931664017,6.86328251928,1,1.29808943078,0
186,0.5,fragile,0.00107233383605,0.00539262312037,0.000430931664017,6.86328251928,1,1.29808943078,0
186,1,stable,0.00106474264133,0.0122328928588,0.000649551620768,9.55522144701,1,1.5765967368,0
186,1,fragile,0.00106474264133,0.0122328928588,0.000649551620768,9.55522144701,1,1.5765967368,0
186,2,stable,0.00104956042459,0.0257726269416,0.00120083786903,15.042221447,1,2.1453967368,0
186,2,fragile,0.000918232876055,0.0614228409453,0.0018452290602,27.2567134267,0.461163748135,2.61085550997,0.998465354208
186,4,stable,0.00101895680505,0.052297854852,0.00238043553425,26.016221447,0.98082938431,3.2829967368,0.0449976350946
186,4,fragile,0.000823462675387,0.165292405238,0.00690512932752,112.300521847,0.2,6.61356633208,0.99999999994
187,0,stable,-0.00122528535323,0.00192515857409,0.000326054802773,4.90961878028,1,1.10395643203,0
187,0,fragile,-0.00122528535323,0.00192515857409,0.000326054802773,4.90961878028,1,1.10395643203,0
187,0.5,stable,-0.00123285912496,0.00603267514543,0.000417784088291,7.04660598467,1,1.31904068396,0
187,0.5,fragile,-0.00123285912496,0.00603267514543,0.000417784088291,7.04660598467,1,1.31904068396,0
187,1,stable,-0.00124043283925,0.0127510451205,0.000652173270692,9.82160598467,1,1.60704068396,0
187,1,fragile,-0.00124043283925,0.0127510451205,0.000652173270692,9.82160598467,1,1.60704068396,0
187,2,stable,-0.00125558009555,0.026283676675,0.00121431737937,15.3716059847,1,2.18304068396,0
187,2,fragile,-0.00138425461824,0.0681527878421,0.00211882886901,30.9968709582,0.413079590895,2.68622197949,0.999225981757
187,4,stable,-0.00128614141944,0.0527949902663,0.00239988294216,26.4716059847,0.977514356303,3.33504068396,0.0499744953037
187,4,fragile,-0.00147987498764,0.168532644972,0.007079775026,113.057052347,0.2,6.68786156949,0.999999999969
188,0,stable,-0.00158565404296,0.00278458025906,0.000315768713701,4.83978466689,1,1.0959753905,0
188,0,fragile,-0.00158565404296,0.00278458025906,0.000315768713701,4.83978466689,1,1.0959753905,0
188,0.5,stable,-0.00159322508199,0.00671453454691,0.000423973461564,6.95057388695,1,1.30806558708,0
188,0.5,fragile,-0.00159322508199,0.00671453454691,0.000423973461564,6.95057388695,1,1.30806558708,0
188,1,stable,-0.00160079606361,0.0134926382398,0.000665095280563,9.60807888695,1,1.58263758708,0
188,1,fragile,-0.00160079606361,0.0134926382398,0.000665095280563,9.60807888695,1,1.58263758708,0
188,2,stable,-0.00161593785461,0.0270151044694,0.00123093950547,15.0767433569,1,2.14934209793,0
188,2,fragile,-0.00174796833677,0.0674686889657,0.00203822803229,30.5958151562,0.424340615686,2.6227759183,0.999280423554
188,4,stable,-0.00164648768394,0.0535065035217,0.00241826075483,26.1767433569,0.977453565606,3.30134209793,0.0498945840195
188,4,fragile,-0.00184110801188,0.168478321722,0.00709194088675,114.602589102,0.2,6.82898963699,0.999999999974
189,0,stable,-0.000922439749152,0.00152751885889,0.000311200171,4.96496692258,1,1.11028193401,0
189,0,fragile,-0.000922439749152,0.00152751885889,0.000311200171,4.96496692258,1,1.11028193401,0
189,0.5,stable,-0.000930015817378,0.00734281252575,0.000452162887805,6.95576137901,1,1.30865844332,0
189,0.5,fragile,-0.000930015817378,0.00734281252575,0.000452162887805,6.95576137901,1,1.30865844332,0
189,1,stable,-0.000937591828152,0.0141696701159,0.000703286306097,9.70799763829,1,1.59405687295,0
189,1,fragile,-0.000937591828152,0.0141696701159,0.000703286306097,9.70799763829,1,1.59405687295,0
189,2,stable,-0.000952743677352,0.0276828559883,0.00127381167858,15.2579976383,1,2.17005687295,0
189,2,fragile,-0.00108204690772,0.0707777552891,0.00222177611413,32.1711408907,0.396962370631,2.82884532172,0.999304870398
189,4,stable,-0.000983445681469,0.0541560742116,0.00246217701449,26.3579976383,0.971726293524,3.32205687295,0.0726597048684
189,4,fragile,-0.00117727264461,0.170255356291,0.00719047946952,113.890988842,0.2,6.74874232927,0.999999999971
190,0,stable,0.000409462611489,0.00141445475945,0.000317673914416,4.75322542029,1,1.08608290518,0
190,0,fragile,0.000409462611489,0.00141445475945,0.000317673914416,4.75322542029,1,1.08608290518,0
190,0.5,stable,0.000401876443364,0.00747003265915,0.000456962933023,7.39966303468,1,1.35939006111,0
190,0.5,fragile,0.000401876443364,0.00747003265915,0.000456962933023,7.39966303468,1,1.35939006111,0
190,1,stable,0.000394290332767,0.0142960153111,0.000706589094858,10.0571680347,1,1.63396206111,0
190,1,fragile,0.000394290332767,0.0142960153111,0.000706589094858,10.0571680347,1,1.63396206111,0
190,2,stable,0.000379118284148,0.0278074693173,0.00127586757317,15.3721780347,1,2.18310606111,0
190,2,fragile,0.000249537600825,0.0710785959935,0.00223463736859,32.1585376262,0.393463221035,2.86093139426,0.999453452174
190,4,stable,0.000348368590781,0.0542772947014,0.00246319588439,26.0021980347,0.96987080918,3.28139406111,0.0738424140565
190,4,fragile,0.000154171590082,0.170421232624,0.00719941769584,113.786952889,0.2,6.73734778405,0.999999999982
191,0,stable,-0.00137337936724,0.00394091264408,0.000297240323122,4.75973000826,1,1.08682628666,0
191,0,fragile,-0.00137337936724,0.00394091264408,0.000297240323122,4.75973000826,1,1.08682628666,0
191,0.5,stable,-0.00138095201597,0.00763355953518,0.000441241779314,7.24575023501,1,1.34180002686,0
191,0.5,fragile,-0.00138095201597,0.00763355953518,0.000441241779314,7.24575023501,1,1.34180002686,0
191,1,stable,-0.00138852460726,0.0144584175545,0.000695407381678,10.020750235,1,1.62980002686,0
191,1,fragile,-0.00138852460726,0.0144584175545,0.000695407381678,10.020750235,1,1.62980002686,0
191,2,stable,-0.00140366961759,0.0279676454457,0.00126848315934,15.570750235,1,2.20580002686,0
191,2,fragile,-0.00153524742704,0.0669814268898,0.00201226790852,29.5795822102,0.43492743345,2.60672761637,0.998891670301
191,4,stable,-0.00143421416971,0.0544331097243,0.00245887119368,26.670750235,0.979305033778,3.35780002686,0.0478129441245
191,4,fragile,-0.00162956402965,0.168871449918,0.00705770731884,114.079256873,0.2,6.7693471226,0.999999999959
192,0,stable,-0.000236364977847,0.00205655544908,0.000344402922376,4.90103814648,1,1.10297578817,0
192,0,fragile,-0.000236364977847,0.00205655544908,0.000344402922376,4.90103814648,1,1.10297578817,0
192,0.5,stable,-0.000243946248621,0.00618397979843,0.000421868294337,6.86293629466,1,1.29804986225,0
192,0.5,fragile,-0.000243946248621,0.00618397979843,0.000421868294337,6.86293629466,1,1.29804986225,0
192,1,stable,-0.000251527461903,0.0127958994082,0.00064798685415,9.35876937166,1,1.55414507105,0
192,1,fragile,-0.000251527461903,0.0127958994082,0.00064798685415,9.35876937166,1,1.55414507105,0
192,2,stable,-0.000266689716006,0.0263279161263,0.00120473193516,14.8596222486,1,2.12452825699,0
192,2,fragile,-0.000400512043304,0.0688319888046,0.00207259049554,30.7818209732,0.413381010613,2.62393287278,0.999192603765
192,4,stable,-0.000297262356141,0.0528380252128,0.00238760668285,25.9596222486,0.979809512343,3.27652825699,0.0466370903163
192,4,fragile,-0.000492418206799,0.168192065014,0.00705479593626,113.980069909,0.2,6.786087619,0.999999999972
193,0,stable,-0.00167718261048,0.00181085571278,0.000300574676441,4.76835349538,1,1.08781182804,0
193,0,fragile,-0.00167718261048,0.00181085571278,0.000300574676441,4.76835349538,1,1.08781182804,0
193,0.5,stable,-0.00168475295544,0.00696072908623,0.000428998503461,7.06900279656,1,1.32160031961,0
193,0.5,fragile,-0.00168475295544,0.00696072908623,0.000428998503461,7.06900279656,1,1.32160031961,0
193,1,stable,-0.00169232324299,0.0137902144005,0.000678445956863,9.84400279656,1,1.60960031961,0
193,1,fragile,-0.00169232324299,0.0137902144005,0.000678445956863,9.84400279656,1,1.60960031961,0
193,2,stable,-0.00170746364589,0.02730860163,0.00124918020273,15.3940027966,1,2.18560031961,0
193,2,fragile,-0.00183647002969,0.0694510734937,0.00215029508031,31.1114707813,0.411889261823,2.74554052384,0.999230429239
193,4,stable,-0.00173800967479,0.0537920096534,0.00243866343715,26.4940027966,0.975940604439,3.33760031961,0.0497477416768
193,4,fragile,-0.00193191600664,0.169108060658,0.00711312975677,113.954418827,0.2,6.79630630088,0.999999999965
194,0,stable,-0.000210984729563,0.00180997512853,0.00029689452056,4.98286046181,1,1.11232690992,0
194,0,fragile,-0.000210984729563,0.00180997512853,0.00029689452056,4.98286046181,1,1.11232690992,0
194,0.5,stable,-0.000218566192795,0.00688132998156,0.000418221839249,6.99699899023,1,1.31337131317,0
194,0.5,fragile,-0.000218566192795,0.00688132998156,0.000418221839249,6.99699899023,1,1.31337131317,0
194,1,stable,-0.00022614759854,0.0137113613518,0.000666503771835,9.77199899023,1,1.60137131317,0
194,1,fragile,-0.00022614759854,0.0137113613518,0.000666503771835,9.77199899023,1,1.60137131317,0
194,2,stable,-0.000241310237553,0.0272308294528,0.0012371445678,15.3219989902,1,2.17737131317,0
194,2,fragile,-0.000373451625284,0.0749822091655,0.00235085067009,34.6086733422,0.354230444944,2.92063777875,0.999842932459
194,4,stable,-0.000272080368733,0.0537163549744,0.00242601942814,26.4219989902,0.965373818121,3.32937131317,0.0805349323165
194,4,fragile,-0.000466343911585,0.173070346989,0.00736651149579,113.295467043,0.2,6.79660777985,0.999999999997
195,0,stable,0.00141886106819,0.0010782627515,0.000337104355569,4.90584037937,1,1.10352461479,0
195,0,fragile,0.00141886106819,0.0010782627515,0.000337104355569,4.90584037937,1,1.10352461479,0
195,0.5,stable,0.00141126724573,0.00695681738627,0.000454847874,7.0162359808,1,1.31556982638,0
195,0.5,fragile,0.00141126724573,0.00695681738627,0.000454847874,7.0162359808,1,1.31556982638,0
195,1,stable,0.00140367348086,0.0137863296027,0.000694757836213,9.7912359808,1,1.60356982638,0
195,1,fragile,0.00140367348086,0.0137863296027,0.000694757836213,9.7912359808,1,1.60356982638,0
195,2,stable,0.00138848612387,0.0273047700827,0.00125775833833,15.3412359808,1,2.17956982638,0
195,2,fragile,0.00125693915466,0.0737689398654,0.00232770437004,34.0035726177,0.368385691886,2.84245405189,0.999705565802
195,4,stable,0.00135768280207,0.0537882824275,0.00244209226027,26.4412359808,0.968629024411,3.33156982638,0.0776207591738
195,4,fragile,0.00116352531105,0.172042331542,0.00730722062888,113.665494858,0.2,6.75336963384,0.999999999992
196,0,stable,0.000926899502268,0.00156381437503,0.00033709948681,4.83732594238,1,1.09569439341,0
196,0,fragile,0.000926899502268,0.00156381437503,0.00033709948681,4.83732594238,1,1.09569439341,0
196,0.5,stable,0.000919309410386,0.00469291996549,0.00038459288766,6.53234902658,1,1.26026846018,0
196,0.5,fragile,0.000919309410386,0.00469291996549,0.00038459288766,6.53234902658,1,1.26026846018,0
196,1,stable,0.000911719376062,0.0115380018121,0.000603938684825,9.10668142658,1,1.52533502018,0
196,1,fragile,0.000911719376062,0.0115380018121,0.000603938684825,9.10668142658,1,1.52533502018,0
196,2,stable,0.000896539480079,0.0250872610551,0.00116020096892,14.4141905359,1,2.07362177553,0
196,2,fragile,0.000765109221941,0.0612813433197,0.00185039402783,28.4383442458,0.460638614617,2.53005131068,0.998367834381
196,4,stable,0.000865951311793,0.0516311493799,0.0023440990544,25.482506448,0.983402063418,3.22200073691,0.0430616447756
196,4,fragile,0.000669894090472,0.166367870483,0.00695116681754,113.219300839,0.2,6.71508425552,0.999999999937
197,0,stable,-0.000332713197828,0.0018958956867,0.00031386779797,5.02843909993,1,1.11753589713,0
197,0,fragile,-0.000332713197828,0.0018958956867,0.00031386779797,5.02843909993,1,1.11753589713,0
197,0.5,stable,-0.000340293737987,0.00640788425446,0.00041587838953,6.96826597232,1,1.31008753969,0
197,0.5,fragile,-0.000340293737987,0.00640788425446,0.00041587838953,6.96826597232,1,1.31008753969,0
197,1,stable,-0.00034787422066,0.0132411716799,0.000655706714707,9.71176597232,1,1.59448753969,0
197,1,fragile,-0.00034787422066,0.0132411716799,0.000655706714707,9.71176597232,1,1.59448753969,0
197,2,stable,-0.00036303501356,0.026767084866,0.00122131407879,15.1987659723,1,2.16328753969,0
197,2,fragile,-0.000492828120494,0.0702229244521,0.00215517272764,30.9826431582,0.399478019158,2.714001678,0.999444859185
197,4,stable,-0.000393624008783,0.0532652367326,0.00240854259419,26.1727659723,0.976727996269,3.30088753969,0.0500516690869
197,4,fragile,-0.000587706667102,0.168683059814,0.00708421485037,113.511736358,0.2,6.73757946552,0.999999999979
198,0,stable,0.000886231432337,0.00246813964827,0.000299377152116,4.91468102103,1,1.10453497383,0
198,0,fragile,0.000886231432337,0.00246813964827,0.000299377152116,4.91468102103,1,1.10453497383,0
198,0.5,stable,0.000878641648846,0.00746288021927,0.00042835609831,6.90287006931,1,1.30261372221,0
198,0.5,fragile,0.000878641648846,0.00746288021927,0.00042835609831,6.90287006931,1,1.30261372221,0
198,1,stable,0.000871051922906,0.014143972493,0.000678163575598,9.58174541253,1,1.57962804715,0
198,1,fragile,0.000871051922906,0.014143972493,0.000678163575598,9.58174541253,1,1.57962804715,0
198,2,stable,0.00085587264369,0.0276575106133,0.00124916110793,15.1317454125,1,2.15562804715,0
198,2,fragile,0.000722622125293,0.0762461789506,0.00238463000859,34.4412702244,0.353091686803,2.88270848282,0.999809157671
198,4,stable,0.000825074640719,0.0541314189136,0.00243844839381,26.2317454125,0.968221812999,3.30762804715,0.0794645212375
198,4,fragile,0.00063103960606,0.172758004824,0.00732119139252,114.507495929,0.2,6.82361270271,0.999999999994
199,0,stable,-0.00160660925021,0.00202442398621,0.000346560836617,4.98890155759,1,1.11301732087,0
199,0,fragile,-0.00160660925021,0.00202442398621,0.000346560836617,4.98890155759,1,1.11301732087,0
199,0.5,stable,-0.00161418013033,0.00643920230992,0.00043467033285,6.68426413181,1,1.27763018649,0
199,0.5,fragile,-0.00161418013033,0.00643920230992,0.00043467033285,6.68426413181,1,1.27763018649,0
199,1,stable,-0.00162175095305,0.0129807422653,0.000663571249831,9.45926413181,1,1.56563018649,0
199,1,fragile,-0.00162175095305,0.0129807422653,0.000663571249831,9.45926413181,1,1.56563018649,0
199,2,stable,-0.00163689242625,0.0265102252656,0.00122096997341,15.0092641318,1,2.14163018649,0
199,2,fragile,-0.00176822452412,0.0731430542814,0.00228893118005,33.551801216,0.373725161783,2.78586576816,0.999657875692
199,4,stable,-0.00166758452103,0.0530153706325,0.00240353543674,26.1092641318,0.97230651626,3.29363018649,0.0744950441422
199,4,fragile,-0.00186083381183,0.170934206529,0.00722842963008,113.738113111,0.2,6.750778468,0.999999999989
200,0,stable,0.00163239093585,0.000592304764982,0.000349330046342,5.06049329623,1,1.12119923385,0
200,0,fragile,0.00163239093585,0.000592304764982,0.000349330046342,5.06049329623,1,1.12119923385,0
200,0.5,stable,0.00162479549418,0.0060662354551,0.000446283652595,6.89822733462,1,1.30208312396,0
200,0.5,fragile,0.00162479549418,0.0060662354551,0.000446283652595,6.89822733462,1,1.30208312396,0
200,1,stable,0.00161720011011,0.0129018725212,0.000677393044273,9.64172733462,1,1.58648312396,0
200,1,fragile,0.00161720011011,0.0129018725212,0.000677393044273,9.64172733462,1,1.58648312396,0
200,2,stable,0.00160200951476,0.0264324366218,0.00123527716478,15.1287273346,1,2.15528312396,0
200,2,fragile,0.00147412286188,0.0662515199745,0.00208057534495,30.119906491,0.422915237768,2.79422289714,0.999154564162
200,4,stable,0.00157134770569,0.0529396999353,0.0024172822805,26.1027273346,0.973147979807,3.29288312396,0.0523041482931
200,4,fragile,0.00137708619281,0.167687854211,0.00706029540744,112.143517352,0.2,6.59105415266,0.999999999964
201,0,stable,-0.00131278689987,0.00289741588653,0.000309906049128,4.86944029675,1,1.09936460534,0
201,0,fragile,-0.00131278689987,0.00289741588653,0.000309906049128,4.86944029675,1,1.09936460534,0
201,0.5,stable,-0.00132036000807,0.00801054455371,0.000456542977837,7.06418882061,1,1.32105015093,0
201,0.5,fragile,-0.00132036000807,0.00801054455371,0.000456542977837,7.06418882061,1,1.32105015093,0
201,1,stable,-0.00132793305884,0.0146865011281,0.000709489846648,9.83918882061,1,1.60905015093,0
201,1,fragile,-0.00132793305884,0.0146865011281,0.000709489846648,9.83918882061,1,1.60905015093,0
201,2,stable,-0.0013430789881,0.028192602583,0.0012809872786,15.3891888206,1,2.18505015093,0
201,2,fragile,-0.00147459085824,0.0682297884632,0.00206570913818,29.8256452533,0.419528089933,2.67878278137,0.9992822455
201,4,stable,-0.00137375221177,0.0546519419677,0.00246996134776,26.4891888206,0.97500816921,3.33705015093,0.0697336803927
201,4,fragile,-0.00156804885078,0.170081707681,0.00714436596821,114.666500621,0.2,6.82333212795,0.999999999974
202,0,stable,-0.00352127814025,0.00479650715362,0.000352249360272,4.87215633949,1,1.09967501023,0
202,0,fragile,-0.00352127814025,0.00479650715362,0.000352249360272,4.87215633949,1,1.09967501023,0
202,0.5,stable,-0.00352883450132,0.00771493788469,0.000471283993706,6.97251834551,1,1.3105735252,0
202,0.5,fragile,-0.00352883450132,0.00771493788469,0.000471283993706,6.97251834551,1,1.3105735252,0
202,1,stable,-0.00353639080509,0.0142742602974,0.000709007908413,9.74751834551,1,1.5985735252,0
202,1,fragile,-0.00353639080509,0.0142742602974,0.000709007908413,9.74751834551,1,1.5985735252,0
202,2,stable,-0.00355150324073,0.0277860125086,0.00126945787595,15.2975183455,1,2.1745735252,0
202,2,fragile,-0.00368322014894,0.0683157046159,0.00205234620818,29.9336375507,0.421585735584,2.64492432412,0.99936747086
202,4,stable,-0.00358200256486,0.0542564220959,0.00245253519414,26.3975183455,0.976357867756,3.3265735252,0.051428423648
202,4,fragile,-0.00377607878887,0.16898929705,0.00708246801318,113.89482868,0.2,6.7377362848,0.999999999979
203,0,stable,-0.000694408853912,0.00264170555377,0.000330536483434,5.03867982689,1,1.11870626593,0
203,0,fragile,-0.000694408853912,0.00264170555377,0.000330536483434,5.03867982689,1,1.11870626593,0
203,0.5,stable,-0.000701986651309,0.00627494927491,0.000430103844758,7.1165055693,1,1.32702920792,0
203,0.5,fragile,-0.000701986651309,0.00627494927491,0.000430103844758,7.1165055693,1,1.32702920792,0
203,1,stable,-0.000709564391243,0.0131091509416,0.000665791925626,9.8915055693,1,1.61502920792,0
203,1,fragile,-0.000709564391243,0.0131091509416,0.000665791925626,9.8915055693,1,1.61502920792,0
203,2,stable,-0.000724719698725,0.0266368737908,0.00122781183078,15.4415055693,1,2.19102920792,0
203,2,fragile,-0.000853255078431,0.0675709557946,0.00208605191108,30.1385799577,0.419803604857,2.66949453402,0.999217382909
203,4,stable,-0.000755290580175,0.0531385709063,0.00241288737329,26.5415055693,0.978318942823,3.34302920792,0.0487990639866
203,4,fragile,-0.000949357365381,0.168029401032,0.00704694326254,113.012059229,0.2,6.68512601124,0.999999999967
204,0,stable,-0.0028564426099,0.00372451391638,0.000343782025194,4.96320723591,1,1.11008082696,0
204,0,fragile,-0.0028564426099,0.00372451391638,0.000343782025194,4.96320723591,1,1.11008082696,0
204,0.5,stable,-0.00286400401246,0.00654382758119,0.000434751525754,7.36813453241,1,1.3557868037,0
204,0.5,fragile,-0.00286400401246,0.00654382758119,0.000434751525754,7.36813453241,1,1.3557868037,0
204,1,stable,-0.00287156535768,0.0131444001908,0.000665121280672,10.1431345324,1,1.6437868037,0
204,1,fragile,-0.00287156535768,0.0131444001908,0.000665121280672,10.1431345324,1,1.6437868037,0
204,2,stable,-0.0028866878761,0.0266716398639,0.00122343983808,15.6931345324,1,2.2197868037,0
204,2,fragile,-0.00301879622951,0.0746765344193,0.00233261379808,34.477205885,0.363052753035,2.79702479137,0.999748721772
204,4,stable,-0.00291734610445,0.0531723904056,0.00240647957691,26.7931345324,0.971791334726,3.3717868037,0.0752677508309
204,4,fragile,-0.00311028662952,0.171517959286,0.00725124550711,113.679223749,0.2,6.75101083753,0.999999999992
205,0,stable,-0.00256412026659,0.00273069842454,0.000338121865793,4.88621174291,1,1.10128134205,0
205,0,fragile,-0.00256412026659,0.00273069842454,0.000338121865793,4.88621174291,1,1.10128134205,0
205,0.5,stable,-0.00257168388584,0.00667688743313,0.000439331925841,6.80656090288,1,1.29160696033,0
205,0.5,fragile,-0.00257168388584,0.00667688743313,0.000439331925841,6.80656090288,1,1.29160696033,0
205,1,stable,-0.00257924744775,0.0134199961321,0.000673983164892,9.55006090288,1,1.57600696033,0
205,1,fragile,-0.00257924744775,0.0134199961321,0.000673983164892,9.55006090288,1,1.57600696033,0
205,2,stable,-0.00259437439949,0.0269434580972,0.00123466541995,15.0370609029,1,2.14480696033,0
205,2,fragile,-0.00272582665392,0.0665944903817,0.00200896021019,30.0072113683,0.43054684417,2.64790600903,0.999224666164
205,4,stable,-0.00262489463747,0.0534368078608,0.00241908899199,26.0110609029,0.977450716796,3.28240696033,0.049955060864
205,4,fragile,-0.00281919621495,0.168554189919,0.00710213318563,114.631551328,0.2,6.83517810136,0.999999999973
206,0,stable,0.00198379760568,0.00145422481762,0.000321361542439,4.952694691,1,1.10887939326,0
206,0,fragile,0.00198379760568,0.00145422481762,0.000321361542439,4.952694691,1,1.10887939326,0
206,0.5,stable,0.00197619949927,0.00741079644894,0.000460259251966,7.10135277873,1,1.32529746043,0
206,0.5,fragile,0.00197619949927,0.00741079644894,0.000460259251966,7.10135277873,1,1.32529746043,0
206,1,stable,0.00196860145048,0.0142371864894,0.000709195697703,9.84485277873,1,1.60969746043,0
206,1,fragile,0.00196860145048,0.0142371864894,0.000709195697703,9.84485277873,1,1.60969746043,0
206,2,stable,0.00195340552576,0.0277494468868,0.00127783501148,15.3318527787,1,2.17849746043,0
206,2,fragile,0.00182029552407,0.0768831805933,0.00244605090476,35.3062657531,0.341786790038,2.93938301277,0.999796539802
206,4,stable,0.00192255466598,0.0542208520439,0.00246472905315,26.3932601271,0.963857310506,3.32608687167,0.0827608032248
206,4,fragile,0.00172730406962,0.174567155969,0.00747271790079,112.646760157,0.2,6.89165110495,0.999999999996
207,0,stable,0.00115085269195,0.00130448348055,0.000334630287456,4.83528271767,1,1.09546088202,0
207,0,fragile,0.00115085269195,0.00130448348055,0.000334630287456,4.83528271767,1,1.09546088202,0
207,0.5,stable,0.00114326090182,0.00680477285502,0.00044903642866,7.08802892674,1,1.32377473448,0
207,0.5,fragile,0.00114326090182,0.00680477285502,0.00044903642866,7.08802892674,1,1.32377473448,0
207,1,stable,0.00113566916925,0.013635330736,0.000688363726385,9.83152892674,1,1.60817473448,0
207,1,fragile,0.00113566916925,0.013635330736,0.000688363726385,9.83152892674,1,1.60817473448,0
207,2,stable,0.00112048587683,0.0271558410201,0.00125137136477,15.3185289267,1,2.17697473448,0
207,2,fragile,0.000990501300002,0.071309098821,0.00222052348571,32.1871519074,0.390379640597,2.7589605221,0.999438233426
207,4,stable,0.00108973295211,0.0536434082472,0.00243626147871,26.2925289267,0.97390005863,3.31457473448,0.0704359229389
207,4,fragile,0.000895685029638,0.170519667771,0.00718200809843,113.780300289,0.2,6.76054598278,0.999999999979
208,0,stable,-0.000155057201697,0.00236082496766,0.00036925891782,5.05320240035,1,1.12036598861,0
208,0,fragile,-0.000155057201697,0.00236082496766,0.00036925891782,5.05320240035,1,1.12036598861,0
208,0.5,stable,-0.000162639089031,0.00730713167572,0.00048939068366,7.02075755254,1,1.31608657743,0
208,0.5,fragile,-0.000162639089031,0.00730713167572,0.00048939068366,7.02075755254,1,1.31608657743,0
208,1,stable,-0.000170220918872,0.0141342346558,0.000724713015389,9.76425755254,1,1.60048657743,0
208,1,fragile,-0.000170220918872,0.0141342346558,0.000724713015389,9.76425755254,1,1.60048657743,0
208,2,stable,-0.000185384406076,0.0276479062567,0.00128229647243,15.2512575525,1,2.16928657743,0
208,2,fragile,-0.000316804292201,0.0670758839787,0.00205330036633,29.7671932006,0.429212860113,2.6402184396,0.998761776496
208,4,stable,-0.000215971418801,0.0541220760543,0.00246354983458,26.2439538485,0.977134270387,3.30902329697,0.0487559468456
208,4,fragile,-0.000410777920539,0.169257581233,0.00713507248335,114.416436229,0.2,6.8329418333,0.999999999957
209,0,stable,0.00160293108189,0.00051505086683,0.000308065092186,4.83753820389,1,1.09571865187,0
209,0,fragile,0.00160293108189,0.00051505086683,0.000308065092186,4.83753820389,1,1.09571865187,0
209,0.5,stable,0.00159533586362,0.00593348062917,0.000411071331468,7.07679912483,1,1.32249132855,0
209,0.5,fragile,0.00159533586362,0.00593348062917,0.000411071331468,7.07679912483,1,1.32249132855,0
209,1,stable,0.00158774070295,0.0127700306976,0.000652387767086,9.82029912483,1,1.60689132855,0
209,1,fragile,0.00158774070295,0.0127700306976,0.000652387767086,9.82029912483,1,1.60689132855,0
209,2,stable,0.00157255055437,0.0263024020088,0.00121923499724,15.3076436038,1,2.17573069758,0
209,2,fragile,0.00144207839038,0.072105914109,0.00227348511078,33.3713958928,0.377757917101,2.78189363708,0.99954522905
209,4,stable,0.00154177112911,0.0528132057666,0.0024066807569,26.4076436038,0.971254625288,3.32773069758,0.0726299841152
209,4,fragile,0.00134788528842,0.171181702972,0.00725353386456,112.023476503,0.2,6.66598628502,0.999999999986
210,0,stable,0.00205174663324,0.00140827500762,0.000324497640173,4.97975245302,1,1.11197170892,0
210,0,fragile,0.00205174663324,0.00140827500762,0.000324497640173,4.97975245302,1,1.11197170892,0
210,0.5,stable,0.00204414801157,0.00708480999925,0.000447853676388,6.85448322132,1,1.29708379672,0
210,0.5,fragile,0.00204414801157,0.00708480999925,0.000447853676388,6.85448322132,1,1.29708379672,0
210,1,stable,0.00203654944753,0.0139134419648,0.000691665911397,9.62948322132,1,1.58508379672,0
210,1,fragile,0.00203654944753,0.0139134419648,0.000691665911397,9.62948322132,1,1.58508379672,0
210,2,stable,0.00202135249229,0.0274301400629,0.00125766578618,15.1794832213,1,2.16108379672,0
210,2,fragile,0.00188931718095,0.0674233817792,0.0020505877886,29.914105033,0.42263956444,2.65067199834,0.999114526327
210,4,stable,0.00199068639121,0.053910238967,0.00244430907406,26.2794832213,0.976068710553,3.31308379672,0.0507796003938
210,4,fragile,0.00179576995852,0.16898559822,0.00710514978324,114.019893297,0.2,6.77440831054,0.999999999969
211,0,stable,-0.000112971204891,0.00221048194211,0.000326297616555,4.89150474286,1,1.10188625633,0
211,0,fragile,-0.000112971204891,0.00221048194211,0.000326297616555,4.89150474286,1,1.10188625633,0
211,0.5,stable,-0.000120553411368,0.00753758479555,0.000458074223308,7.2189359024,1,1.3387355317,0
211,0.5,fragile,-0.000120553411368,0.00753758479555,0.000458074223308,7.2189359024,1,1.3387355317,0
211,1,stable,-0.000128135560345,0.0143631028674,0.000704094080437,9.8764409024,1,1.6133075317,0
211,1,fragile,-0.000128135560345,0.0143631028674,0.000704094080437,9.8764409024,1,1.6133075317,0
211,2,stable,-0.000143299685818,0.0278736372766,0.00127092300942,15.1914509024,1,2.1624515317,0
211,2,fragile,-0.000276355193785,0.0702846914401,0.00214842572372,31.8047647974,0.402739331528,2.72012599541,0.999401070945
211,4,stable,-0.00017401704686,0.0543416611098,0.00245737623597,25.9699078343,0.973030932632,3.27770375249,0.071002269901
211,4,fragile,-0.000368671973776,0.17020438583,0.00718228662748,114.994437683,0.2,6.86081372705,0.99999999998
212,0,stable,0.000612317367175,0.0018590968375,0.000366572807416,5.02498273696,1,1.11714088422,0
212,0,fragile,0.000612317367175,0.0018590968375,0.000366572807416,5.02498273696,1,1.11714088422,0
212,0.5,stable,0.00060472966079,0.00535171976145,0.000434771240916,6.74852690355,1,1.28497450326,0
212,0.5,fragile,0.00060472966079,0.00535171976145,0.000434771240916,6.74852690355,1,1.28497450326,0
212,1,stable,0.000597142011942,0.0121922708069,0.000652863738675,9.52352690355,1,1.57297450326,0
212,1,fragile,0.000597142011942,0.0121922708069,0.000652863738675,9.52352690355,1,1.57297450326,0
212,2,stable,0.000581966886863,0.025732561713,0.00120345543401,15.0735269035,1,2.14897450326,0
212,2,fragile,0.000452739968572,0.0692516615261,0.00215598240961,31.4004538483,0.39990408058,2.72932301274,0.999510545137
212,4,stable,0.000551235653497,0.0522588804769,0.00238265326134,26.1735269035,0.97441052419,3.30097450326,0.0695466640906
212,4,fragile,0.000357776831127,0.169449359485,0.0071586952542,112.873753915,0.2,6.69873358405,0.999999999981
213,0,stable,-8.0027957209e-05,0.00202994584948,0.000302994181536,4.99000674913,1,1.11314362847,0
213,0,fragile,-8.0027957209e-05,0.00202994584948,0.000302994181536,4.99000674913,1,1.11314362847,0
213,0.5,stable,-8.76104134953e-05,0.00691268342687,0.000422166215593,6.98073515892,1,1.31151258959,0
213,0.5,fragile,-8.76104134953e-05,0.00691268342687,0.000422166215593,6.98073515892,1,1.31151258959,0
213,1,stable,-9.51928122841e-05,0.0137424991683,0.000668728475309,9.72423515892,1,1.59591258959,0
213,1,fragile,-9.51928122841e-05,0.0137424991683,0.000668728475309,9.72423515892,1,1.59591258959,0
213,2,stable,-0.000110357437368,0.0272615404503,0.00123806645846,15.2112351589,1,2.16471258959,0
213,2,fragile,-0.000243122496877,0.0748932811146,0.0023613013119,34.8344940872,0.358913968844,2.88251466283,0.999783549274
213,4,stable,-0.000141120568685,0.0537462298055,0.00242635407077,26.2202460258,0.9677215469,3.30631383152,0.0786400783695
213,4,fragile,-0.000334933669182,0.172160121379,0.00730183343823,113.551235324,0.2,6.73321308335,0.999999999994
214,0,stable,-0.00153536019818,0.00315184562831,0.000271294686322,4.69537263738,1,1.07947115856,0
214,0,fragile,-0.00153536019818,0.00315184562831,0.000271294686322,4.69537263738,1,1.07947115856,0
214,0.5,stable,-0.00154293161859,0.00742107998575,0.000419122412218,7.43887263738,1,1.36387115856,0
214,0.5,fragile,-0.00154293161859,0.00742107998575,0.000419122412218,7.43887263738,1,1.36387115856,0
214,1,stable,-0.00155050298158,0.0142473993027,0.000678440127482,10.1823726374,1,1.64827115856,0
214,1,fragile,-0.00155050298158,0.0142473993027,0.000678440127482,10.1823726374,1,1.64827115856,0
214,2,stable,-0.00156564553533,0.0277595197088,0.00125585814827,15.6693726374,1,2.21707115856,0
214,2,fragile,-0.00169538252628,0.0715209098741,0.00221339702191,32.2541696447,0.390703082414,2.7852027616,0.99959294253
214,4,stable,-0.001596317792,0.0542306506138,0.00244836155314,26.6433726374,0.972653908317,3.35467115856,0.070781641418
214,4,fragile,-0.00178975109378,0.170621937868,0.00716955407571,113.401757058,0.2,6.72914389859,0.999999999985
215,0,stable,-0.000774249448897,0.00249561178033,0.000307783809104,4.97166904809,1,1.11104789121,0
215,0,fragile,-0.000774249448897,0.00249561178033,0.000307783809104,4.97166904809,1,1.11104789121,0
215,0.5,stable,-0.000781826640858,0.00583130109353,0.000386855806648,6.82831982402,1,1.29409369417,0
215,0.5,fragile,-0.000781826640858,0.00583130109353,0.000386855806648,6.82831982402,1,1.29409369417,0
215,1,stable,-0.000789403775361,0.012668553887,0.000622204610789,9.48582482402,1,1.56866569417,0
215,1,fragile,-0.000789403775361,0.012668553887,0.000622204610789,9.48582482402,1,1.56866569417,0
215,2,stable,-0.000804557871993,0.0262023161831,0.00118733515254,14.8979799356,1,2.12891199264,0
215,2,fragile,-0.000935226637328,0.0708773745477,0.00217715308453,32.2653824989,0.389455429683,2.75729931737,0.999663152013
215,4,stable,-0.000835143167711,0.0527158449714,0.00237506242489,25.9979799356,0.974726619499,3.28091199264,0.0517862592979
215,4,fragile,-0.00102923470758,0.169005192809,0.00712029078805,113.980405207,0.2,6.7771100256,0.999999999988
216,0,stable,0.000642525924302,0.00132090763927,0.000326159490073,4.79397216196,1,1.09073967565,0
216,0,fragile,0.000642525924302,0.00132090763927,0.000326159490073,4.79397216196,1,1.09073967565,0
216,0.5,stable,0.000634937988846,0.00630037235271,0.000438172604607,7.06645306582,1,1.32130892181,0
216,0.5,fragile,0.000634937988846,0.00630037235271,0.000438172604607,7.06645306582,1,1.32130892181,0
216,1,stable,0.000627350110926,0.0131343991758,0.000678354678947,9.72395806582,1,1.59588092181,0
216,1,fragile,0.000627350110926,0.0131343991758,0.000678354678947,9.72395806582,1,1.59588092181,0
216,2,stable,0.000612174527707,0.026661775937,0.00124264581043,15.1550132563,1,2.15828722929,0
216,2,fragile,0.000483558050775,0.0693233078756,0.00219486146954,31.9690096738,0.398399133035,2.814071011,0.999458943132
216,4,stable,0.000581424940177,0.0531627950433,0.0024278887198,26.1674831938,0.970644932279,3.30028379358,0.072609227586
216,4,fragile,0.000387634188527,0.170596635516,0.00722249201144,111.916065227,0.2,6.66654015005,0.999999999983
217,0,stable,-0.00132132856188,0.00355842479303,0.000297118565335,4.89806864523,1,1.1026364166,0
217,0,fragile,-0.00132132856188,0.00355842479303,0.000297118565335,4.89806864523,1,1.1026364166,0
217,0.5,stable,-0.0013289016053,0.00819622264022,0.00045653647708,7.12250648918,1,1.32771502734,0
217,0.5,fragile,-0.0013289016053,0.00819622264022,0.00045653647708,7.12250648918,1,1.32771502734,0
217,1,stable,-0.0013364745913,0.0150172110246,0.000714930967647,9.78001148918,1,1.60228702734,0
217,1,fragile,-0.0013364745913,0.0150172110246,0.000714930967647,9.78001148918,1,1.60228702734,0
217,2,stable,-0.00135162039102,0.0285187793016,0.00129003551012,15.1600612391,1,2.15886414161,0
217,2,fragile,-0.00148369438175,0.0694313861411,0.00210242879478,30.4039189014,0.415490833628,2.68568747149,0.999236603088
217,4,stable,-0.00138218793518,0.0549692378931,0.00248116018598,26.2600612391,0.974426697642,3.31086414161,0.0516173819423
217,4,fragile,-0.00157698623016,0.169947542571,0.00714395807652,114.782781439,0.2,6.84247929938,0.999999999974
218,0,stable,0.00034301063648,0.00331912249983,0.000340016486103,4.89397428245,1,1.10216848942,0
218,0,fragile,0.00034301063648,0.00331912249983,0.000340016486103,4.89397428245,1,1.10216848942,0
218,0.5,stable,0.000335424972263,0.00740738311859,0.000462449685733,7.38980735945,1,1.35826369822,0
218,0.5,fragile,0.000335424972263,0.00740738311859,0.000462449685733,7.38980735945,1,1.35826369822,0
218,1,stable,0.000327839365573,0.0142337966338,0.000703322709292,9.88564043645,1,1.61435890702,0
218,1,fragile,0.000327839365573,0.0142337966338,0.000703322709292,9.88564043645,1,1.61435890702,0
218,2,stable,0.000312668324753,0.0277461034973,0.00126646474022,14.9698400079,1,2.13712457233,0
218,2,fragile,0.000182768079691,0.0702541469433,0.0021831179935,31.2390071185,0.397904345041,2.84970759484,0.99954457028
218,4,stable,0.000282040851877,0.0542175996847,0.00245073642339,26.0698400079,0.971702000856,3.28912457233,0.053213044392
218,4,fragile,8.74143991272e-05,0.169281764818,0.00711958287344,113.833999553,0.2,6.75133000959,0.999999999983
219,0,stable,0.003397937404,0.000992531264318,0.000332930036738,4.92495448427,1,1.10570908392,0
219,0,fragile,0.003397937404,0.000992531264318,0.000332930036738,4.92495448427,1,1.10570908392,0
219,0.5,stable,0.00339032857408,0.00774809590578,0.000481436737077,7.41545415636,1,1.36119476073,0
219,0.5,fragile,0.00339032857408,0.00774809590578,0.000481436737077,7.41545415636,1,1.36119476073,0
219,1,stable,0.00338271980186,0.0145721662176,0.00073162481834,10.0729591564,1,1.63576676073,0
219,1,fragile,0.00338271980186,0.0145721662176,0.00073162481834,10.0729591564,1,1.63576676073,0
219,2,stable,0.00336750243051,0.0280798349086,0.00129997146988,15.3879691564,1,2.18491076073,0
219,2,fragile,0.00323779608106,0.0711690115177,0.00227278336365,33.3109766197,0.389573181929,2.88249897185,0.999569063963
219,4,stable,0.00333663533427,0.0545422446117,0.00248619179311,26.0558563638,0.966473979946,3.28752644158,0.0781907970555
219,4,fragile,0.00314168016897,0.17240518152,0.00731979913471,113.181240517,0.2,6.71155605721,0.999999999988
220,0,stable,-0.00134786232899,0.00238578226185,0.000292715649673,4.69901995633,1,1.07988799501,0
220,0,fragile,-0.00134786232899,0.00238578226185,0.000292715649673,4.69901995633,1,1.07988799501,0
220,0.5,stable,-0.0013554351712,0.00596647060876,0.000389447032182,6.75697952883,1,1.28594051758,0
220,0.5,fragile,-0.0013554351712,0.00596647060876,0.000389447032182,6.75697952883,1,1.28594051758,0
220,1,stable,-0.001363007956,0.0128027937933,0.00063262164897,9.33362892637,1,1.5512718773,0
220,1,fragile,-0.001363007956,0.0128027937933,0.00063262164897,9.33362892637,1,1.5512718773,0
220,2,stable,-0.00137815335331,0.0263347160072,0.00120206336445,14.6486389264,1,2.1004158773,0
220,2,fragile,-0.00150985949185,0.0656409843923,0.00199420301383,30.0245779422,0.432882809783,2.62061315148,0.998905080542
220,4,stable,-0.00140870138945,0.0528446399538,0.00239173866038,25.7318374798,0.97836811005,3.25049571198,0.0483012761752
220,4,fragile,-0.00160376862092,0.167319282897,0.0070453297518,114.057084991,0.2,6.77425660288,0.999999999959
221,0,stable,-0.00100751373814,0.00285259134158,0.000272254964926,4.71860353811,1,1.08212611864,0
221,0,fragile,-0.00100751373814,0.00285259134158,0.000272254964926,4.71860353811,1,1.08212611864,0
221,0.5,stable,-0.00101508916125,0.00734487341371,0.000417040232648,7.01293860923,1,1.31519298391,0
221,0.5,fragile,-0.00101508916125,0.00734487341371,0.000417040232648,7.01293860923,1,1.31519298391,0
221,1,stable,-0.00102266452691,0.0141717168304,0.000675482765084,9.75643860923,1,1.59959298391,0
221,1,fragile,-0.00102266452691,0.0141717168304,0.000675482765084,9.75643860923,1,1.59959298391,0
221,2,stable,-0.00103781508589,0.0276848746476,0.00125245744365,15.2434386092,1,2.16839298391,0
221,2,fragile,-0.00116995995909,0.0683622443689,0.00206961317097,30.1246006393,0.419901995189,2.63926513831,0.999065017458
221,4,stable,-0.0010683800505,0.0541580379091,0.00244539658814,26.2395580356,0.977167828683,3.30852091836,0.0494565687963
221,4,fragile,-0.00126316469274,0.169113014103,0.00711259333608,114.450374799,0.2,6.81985729687,0.999999999967
222,0,stable,0.00181711603389,0.00150660212537,0.000329891800517,4.80619350945,1,1.09213640108,0
222,0,fragile,0.00181711603389,0.00150660212537,0.000329891800517,4.80619350945,1,1.09213640108,0
222,0.5,stable,0.00180951919145,0.00617664273928,0.000421638265109,6.60583985087,1,1.26866741153,0
222,0.5,fragile,0.00180951919145,0.00617664273928,0.000421638265109,6.60583985087,1,1.26866741153,0
222,1,stable,0.0018019224066,0.0130115204951,0.000655197431099,9.26334485087,1,1.54323941153,0
222,1,fragile,0.0018019224066,0.0130115204951,0.000655197431099,9.26334485087,1,1.54323941153,0
222,2,stable,0.00178672900974,0.0265405816054,0.00121653492742,14.7818726508,1,2.11564258866,0
222,2,fragile,0.00165571190206,0.0716107154393,0.00222790260686,32.599237859,0.382690515718,2.77879195862,0.999584933408
222,4,stable,0.00175595423129,0.0530449004622,0.00240131314752,25.8818726508,0.973642793996,3.26764258866,0.0706785442017
222,4,fragile,0.00156168390155,0.169826735336,0.00716625240358,113.941049156,0.2,6.77065750036,0.999999999984
223,0,stable,0.0014897390144,0.00157068713977,0.000369509123695,4.94135295367,1,1.10758319471,0
223,0,fragile,0.0014897390144,0.00157068713977,0.000369509123695,4.94135295367,1,1.10758319471,0
223,0.5,stable,0.00148214465447,0.00827410311882,0.000521150500809,7.34216780409,1,1.35281917761,0
223,0.5,fragile,0.00148214465447,0.00827410311882,0.000521150500809,7.34216780409,1,1.35281917761,0
223,1,stable,0.00147455035213,0.0150945558914,0.000767602316992,10.0097513619,1,1.62854301279,0
223,1,fragile,0.00147455035213,0.0150945558914,0.000767602316992,10.0097513619,1,1.62854301279,0
223,2,stable,0.00145936192022,0.0285950639701,0.00133120551525,15.5188110761,1,2.19986412298,0
223,2,fragile,0.00132742755552,0.0750387277779,0.00242016751504,34.7954797842,0.359052437202,2.98895738185,0.999684369103
223,4,stable,0.00142851412295,0.0550434455637,0.00251416174485,26.6188110761,0.963215624294,3.35186412298,0.0847800364586
223,4,fragile,0.00123372874026,0.174793742192,0.0074830045416,113.481409552,0.2,6.87959441312,0.999999999993
224,0,stable,0.00200429206905,0.00101533396941,0.000321315126878,4.77093381171,1,1.08810672134,0
224,0,fragile,0.00200429206905,0.00101533396941,0.000321315126878,4.77093381171,1,1.08810672134,0
224,0.5,stable,0.00199669380724,0.00679902171306,0.000436111605322,7.0721072538,1,1.32195511472,0
224,0.5,fragile,0.00199669380724,0.00679902171306,0.000436111605322,7.0721072538,1,1.32195511472,0
224,1,stable,0.00198909560304,0.0136296191466,0.000678010231775,9.7296122538,1,1.59652711472,0
224,1,fragile,0.00198909560304,0.0136296191466,0.000678010231775,9.7296122538,1,1.59652711472,0
224,2,stable,0.00197389936749,0.027150207722,0.00124353159198,15.2788259869,1,2.17243725565,0
224,2,fragile,0.00184232800252,0.0736438545287,0.00230599537017,33.4286214064,0.370453654392,2.86339513362,0.999688445162
224,4,stable,0.00194309264787,0.0536379283265,0.002429617344,26.3788259869,0.969568528096,3.32443725565,0.0751696640752
224,4,fragile,0.00174889510842,0.171160732663,0.00724502441891,113.635372367,0.2,6.74583837482,0.99999999999
225,0,stable,0.000351939975207,0.00235152629798,0.000302296119697,5.00523473935,1,1.11488397021,0
225,0,fragile,0.000351939975207,0.00235152629798,0.000302296119697,5.00523473935,1,1.11488397021,0
225,0.5,stable,0.000344354243281,0.00774876573284,0.000451500892525,6.96333237189,1,1.30952369964,0
225,0.5,fragile,0.000344354243281,0.00774876573284,0.000451500892525,6.96333237189,1,1.30952369964,0
225,1,stable,0.000336768568877,0.014572831438,0.000706312812057,9.73833237189,1,1.59752369964,0
225,1,fragile,0.000336768568877,0.014572831438,0.000706312812057,9.73833237189,1,1.59752369964,0
225,2,stable,0.000321597392638,0.0280804910106,0.00127929320924,15.2883323719,1,2.17352369964,0
225,2,fragile,0.000187722578389,0.0775414156896,0.00247200926991,36.0922438752,0.337488847553,2.97900776534,0.999842401805
225,4,stable,0.000290672409975,0.05454288285,0.00246849363424,26.3883323719,0.962032623595,3.32552369964,0.102854838763
225,4,fragile,9.56586544956e-05,0.175540123955,0.00753041332352,113.945726631,0.2,6.90871641627,0.999999999998
226,0,stable,0.000646805714594,0.000996535219889,0.000323426325048,5.03855602203,1,1.1186921168,0
226,0,fragile,0.000646805714594,0.000996535219889,0.000323426325048,5.03855602203,1,1.1186921168,0
226,0.5,stable,0.000639217746682,0.00724849920437,0.000450211519365,6.91454399845,1,1.30394788554,0
226,0.5,fragile,0.000639217746682,0.00724849920437,0.000450211519365,6.91454399845,1,1.30394788554,0
226,1,stable,0.000631629836311,0.0139351216753,0.000695220006302,9.65804399845,1,1.58834788554,0
226,1,fragile,0.000631629836311,0.0139351216753,0.000695220006302,9.65804399845,1,1.58834788554,0
226,2,stable,0.000616454188185,0.0274515226005,0.00126185403626,15.1450439985,1,2.15714788554,0
226,2,fragile,0.000486751919855,0.0705497440564,0.00221528597188,32.0669579124,0.397334692891,2.80902738823,0.999471949334
226,4,stable,0.000585698432052,0.0539310393237,0.00244835113156,26.2435977069,0.972144836319,3.30898259508,0.0735699689992
226,4,fragile,0.000391746382718,0.170543298856,0.00719777026294,113.959206271,0.2,6.75932424272,0.99999999998
227,0,stable,-0.00256774836098,0.0027805438568,0.000310977494089,4.83098116849,1,1.0949692764,0
227,0,fragile,-0.00256774836098,0.0027805438568,0.000310977494089,4.83098116849,1,1.0949692764,0
227,0.5,stable,-0.00257531195272,0.00624390024651,0.000405148014041,7.22447737931,1,1.33936884335,0
227,0.5,fragile,-0.00257531195272,0.00624390024651,0.000405148014041,7.22447737931,1,1.33936884335,0
227,1,stable,-0.00258287548711,0.0130783154485,0.000643535115819,9.99947737931,1,1.62736884335,0
227,1,fragile,-0.00258287548711,0.0130783154485,0.000643535115819,9.99947737931,1,1.62736884335,0
227,2,stable,-0.00259800238383,0.0266064609726,0.00120904357696,15.5494773793,1,2.20336884335,0
227,2,fragile,-0.00273094070942,0.0686384882592,0.0020546199416,30.5292879779,0.415489421932,2.60168595938,0.999257605333
227,4,stable,-0.00262850901556,0.0531089861359,0.00239668201379,26.6494773793,0.979441061669,3.35536884335,0.0475680040621
227,4,fragile,-0.00282267115824,0.167914410345,0.00705283785515,114.019414695,0.2,6.793701694,0.999999999974
228,0,stable,0.00194013040714,0.000536106526357,0.000325450546986,4.9851664213,1,1.11259044815,0
228,0,fragile,0.00194013040714,0.000536106526357,0.000325450546986,4.9851664213,1,1.11259044815,0
228,0.5,stable,0.00193253263187,0.00682437494618,0.000444610069011,6.95822123092,1,1.30893956925,0
228,0.5,fragile,0.00193253263187,0.00682437494618,0.000444610069011,6.95822123092,1,1.30893956925,0
228,1,stable,0.00192493491421,0.0136547980165,0.000687017313433,9.45405430792,1,1.56503477805,0
228,1,fragile,0.00192493491421,0.0136547980165,0.000687017313433,9.45405430792,1,1.56503477805,0
228,2,stable,0.00190973965173,0.0271750414546,0.00125231226202,14.8226430022,1,2.1203020574,0
228,2,fragile,0.00177834340415,0.0662992332816,0.00203514820445,30.0862332211,0.426776535892,2.69469542888,0.998926468151
228,4,stable,0.00187907072687,0.0536620859126,0.00243867565996,25.9226430022,0.974780510986,3.2723020574,0.0518791579506
228,4,fragile,0.0016839553694,0.16925866343,0.00714592168079,114.446704038,0.2,6.80731894938,0.999999999964
229,0,stable,0.000795823581145,0.00210823892881,0.000306133326154,5.04190072896,1,1.11907436902,0
229,0,fragile,0.000795823581145,0.00210823892881,0.000306133326154,5.04190072896,1,1.11907436902,0
229,0.5,stable,0.000788234483222,0.00702096432377,0.000431189625458,7.02792705919,1,1.31690594962,0
229,0.5,fragile,0.000788234483222,0.00702096432377,0.000431189625458,7.02792705919,1,1.31690594962,0
229,1,stable,0.000780645442848,0.0138500353789,0.000678738530939,9.68543205919,1,1.59147794962,0
229,1,fragile,0.000780645442848,0.0138500353789,0.000678738530939,9.68543205919,1,1.59147794962,0
229,2,stable,0.00076546753474,0.0273676026173,0.00124814776994,15.0303393555,1,2.14403878348,0
229,2,fragile,0.000636075444825,0.070094137458,0.00216625721155,31.4393843995,0.399187679102,2.78285703496,0.999468752906
229,4,stable,0.000734830286015,0.0538494042246,0.0024367043723,26.1159840713,0.973633472945,3.29439817957,0.0524771174665
229,4,fragile,0.000540546265279,0.169256334452,0.00711305612054,113.587805064,0.2,6.73787575935,0.99999999998
230,0,stable,-0.000194899958861,0.00132580405787,0.000319906535267,5.04028445228,1,1.11888965169,0
230,0,fragile,-0.000194899958861,0.00132580405787,0.000319906535267,5.04028445228,1,1.11888965169,0
230,0.5,stable,-0.000202481544067,0.00658822461477,0.000434692314852,6.86944588432,1,1.29879381535,0
230,0.5,fragile,-0.000202481544067,0.00658822461477,0.000434692314852,6.86944588432,1,1.29879381535,0
230,1,stable,-0.000210063071778,0.0134202717752,0.000676852455439,9.54049816923,1,1.57491407648,0
230,1,fragile,-0.000210063071778,0.0134202717752,0.000676852455439,9.54049816923,1,1.57491407648,0
230,2,stable,-0.000225225954732,0.0269437299619,0.00124263300447,15.0904981692,1,2.15091407648,0
230,2,fragile,-0.000354801026276,0.0704793958184,0.00220232678496,32.3133059185,0.396982648008,2.78286496958,0.999375742988
230,4,stable,-0.000255940559592,0.0534370723235,0.00242896128176,26.1904981692,0.972673328577,3.30291407648,0.0709737284404
230,4,fragile,-0.000449816508501,0.169649930041,0.00716774593947,113.843132512,0.2,6.76820334392,0.999999999978
231,0,stable,-0.00282306196769,0.00431028255361,0.000307063143914,4.96170075446,1,1.10990865765,0
231,0,fragile,-0.00282306196769,0.00431028255361,0.000307063143914,4.96170075446,1,1.10990865765,0
231,0.5,stable,-0.00283062362337,0.00752604574578,0.000443364220547,7.18726532313,1,1.33511603693,0
231,0.5,fragile,-0.00283062362337,0.00752604574578,0.000443364220547,7.18726532313,1,1.33511603693,0
231,1,stable,-0.00283818522172,0.0143516431757,0.000693837524447,9.96226532313,1,1.62311603693,0
231,1,fragile,-0.00283818522172,0.0143516431757,0.000693837524447,9.96226532313,1,1.62311603693,0
231,2,stable,-0.00285330824639,0.0278623346677,0.00126441754517,15.5122653231,1,2.19911603693,0
231,2,fragile,-0.00298496709626,0.0672979476713,0.00201887146458,29.5717916662,0.433213008167,2.61087677642,0.998980798603
231,4,stable,-0.00288380163,0.0543306662363,0.00245361643102,26.6122653231,0.979367377353,3.35111603693,0.0466173819827
231,4,fragile,-0.00307882679452,0.169007695051,0.00708960784484,114.710488142,0.2,6.8624832326,0.999999999966
232,0,stable,-0.000697736074348,0.00168293757607,0.000335565463787,5.08402941409,1,1.1238890759,0
232,0,fragile,-0.000697736074348,0.00168293757607,0.000335565463787,5.08402941409,1,1.1238890759,0
232,0.5,stable,-0.000705313846515,0.00703402012869,0.000454629106545,7.52784171223,1,1.37403905283,0
232,0.5,fragile,-0.000705313846515,0.00703402012869,0.000454629106545,7.52784171223,1,1.37403905283,0
232,1,stable,-0.000712891561217,0.0138630013943,0.000695216289443,10.3028417122,1,1.66203905283,0
232,1,fragile,-0.000712891561217,0.0138630013943,0.000695216289443,10.3028417122,1,1.66203905283,0
232,2,stable,-0.000728046818238,0.0273803909022,0.00125867616167,15.8528417122,1,2.23803905283,0
232,2,fragile,-0.000859389734949,0.0740922747564,0.00232028859354,33.420910483,0.371756406739,2.8399530896,0.999603287714
232,4,stable,-0.000758760602036,0.0538618443237,0.00244348849772,26.9528417122,0.971361471068,3.39003905283,0.0734685688661
232,4,fragile,-0.000952179477087,0.171401468763,0.00723672976566,113.408447754,0.2,6.73153606654,0.999999999987
233,0,stable,0.000350494953761,0.00103911462268,0.000320065219328,4.96470288337,1,1.1102517581,0
233,0,fragile,0.000350494953761,0.00103911462268,0.000320065219328,4.96470288337,1,1.1102517581,0
233,0.5,stable,0.000342909232793,0.00662325721557,0.00043019634901,7.08266510588,1,1.32316172639,0
233,0.5,fragile,0.000342909232793,0.00662325721557,0.00043019634901,7.08266510588,1,1.32316172639,0
233,1,stable,0.000335323569348,0.0134550634443,0.000671007208112,9.65699750588,1,1.58822828639,0
233,1,fragile,0.000335323569348,0.0134550634443,0.000671007208112,9.65699750588,1,1.58822828639,0
233,2,stable,0.000320152415022,0.0269780447271,0.00123623544856,15.0045831238,1,2.14109521415,0
233,2,fragile,0.000188242974558,0.0741216520852,0.00232890794107,34.1709102623,0.364725328066,2.82747991763,0.999737489903
233,4,stable,0.000289395669634,0.0534704528028,0.00242232911022,26.1045831238,0.969058251363,3.29309521415,0.0753125711501
233,4,fragile,9.54389728787e-05,0.171757893731,0.00728067935493,113.468459603,0.2,6.74765391773,0.999999999992
234,0,stable,0.000107973693296,0.000147222740487,0.000323775775838,4.91684238568,1,1.10478198693,0
234,0,fragile,0.000107973693296,0.000147222740487,0.000323775775838,4.91684238568,1,1.10478198693,0
234,0.5,stable,0.000100389811381,0.00664290451974,0.000446238354418,7.0009034094,1,1.3138175325,0
234,0.5,fragile,0.000100389811381,0.00664290451974,0.000446238354418,7.0009034094,1,1.3138175325,0
234,1,stable,9.28059869776e-05,0.013474575627,0.00068991391162,9.67618766769,1,1.59042144774,0
234,1,fragile,9.28059869776e-05,0.013474575627,0.00068991391162,9.67618766769,1,1.59042144774,0
234,2,stable,7.76385106902e-05,0.0269972894482,0.00125592600901,15.1631876677,1,2.15922144774,0
234,2,fragile,-5.01493266051e-05,0.0670763611255,0.00210977651668,30.1771933087,0.421631882474,2.76049672982,0.998938135413
234,4,stable,4.70250838651e-05,0.053489173549,0.0024421564071,26.1371876677,0.973754132725,3.29682144774,0.0519976062031
234,4,fragile,-0.0001470946161,0.168272006623,0.00708394112603,112.587678376,0.2,6.63282057584,0.999999999951
235,0,stable,-0.00132046185492,0.00238500782797,0.000319341207622,4.98637499734,1,1.11272857113,0
235,0,fragile,-0.00132046185492,0.00238500782797,0.000319341207622,4.98637499734,1,1.11272857113,0
235,0.5,stable,-0.00132803490492,0.00689726982844,0.000440855553388,7.53225257288,1,1.37454315119,0
235,0.5,fragile,-0.00132803490492,0.00689726982844,0.000440855553388,7.53225257288,1,1.37454315119,0
235,1,stable,-0.00133560789749,0.0137271915747,0.000685042372104,10.3072525729,1,1.66254315119,0
235,1,fragile,-0.00133560789749,0.0137271915747,0.000685042372104,10.3072525729,1,1.66254315119,0
235,2,stable,-0.00135075371036,0.0272464426842,0.00125172112649,15.8572525729,1,2.23854315119,0
235,2,fragile,-0.00148159608641,0.0648496055703,0.00196154316705,28.8861273276,0.447058908599,2.57416032965,0.998755477494
235,4,stable,-0.0013812968618,0.0537315431054,0.0024389774165,26.9572525729,0.979980627514,3.39054315119,0.0472737744976
235,4,fragile,-0.00157567618915,0.16797095928,0.00703854589189,113.502408683,0.2,6.73631172834,0.999999999955
236,0,stable,0.000628164403229,0.000410272882024,0.000330893583027,5.00771930162,1,1.11516792019,0
236,0,fragile,0.000628164403229,0.000410272882024,0.000330893583027,5.00771930162,1,1.11516792019,0
236,0.5,stable,0.000620576576676,0.00631711466044,0.000437450213248,7.03452779615,1,1.31766031956,0
236,0.5,fragile,0.000620576576676,0.00631711466044,0.000437450213248,7.03452779615,1,1.31766031956,0
236,1,stable,0.000612988807662,0.0131510263407,0.00067512179302,9.69203279615,1,1.59223231956,0
236,1,fragile,0.000612988807662,0.0131510263407,0.00067512179302,9.69203279615,1,1.59223231956,0
236,2,stable,0.000597813442245,0.0266781751865,0.00123786380098,15.0070427962,1,2.14137631956,0
236,2,fragile,0.000469913774452,0.0662931016548,0.00208094932988,30.3073790136,0.42279257847,2.78185028615,0.999135496832
236,4,stable,0.000567188498432,0.0531787477914,0.00242271898331,25.7884244591,0.974199537957,3.25696279532,0.0512283290296
236,4,fragile,0.000372801184344,0.168157915875,0.00708253681423,112.9712948,0.2,6.67607652862,0.999999999962
237,0,stable,0.00032323656362,0.000961122354814,0.000328906304529,5.03330136869,1,1.11809158499,0
237,0,fragile,0.00032323656362,0.000961122354814,0.000328906304529,5.03330136869,1,1.11809158499,0
237,0.5,stable,0.000315651049352,0.00694900038585,0.000457906969326,7.09266754073,1,1.3243048618,0
237,0.5,fragile,0.000315651049352,0.00694900038585,0.000457906969326,7.09266754073,1,1.3243048618,0
237,1,stable,0.000308065592607,0.0137785663626,0.000702661261572,9.83616754073,1,1.6087048618,0
237,1,fragile,0.000308065592607,0.0137785663626,0.000702661261572,9.83616754073,1,1.6087048618,0
237,2,stable,0.000292894851679,0.0272971132566,0.00126866261161,15.3231675407,1,2.1775048618,0
237,2,fragile,0.000163401153511,0.0713872231149,0.00227311357177,33.1537186508,0.38046016557,2.89706525618,0.999653168809
237,4,stable,0.000262110348559,0.0537808340732,0.00245417097287,26.2971675407,0.966140213156,3.3151048618,0.0801991664983
237,4,fragile,6.77566761995e-05,0.172757484855,0.00737259045062,112.264895003,0.2,6.8113821981,0.999999999992
238,0,stable,-0.0015610447772,0.00178361637419,0.000315476252694,5.11079083396,1,1.12694752388,0
238,0,fragile,-0.0015610447772,0.00178361637419,0.000315476252694,5.11079083396,1,1.12694752388,0
238,0.5,stable,-0.00156861600284,0.00637434724964,0.000429379643254,6.80848174204,1,1.2918264848,0
238,0.5,fragile,-0.00156861600284,0.00637434724964,0.000429379643254,6.80848174204,1,1.2918264848,0
238,1,stable,-0.00157618717107,0.013207865321,0.000672133253624,9.49942905192,1,1.57022046308,0
238,1,fragile,-0.00157618717107,0.013207865321,0.000672133253624,9.49942905192,1,1.57022046308,0
238,2,stable,-0.00159132933529,0.0267342350512,0.00123863611988,15.0494290519,1,2.14622046308,0
238,2,fragile,-0.00172157541601,0.0646638469476,0.00198480752922,29.024886702,0.438013241877,2.62021526342,0.998581306741
238,4,stable,-0.00162188200078,0.0532332813177,0.00242594703895,26.1494290519,0.976893751242,3.29822046308,0.0502664652311
238,4,fragile,-0.00181614681523,0.16812070709,0.00707938536992,113.569649935,0.2,6.72291623069,0.999999999943
239,0,stable,-0.000532705208337,0.00286291641164,0.000374567289744,4.98154047154,1,1.11217605389,0
239,0,fragile,-0.000532705208337,0.00286291641164,0.000374567289744,4.98154047154,1,1.11217605389,0
239,0.5,stable,-0.000540284231944,0.0077128780303,0.000459710672448,6.96572739859,1,1.30979741698,0
239,0.5,fragile,-0.000540284231944,0.0077128780303,0.000459710672448,6.96572739859,1,1.30979741698,0
239,1,stable,-0.000547863198078,0.0137165324669,0.000681851721958,9.70922739859,1,1.59419741698,0
239,1,fragile,-0.000547863198078,0.0137165324669,0.000681851721958,9.70922739859,1,1.59419741698,0
239,2,stable,-0.000563020957929,0.0269809672088,0.00123278601921,15.1962273986,1,2.16299741698,0
239,2,fragile,-0.000697594284978,0.0713880163263,0.00215584707289,31.8261263249,0.399904623378,2.61409164982,0.999451831154
239,4,stable,-0.000593698820461,0.0534732957142,0.0024118537698,26.1702273986,0.9795643022,3.30059741698,0.0663134737616
239,4,fragile,-0.000788995669222,0.169815984593,0.00715045567908,115.633687257,0.2,6.92663818122,0.999999999981
240,0,stable,0.00057429074302,0.00249048592492,0.000308755445264,4.89017186542,1,1.10173392748,0
240,0,fragile,0.00057429074302,0.00249048592492,0.000308755445264,4.89017186542,1,1.10173392748,0
240,0.5,stable,0.000566703324994,0.00815151028042,0.000462558292521,7.38600494242,1,1.35782913628,0
240,0.5,fragile,0.000566703324994,0.00815151028042,0.000462558292521,7.38600494242,1,1.35782913628,0
240,1,stable,0.000559115964502,0.0149728061677,0.000717736054227,9.88183801942,1,1.61392434508,0
240,1,fragile,0.000559115964502,0.0149728061677,0.000717736054227,9.88183801942,1,1.61392434508,0
240,2,stable,0.000543941416128,0.0284749831205,0.00129041801147,15.2994667118,1,2.17479619564,0
240,2,fragile,0.000411640307801,0.075642236609,0.00237206707337,33.6242439535,0.362101736222,2.91389054261,0.99970748997
240,4,stable,0.000513156130167,0.0549266341479,0.00247974638299,26.2734667118,0.967653187052,3.31239619564,0.0789841000405
240,4,fragile,0.000318984757511,0.172644011927,0.00730380861521,114.524576547,0.2,6.80295398199,0.99999999999
241,0,stable,0.000643133003027,0,0.000310906491615,4.88268057406,1,1.10087777989,0
241,0,fragile,0.000643133003027,0,0.000310906491615,4.88268057406,1,1.10087777989,0
241,0.5,stable,0.000635545062966,0.00540883292232,0.000390675102537,6.62948300443,1,1.27136948622,0
241,0.5,fragile,0.000635545062966,0.00540883292232,0.000390675102537,6.62948300443,1,1.27136948622,0
241,1,stable,0.000627957180443,0.0122489911801,0.000625416537609,9.30073510589,1,1.54751258353,0
241,1,fragile,0.000627957180443,0.0122489911801,0.000625416537609,9.30073510589,1,1.54751258353,0
241,2,stable,0.000612781588019,0.0257885045965,0.00118989383003,14.8001945844,1,2.11773652393,0
241,2,fragile,0.000482451627267,0.0711242712158,0.00222684432506,33.0902658703,0.382258273913,2.76513189668,0.999620651176
241,4,stable,0.000582140425317,0.0523133002071,0.00237691681436,25.9001945844,0.972015180024,3.26973652393,0.0539833555826
241,4,fragile,0.000388343489731,0.169762392114,0.00717203210213,112.030787663,0.2,6.60099583022,0.999999999987
242,0,stable,0.000976891750108,0.0011153599688,0.000309545324321,5.0209202167,1,1.11667659619,0
242,0,fragile,0.000976891750108,0.0011153599688,0.000309545324321,5.0209202167,1,1.11667659619,0
242,0.5,stable,0.000969301279133,0.00712302455349,0.000438912599008,6.90230591058,1,1.30254924692,0
242,0.5,fragile,0.000969301279133,0.00712302455349,0.000438912599008,6.90230591058,1,1.30254924692,0
242,1,stable,0.000961710865717,0.013951393704,0.000687040647914,9.57813969273,1,1.57921596488,0
242,1,fragile,0.000961710865717,0.013951393704,0.000687040647914,9.57813969273,1,1.57921596488,0
242,2,stable,0.000946530211561,0.0274675715817,0.00125636375234,15.0651396927,1,2.14801596488,0
242,2,fragile,0.000815928885146,0.0723608408756,0.00227328448222,33.3293453817,0.379895193295,2.85400066935,0.999668468284
242,4,stable,0.000915745188233,0.0539466513402,0.00244425888182,26.0391396927,0.968800226186,3.28561596488,0.0768605715003
242,4,fragile,0.000721628235238,0.171534856709,0.00726207574289,113.548311865,0.2,6.71498049129,0.99999999999
243,0,stable,4.39737434776e-05,0.0031929493224,0.000302586540882,4.87408900476,1,1.09989588626,0
243,0,fragile,4.39737434776e-05,0.0031929493224,0.000302586540882,4.87408900476,1,1.09989588626,0
243,0.5,stable,3.63903468794e-05,0.00712626697954,0.00042727148412,7.10589259041,1,1.32581629605,0
243,0.5,fragile,3.63903468794e-05,0.00712626697954,0.00042727148412,7.10589259041,1,1.32581629605,0
243,1,stable,2.8807007785e-05,0.0139546138307,0.00067536497401,9.7633975904,1,1.60038829605,0
243,1,fragile,2.8807007785e-05,0.0139546138307,0.00067536497401,9.7633975904,1,1.60038829605,0
243,2,stable,1.36405021114e-05,0.0274707475689,0.00124534957492,15.0784075904,1,2.14953229605,0
243,2,fragile,-0.000118377028736,0.0669487874545,0.00200712936315,29.3255305723,0.429543553951,2.61933332629,0.998973868971
243,4,stable,-1.69465903241e-05,0.053949740855,0.00243437788508,25.8043013543,0.978833813605,3.25877729764,0.0476802104084
243,4,fragile,-0.000213243859823,0.168549112496,0.00705187363156,114.576346564,0.2,6.81438315916,0.999999999962
244,0,stable,-0.000843248061211,0.00124224823799,0.000308994615294,5.04463555657,1,1.11938692075,0
244,0,fragile,-0.000843248061211,0.00124224823799,0.000308994615294,5.04463555657,1,1.11938692075,0
244,0.5,stable,-0.000850824729951,0.00704573394537,0.000436248904439,7.27215563004,1,1.34481778629,0
244,0.5,fragile,-0.000850824729951,0.00704573394537,0.000436248904439,7.27215563004,1,1.34481778629,0
244,1,stable,-0.000858401341237,0.0138746346509,0.000683888266843,10.01565563,1,1.62921778629,0
244,1,fragile,-0.000858401341237,0.0138746346509,0.000683888266843,10.01565563,1,1.62921778629,0
244,2,stable,-0.000873554391448,0.0273918646969,0.0012530551197,15.50265563,1,2.19801778629,0
244,2,fragile,-0.00100438451383,0.0725492906368,0.00227920357865,32.9012084347,0.37996457105,2.79461302079,0.999552381512
244,4,stable,-0.000904256710134,0.0538730057221,0.00244130821634,26.47665563,0.972234657704,3.33561778629,0.0722763153491
244,4,fragile,-0.00109773831556,0.171235997554,0.00721501592995,113.486186373,0.2,6.73275809615,0.999999999984
245,0,stable,-0.00217610402338,0.0029105263279,0.000354818996014,4.96220808665,1,1.10996663847,0
245,0,fragile,-0.00217610402338,0.0029105263279,0.000354818996014,4.96220808665,1,1.10996663847,0
245,0.5,stable,-0.00218367058499,0.00762971040816,0.00047409507258,7.26573069126,1,1.34408350757,0
245,0.5,fragile,-0.00218367058499,0.00762971040816,0.00047409507258,7.26573069126,1,1.34408350757,0
245,1,stable,-0.00219123708922,0.0144101309262,0.000711470573049,9.84006309126,1,1.60915006757,0
245,1,fragile,-0.00219123708922,0.0144101309262,0.000711470573049,9.84006309126,1,1.60915006757,0
245,2,stable,-0.00220636992555,0.0279200207023,0.00127149625046,14.9887278913,1,2.13928318757,0
245,2,fragile,-0.00234033523933,0.0719887631683,0.00219041621508,31.9650015147,0.392665481716,2.69637593847,0.999518866411
245,4,stable,-0.00223701435336,0.0543867816568,0.00245398796542,25.956862002,0.973970805616,3.27621280023,0.0693645009561
245,4,fragile,-0.00243159230689,0.169936892829,0.00716717792565,115.086344903,0.2,6.86862856518,0.999999999985
246,0,stable,0.00271620070425,0.000183744442897,0.000294081759762,4.95880517442,1,1.10957773422,0
246,0,fragile,0.00271620070425,0.000183744442897,0.000294081759762,4.95880517442,1,1.10957773422,0
246,0.5,stable,0.00270859704399,0.00615844645578,0.00040122557717,6.65459170412,1,1.2742390519,0
246,0.5,fragile,0.00270859704399,0.00615844645578,0.00040122557717,6.65459170412,1,1.2742390519,0
246,1,stable,0.00270099344138,0.0129934493539,0.000646555849625,9.39809170412,1,1.5586390519,0
246,1,fragile,0.00270099344138,0.0129934493539,0.000646555849625,9.39809170412,1,1.5586390519,0
246,2,stable,0.00268578640915,0.0265227581729,0.00121647167422,14.8850917041,1,2.1274390519,0
246,2,fragile,0.00255559316801,0.0705487782335,0.00222222085719,32.7520687844,0.383872126365,2.85541799553,0.999658493757
246,4,stable,0.00265496502479,0.0530275623071,0.00240520856989,25.9243673964,0.968829846435,3.27249913102,0.0739962223938
246,4,fragile,0.00246061247028,0.170542828683,0.00722725907944,112.405901902,0.2,6.69635507866,0.999999999991
247,0,stable,0.00130503962418,8.28228402443e-05,0.000309535595417,4.96778230029,1,1.11060369146,0
247,0,fragile,0.00130503962418,8.28228402443e-05,0.000309535595417,4.96778230029,1,1.11060369146,0
247,0.5,stable,0.00129744666484,0.00608724223861,0.000411912871096,6.71570814035,1,1.28122378747,0
247,0.5,fragile,0.00129744666484,0.00608724223861,0.000411912871096,6.71570814035,1,1.28122378747,0
247,1,stable,0.00128985376308,0.0129227348336,0.000652753217133,9.49070814035,1,1.56922378747,0
247,1,fragile,0.00128985376308,0.0129227348336,0.000652753217133,9.49070814035,1,1.56922378747,0
247,2,stable,0.00127466813228,0.0264530129658,0.00121925375634,15.0407081404,1,2.14522378747,0
247,2,fragile,0.00114482102094,0.0696744524635,0.00218834361193,31.8178059888,0.401973213623,2.76613316405,0.999393975349
247,4,stable,0.00124401636619,0.0529597160485,0.00240692464161,26.1407081404,0.97436927934,3.29722378747,0.0522796438075
247,4,fragile,0.00104988698759,0.16943326978,0.00714370962202,113.177116774,0.2,6.69873447509,0.999999999974
248,0,stable,-0.00226769608888,0.00234058379273,0.000323802262364,4.813784683,1,1.09300396377,0
248,0,fragile,-0.00226769608888,0.00234058379273,0.000323802262364,4.813784683,1,1.09300396377,0
248,0.5,stable,-0.00227526195595,0.00734123757929,0.000452402718353,7.22652230702,1,1.33960254937,0
248,0.5,fragile,-0.00227526195595,0.00734123757929,0.000452402718353,7.22652230702,1,1.33960254937,0
248,1,stable,-0.00228282776563,0.0141681060009,0.000697884771716,9.97002230702,1,1.62400254937,0
248,1,fragile,-0.00228282776563,0.0141681060009,0.000697884771716,9.97002230702,1,1.62400254937,0
248,2,stable,-0.00229795921289,0.0276813133132,0.00126469636131,15.457022307,1,2.19280254937,0
248,2,fragile,-0.00242918461561,0.066824478793,0.00201737424979,29.9922803087,0.431509316952,2.68662175036,0.999087325549
248,4,stable,-0.00232849583814,0.0541545735389,0.00245134265757,26.431022307,0.975612475016,3.33040254937,0.0512581581658
248,4,fragile,-0.00252326120042,0.168067723214,0.00705724867666,113.907711788,0.2,6.73360891959,0.999999999967
249,0,stable,0.0018744281451,0.00179310965489,0.00030604934066,4.85436139623,1,1.09764130243,0
249,0,fragile,0.0018744281451,0.00179310965489,0.00030604934066,4.85436139623,1,1.09764130243,0
249,0.5,stable,0.00186683086804,0.00565327169081,0.000390266152661,6.66744800351,1,1.27570834326,0
249,0.5,fragile,0.00186683086804,0.00565327169081,0.000390266152661,6.66744800351,1,1.27570834326,0
249,1,stable,0.00185923364861,0.012491748856,0.000627298781655,9.24178040351,1,1.54077490326,0
249,1,fragile,0.00185923364861,0.012491748856,0.000627298781655,9.24178040351,1,1.54077490326,0
249,2,stable,0.00184403938256,0.0260279346921,0.00119313025536,14.7538235888,1,2.11243698158,0
249,2,fragile,0.00171252413843,0.0649237569995,0.00195079789985,29.2390646731,0.435428825601,2.60088483031,0.999053000742
249,4,stable,0.0018133908283,0.0525462113544,0.0023811553893,25.8538235888,0.97802255129,3.26443698158,0.0486461234932
249,4,fragile,0.00161846699633,0.167468032836,0.00704670099374,113.654529352,0.2,6.75008849336,0.999999999967
250,0,stable,-0.00120148577435,0.00156117601032,0.000325359668562,4.92494579617,1,1.10570809099,0
250,0,fragile,-0.00120148577435,0.00156117601032,0.000325359668562,4.92494579617,1,1.10570809099,0
250,0.5,stable,-0.00120905972655,0.00719770241441,0.000449785853407,7.01829716501,1,1.31580539029,0
250,0.5,fragile,-0.00120905972655,0.00719770241441,0.000449785853407,7.01829716501,1,1.31580539029,0
250,1,stable,-0.00121663362132,0.013980121273,0.000693765330988,9.75054614939,1,1.59891955993,0
250,1,fragile,-0.00121663362132,0.013980121273,0.000693765330988,9.75054614939,1,1.59891955993,0
250,2,stable,-0.00123178123855,0.0274959053701,0.0012597540384,15.3005461494,1,2.17491955993,0
250,2,fragile,-0.00136182675015,0.0708877394328,0.00221886318285,31.9468712416,0.397040915927,2.79425961784,0.999413725423
250,4,stable,-0.00126246128316,0.0539742136863,0.00244619312143,26.4005461494,0.974241249682,3.32691955993,0.0703301038895
250,4,fragile,-0.00145644552093,0.170261265688,0.0071747202804,114.321435047,0.2,6.79474874292,0.999999999975
251,0,stable,0.001464660001,0.0014018262885,0.000339821396279,5.01892662457,1,1.11644875709,0
251,0,fragile,0.001464660001,0.0014018262885,0.000339821396279,5.01892662457,1,1.11644875709,0
251,0.5,stable,0.00145706583125,0.00651053073621,0.000432666704012,6.90768961387,1,1.3031645273,0
251,0.5,fragile,0.00145706583125,0.00651053073621,0.000432666704012,6.90768961387,1,1.3031645273,0
251,1,stable,0.00144947171909,0.0130988771217,0.000664437350479,9.68268961387,1,1.5911645273,0
251,1,fragile,0.00144947171909,0.0130988771217,0.000664437350479,9.68268961387,1,1.5911645273,0
251,2,stable,0.00143428366752,0.0266267407985,0.00122380304228,15.2326896139,1,2.1671645273,0
251,2,fragile,0.00130278503894,0.0725852551026,0.00226389606886,33.2535103706,0.379091114248,2.74936364223,0.999636007878
251,4,stable,0.00140352201709,0.0531287138043,0.0024073520646,26.3326896139,0.974531887185,3.3191645273,0.0702814181291
251,4,fragile,0.00120958404676,0.170095125091,0.00716128734333,113.33467406,0.2,6.7078723468,0.999999999986
252,0,stable,0.0014503790156,0.00166243055589,0.000336336221542,4.96318683473,1,1.1100784954,0
252,0,fragile,0.0014503790156,0.00166243055589,0.000336336221542,4.96318683473,1,1.1100784954,0
252,0.5,stable,0.00144278495414,0.00806631539025,0.000482432602892,7.43130976931,1,1.36300683078,0
252,0.5,fragile,0.00144278495414,0.00806631539025,0.000482432602892,7.43130976931,1,1.36300683078,0
252,1,stable,0.00143519095027,0.0148881971931,0.000731378834328,10.165487682,1,1.64634144937,0
252,1,fragile,0.00143519095027,0.0148881971931,0.000731378834328,10.165487682,1,1.64634144937,0
252,2,stable,0.00142000311528,0.0283915339163,0.00129881731853,15.652487682,1,2.21514144937,0
252,2,fragile,0.00128894672,0.0735012087176,0.00230928551371,33.2280684645,0.378464022547,2.84767850742,0.999639948164
252,4,stable,0.00138920289341,0.05484545701,0.00248491339671,26.626487682,0.968801636827,3.35274144937,0.0769666852148
252,4,fragile,0.00119481385781,0.172379633864,0.00727823191524,114.062714907,0.2,6.75489168939,0.999999999988
253,0,stable,-0.00119244945102,0.00309011381879,0.000313988445088,5.02000643086,1,1.11657216353,0
253,0,fragile,-0.00119244945102,0.00309011381879,0.000313988445088,5.02000643086,1,1.11657216353,0
253,0.5,stable,-0.00120002347174,0.00739510357308,0.000439795050777,7.13971844183,1,1.32968210764,0
253,0.5,fragile,-0.00120002347174,0.00739510357308,0.000439795050777,7.13971844183,1,1.32968210764,0
253,1,stable,-0.00120759743503,0.0142216015391,0.000686152497836,9.63555151883,1,1.58577731644,0
253,1,fragile,-0.00120759743503,0.0142216015391,0.000686152497836,9.63555151883,1,1.58577731644,0
253,2,stable,-0.00122274518931,0.0277340755658,0.00125428873835,15.0292221307,1,2.14391110066,0
253,2,fragile,-0.00135520681944,0.067629028132,0.00203930911098,29.6090765727,0.42738125424,2.64958765884,0.999091235816
253,4,stable,-0.00125329347194,0.054205899237,0.00244232927632,26.1292221307,0.979115828155,3.29591110066,0.047501923698
253,4,fragile,-0.00144932165173,0.169509030304,0.0070930530297,115.244698618,0.2,6.89278021854,0.999999999971
254,0,stable,0.000438120654671,0.00207369659459,0.000320384613829,4.90227985961,1,1.10311769824,0
254,0,fragile,0.000438120654671,0.00207369659459,0.000320384613829,4.90227985961,1,1.10311769824,0
254,0.5,stable,0.000430534269231,0.00576583562744,0.000408646611333,7.116252005,1,1.32700022914,0
254,0.5,fragile,0.000430534269231,0.00576583562744,0.000408646611333,7.116252005,1,1.32700022914,0
254,1,stable,0.000422947941319,0.0126035386503,0.000643344717619,9.773757005,1,1.60157222914,0
254,1,fragile,0.000422947941319,0.0126035386503,0.000643344717619,9.773757005,1,1.60157222914,0
254,2,stable,0.000407775458078,0.0261381921372,0.00120638179397,15.088767005,1,2.15071622914,0
254,2,fragile,0.00027702127596,0.0623183399106,0.00188736828973,28.0391583184,0.457586372373,2.58038711865,0.998534884178
254,4,stable,0.00037718881207,0.052653466827,0.00239250343996,25.9444429138,0.980452081047,3.27479347587,0.0454680177157
254,4,fragile,0.00018199297716,0.167064290346,0.00701001684205,113.288943635,0.2,6.72469796092,0.999999999946
255,0,stable,-0.00223541664783,0.00281798331064,0.000350745245844,5.05389466761,1,1.12044510487,0
255,0,fragile,-0.00223541664783,0.00281798331064,0.000350745245844,5.05389466761,1,1.12044510487,0
255,0.5,stable,-0.00224298275967,0.00717099756848,0.000468881860706,7.47135031639,1,1.3675828933,0
255,0.5,fragile,-0.00224298275967,0.00717099756848,0.000468881860706,7.47135031639,1,1.3675828933,0
255,1,stable,-0.00225054881413,0.0139990367914,0.000706564074713,10.2463503164,1,1.6555828933,0
255,1,fragile,-0.00225054881413,0.0139990367914,0.000706564074713,10.2463503164,1,1.6555828933,0
255,2,stable,-0.00226568075094,0.0275145616056,0.00126714712567,15.7963503164,1,2.2315828933,0
255,2,fragile,-0.00239499069577,0.0711104915284,0.00219506294308,31.9073894831,0.396585471855,2.76729961825,0.999570291897
255,4,stable,-0.00229623013048,0.0539923619697,0.00245031109996,26.8963503164,0.973583566998,3.3835828933,0.053328477347
255,4,fragile,-0.0024894985921,0.170249404736,0.00714558712543,112.960491877,0.2,6.67615430905,0.999999999983
256,0,stable,-0.00171489871922,0.00404774669866,0.00031160562544,4.87935250614,1,1.10049742927,0
256,0,fragile,-0.00171489871922,0.00404774669866,0.00031160562544,4.87935250614,1,1.10049742927,0
256,0.5,stable,-0.00172246877817,0.00695189282834,0.000424636100329,7.07730830526,1,1.3225495206,0
256,0.5,fragile,-0.00172246877817,0.00695189282834,0.000424636100329,7.07730830526,1,1.3225495206,0
256,1,stable,-0.00173003877973,0.0137760297077,0.000667898338191,9.85230830526,1,1.6105495206,0
256,1,fragile,-0.00173003877973,0.0137760297077,0.000667898338191,9.85230830526,1,1.6105495206,0
256,2,stable,-0.00174517861063,0.0272946113726,0.00123502906717,15.4023083053,1,2.1865495206,0
256,2,fragile,-0.00187749204658,0.0676572646944,0.00203451600793,30.2581689281,0.423644748948,2.64136664116,0.999314559322
256,4,stable,-0.0017757181929,0.0537784003079,0.00242295959889,26.5023083053,0.977990911309,3.3385495206,0.0487911862399
256,4,fragile,-0.00197083027332,0.168920657109,0.00710655501702,115.035078499,0.2,6.87675704491,0.999999999978
257,0,stable,-0.00119121756712,0.00245053700808,0.000292804962803,4.95213753278,1,1.10881571803,0
257,0,fragile,-0.00119121756712,0.00245053700808,0.000292804962803,4.95213753278,1,1.10881571803,0
257,0.5,stable,-0.00119879159719,0.00771248857375,0.000442504675743,7.29912487309,1,1.3478999855,0
257,0.5,fragile,-0.00119879159719,0.00771248857375,0.000442504675743,7.29912487309,1,1.3478999855,0
257,1,stable,-0.00120636556982,0.0145368037699,0.000698885291321,9.95662987309,1,1.6224719855,0
257,1,fragile,-0.00120636556982,0.0145368037699,0.000698885291321,9.95662987309,1,1.6224719855,0
257,2,stable,-0.00122151334278,0.0280449571887,0.00127332833034,15.2716398731,1,2.1716159855,0
257,2,fragile,-0.00135419915366,0.0703181638826,0.00214518246154,31.3144417249,0.405316246534,2.68385422018,0.99922396995
257,4,stable,-0.00125209061639,0.0545083165053,0.00246438589942,25.9853292778,0.973998225002,3.27946620318,0.0526181688474
257,4,fragile,-0.00144673326886,0.169968353092,0.007160005302,114.638168879,0.2,6.81960261133,0.999999999973
258,0,stable,0.00116337621199,0.00153206737789,0.000318950353656,4.93458914245,1,1.10681018771,0
258,0,fragile,0.00116337621199,0.00153206737789,0.000318950353656,4.93458914245,1,1.10681018771,0
258,0.5,stable,0.00115578432689,0.00698222631528,0.000440256489591,6.98787318446,1,1.31232836394,0
258,0.5,fragile,0.00115578432689,0.00698222631528,0.000440256489591,6.98787318446,1,1.31232836394,0
258,1,stable,0.00114819249937,0.0138115637855,0.000684453684126,9.76287318446,1,1.60032836394,0
258,1,fragile,0.00114819249937,0.0138115637855,0.000684453684126,9.76287318446,1,1.60032836394,0
258,2,stable,0.00113300901702,0.02732965837,0.00125117658449,15.3128731845,1,2.17632836394,0
258,2,fragile,0.00100153752564,0.0651722861013,0.00197850550601,28.602631847,0.443819265209,2.59933844696,0.998668147075
258,4,stable,0.00110239340728,0.0538124930829,0.00243856974548,26.4128731845,0.980604712347,3.32832836394,0.0466514146417
258,4,fragile,0.000906527189042,0.168654935271,0.00707567605251,114.454083012,0.2,6.82128824024,0.999999999947
259,0,stable,-0.00274960102679,0.00308094767904,0.00032379887993,4.97719388288,1,1.1116793009,0
259,0,fragile,-0.00274960102679,0.00308094767904,0.00032379887993,4.97719388288,1,1.1116793009,0
259,0.5,stable,-0.00275716323954,0.00860557444085,0.000475585981414,7.06555326901,1,1.32120608789,0
259,0.5,fragile,-0.00275716323954,0.00860557444085,0.000475585981414,7.06555326901,1,1.32120608789,0
259,1,stable,-0.00276472539494,0.0151523647555,0.000728061094518,9.78519327012,1,1.60287923087,0
259,1,fragile,-0.00276472539494,0.0151523647555,0.000728061094518,9.78519327012,1,1.60287923087,0
259,2,stable,-0.00277984953371,0.0286520804241,0.00129827527216,15.2721932701,1,2.17167923087,0
259,2,fragile,-0.00291262193944,0.0717505844728,0.00217693017028,31.241678404,0.397786304473,2.7130169601,0.99943317039
259,4,stable,-0.00281049591002,0.0550989096343,0.00248636885198,26.2461932701,0.973169991481,3.30927923087,0.0727021857021
259,4,fragile,-0.0030047189509,0.171500850982,0.00721480753558,115.202677698,0.2,6.85797041903,0.999999999982
260,0,stable,0.00211228604022,0.000941144424177,0.000324848240035,5.0098420701,1,1.1154105223,0
260,0,fragile,0.00211228604022,0.000941144424177,0.000324848240035,5.0098420701,1,1.1154105223,0
260,0.5,stable,0.00210468695947,0.00729745966574,0.000464991287188,6.92484894497,1,1.30512559371,0
260,0.5,fragile,0.00210468695947,0.00729745966574,0.000464991287188,6.92484894497,1,1.30512559371,0
260,1,stable,0.00209708793636,0.0141246291637,0.000713766093216,9.66834894497,1,1.58952559371,0
260,1,fragile,0.00209708793636,0.0141246291637,0.000713766093216,9.66834894497,1,1.58952559371,0
260,2,stable,0.00208189006299,0.0276384324311,0.00128203594912,15.155348945,1,2.15832559371,0
260,2,fragile,0.00194800733061,0.0769422390835,0.00249500033161,36.4498665263,0.338169675633,2.98889169878,0.999802288663
260,4,stable,0.00205100848334,0.0541128601719,0.00246856281189,26.129348945,0.960562314341,3.29592559371,0.0872570337554
260,4,fragile,0.00185439871232,0.176261999596,0.00763461587573,112.335804069,0.2,7.01951444152,0.999999999998
261,0,stable,0.00153984202386,0.00222557512724,0.000357756857615,4.9187205648,1,1.10499663598,0
261,0,fragile,0.00153984202386,0.00222557512724,0.000357756857615,4.9187205648,1,1.10499663598,0
261,0.5,stable,0.00153224728399,0.00730715446247,0.000486548017666,7.365714183,1,1.35551019234,0
261,0.5,fragile,0.00153224728399,0.00730715446247,0.000486548017666,7.365714183,1,1.35551019234,0
261,1,stable,0.00152465260172,0.0141342572859,0.000726651634813,10.140714183,1,1.64351019234,0
261,1,fragile,0.00152465260172,0.0141342572859,0.000726651634813,10.140714183,1,1.64351019234,0
261,2,stable,0.00150946340995,0.0276479285766,0.00128773976789,15.690714183,1,2.21951019234,0
261,2,fragile,0.0013824979756,0.0659542431072,0.00204169917053,28.8435357211,0.434798787398,2.70996021617,0.998936158976
261,4,stable,0.00147881851827,0.0541220977664,0.00247047108653,26.790714183,0.97601676839,3.37151019234,0.0498211465657
261,4,fragile,0.00128418163105,0.168153134406,0.00704083304199,112.673567153,0.2,6.64690064523,0.99999999995
262,0,stable,-0.00104086074372,0.00279330269146,0.000300161385077,4.81258860341,1,1.09286726896,0
262,0,fragile,-0.00104086074372,0.00279330269146,0.000300161385077,4.81258860341,1,1.09286726896,0
262,0.5,stable,-0.00104843591395,0.00665310963516,0.000411611741089,6.99750974391,1,1.31342968502,0
262,0.5,fragile,-0.00104843591395,0.00665310963516,0.000411611741089,6.99750974391,1,1.31342968502,0
262,1,stable,-0.00105601102674,0.0134847105582,0.000656739076249,9.74100974391,1,1.59782968502,0
262,1,fragile,-0.00105601102674,0.0134847105582,0.000656739076249,9.74100974391,1,1.59782968502,0
262,2,stable,-0.00107116107999,0.0270072854557,0.00122586053599,15.2280097439,1,2.16662968502,0
262,2,fragile,-0.00120072852759,0.069967757956,0.00213024107092,30.9425842772,0.405689485984,2.6936775337,0.999388580398
262,4,stable,-0.00110172121715,0.0534988973958,0.00241487307417,26.2020097439,0.978082546956,3.30422968502,0.0487781497565
262,4,fragile,-0.00129597825578,0.168132883526,0.00704376948835,113.487880439,0.2,6.73189414947,0.999999999975
263,0,stable,-0.000489095187986,0.00193449622828,0.000288125374101,4.71939906985,1,1.08221703655,0
263,0,fragile,-0.000489095187986,0.00193449622828,0.000288125374101,4.71939906985,1,1.08221703655,0
263,0.5,stable,-0.00049667454229,0.00787111024215,0.000434487901766,7.13969016347,1,1.32967887582,0
263,0.5,fragile,-0.00049667454229,0.00787111024215,0.000434487901766,7.13969016347,1,1.32967887582,0
263,1,stable,-0.000504253839118,0.014411666933,0.000690722710586,9.91469016347,1,1.61767887582,0
263,1,fragile,-0.000504253839118,0.014411666933,0.000690722710586,9.91469016347,1,1.61767887582,0
263,2,stable,-0.000519412260354,0.0279215356545,0.00126546354229,15.4646901635,1,2.19367887582,0
263,2,fragile,-0.000649664783855,0.0722107568947,0.00223772377066,32.137036727,0.388229303202,2.78976323315,0.999506883313
263,4,stable,-0.000550129904669,0.0543882553615,0.0024565384065,26.5646901635,0.973041570452,3.34567887582,0.0730066107208
263,4,fragile,-0.000744434951578,0.170532738162,0.00718684291526,114.834955486,0.2,6.83023922937,0.99999999998
264,0,stable,0.000431198701629,0.00157590473742,0.000311567475701,4.82254343848,1,1.0940049644,0
264,0,fragile,0.000431198701629,0.00157590473742,0.000311567475701,4.82254343848,1,1.0940049644,0
264,0.5,stable,0.000423612368677,0.00643633862578,0.000417686136578,7.07456430627,1,1.32223592072,0
264,0.5,fragile,0.000423612368677,0.00643633862578,0.000417686136578,7.07456430627,1,1.32223592072,0
264,1,stable,0.000416026093254,0.0132694303603,0.000659093123938,9.65295792165,1,1.58776661962,0
264,1,fragile,0.000416026093254,0.0132694303603,0.000659093123938,9.65295792165,1,1.58776661962,0
264,2,stable,0.000400853714991,0.026794956193,0.00122554138337,15.1399579217,1,2.15656661962,0
264,2,fragile,0.000271496657366,0.0695828583324,0.00214835981825,31.5193443323,0.397757141777,2.83607838273,0.999543643006
264,4,stable,0.000370218793842,0.0532923492087,0.00241272328176,26.1139579217,0.972034908691,3.29416661962,0.0540256934683
264,4,fragile,0.0001763010818,0.168453834403,0.00709031612812,112.901781272,0.2,6.6650728173,0.999999999983
265,0,stable,-0.00158725487036,0.00272253164601,0.000352984422382,5.05632926474,1,1.12072334454,0
265,0,fragile,-0.00158725487036,0.00272253164601,0.000352984422382,5.05632926474,1,1.12072334454,0
265,0.5,stable,-0.00159482589725,0.00864855232413,0.000516389749774,7.83132926474,1,1.40872334454,0
265,0.5,fragile,-0.00159482589725,0.00864855232413,0.000516389749774,7.83132926474,1,1.40872334454,0
265,1,stable,-0.00160239686673,0.0154664298759,0.000768943018342,10.6063292647,1,1.69672334454,0
265,1,fragile,-0.00160239686673,0.0154664298759,0.000768943018342,10.6063292647,1,1.69672334454,0
265,2,stable,-0.00161753863345,0.0289618405235,0.00133722369509,16.1563292647,1,2.27272334454,0
265,2,fragile,-0.0017462113559,0.0718645529112,0.00226174102836,32.0473091842,0.39371475363,2.81628336001,0.999464364377
265,4,stable,-0.00164812042252,0.0554002359147,0.00252300901749,27.2563292647,0.970080638904,3.42472334454,0.0555508440489
265,4,fragile,-0.00184181188655,0.172373667681,0.00723514154217,112.296012511,0.2,6.6239316107,0.999999999982
266,0,stable,0.00288601321457,0.00135555459834,0.000345389510458,4.94238236909,1,1.10770084218,0
266,0,fragile,0.00288601321457,0.00135555459834,0.000345389510458,4.94238236909,1,1.10770084218,0
266,0.5,stable,0.0028784082666,0.00675060288645,0.000458996487609,7.17722674755,1,1.33396877115,0
266,0.5,fragile,0.0028784082666,0.00675060288645,0.000458996487609,7.17722674755,1,1.33396877115,0
266,1,stable,0.00287080337631,0.0135815333136,0.000696143848568,9.83473174755,1,1.60854077115,0
266,1,fragile,0.00287080337631,0.0135815333136,0.000696143848568,9.83473174755,1,1.60854077115,0
266,2,stable,0.00285559376872,0.0271027810214,0.00125704299214,15.1497417475,1,2.15768477115,0
266,2,fragile,0.0027250205803,0.0720785496548,0.00227313477605,32.7522805657,0.383013395231,2.8092990333,0.999483409731
266,4,stable,0.00282477303386,0.0535917929097,0.00244031728261,25.9430250836,0.971048162795,3.27463143813,0.072950350824
266,4,fragile,0.00263030529444,0.170738094924,0.00722010182612,113.578537381,0.2,6.73530389576,0.99999999998
267,0,stable,1.39822035299e-05,0.00240063946625,0.000330600715326,4.92830457969,1,1.10609195196,0
267,0,fragile,1.39822035299e-05,0.00240063946625,0.000330600715326,4.92830457969,1,1.10609195196,0
267,0.5,stable,6.39903435973e-06,0.00824322134439,0.000483498363349,7.33753946245,1,1.35229022428,0
267,0.5,fragile,6.39903435973e-06,0.00824322134439,0.000483498363349,7.33753946245,1,1.35229022428,0
267,1,stable,-1.18407731065e-06,0.0150638865019,0.00073539045568,10.0810394624,1,1.63669022428,0
267,1,fragile,-1.18407731065e-06,0.0150638865019,0.00073539045568,10.0810394624,1,1.63669022428,0
267,2,stable,-1.63501281356e-05,0.0285648149788,0.0013048064584,15.5680394624,1,2.20549022428,0
267,2,fragile,-0.000145511862024,0.070752106327,0.0022018423892,31.7954757694,0.404998302383,2.82049126526,0.999470398282
267,4,stable,-4.70798557455e-05,0.0550140201597,0.00249199334726,26.5420394624,0.972192550345,3.34309022428,0.0724708584485
267,4,fragile,-0.000241225512651,0.171144191271,0.00719105475175,114.116489808,0.2,6.76603877719,0.99999999998
268,0,stable,-0.000482884384095,0.00132342233622,0.000331437547444,4.80213112019,1,1.09167212802,0
268,0,fragile,-0.000482884384095,0.00132342233622,0.000331437547444,4.80213112019,1,1.09167212802,0
268,0.5,stable,-0.000490463785495,0.00583616430163,0.000417304466377,6.82588174262,1,1.2938150563,0
268,0.5,fragile,-0.000490463785495,0.00583616430163,0.000417304466377,6.82588174262,1,1.2938150563,0
268,1,stable,-0.000498043129422,0.0126733836491,0.000648837273913,9.58741685995,1,1.58027621257,0
268,1,fragile,-0.000498043129422,0.0126733836491,0.000648837273913,9.58741685995,1,1.58027621257,0
268,2,stable,-0.000513201644849,0.0262070797416,0.00120927550641,15.13741686,1,2.15627621257,0
268,2,fragile,-0.000643530244061,0.0712107635684,0.00222323663426,32.5508947027,0.385532623491,2.75963322834,0.999610351649
268,4,stable,-0.000543909569731,0.0527204788328,0.00239372706034,26.23741686,0.973432584941,3.30827621257,0.0713145923847
268,4,fragile,-0.000737236925855,0.170184012863,0.00718808194429,113.219316003,0.2,6.72315130465,0.999999999986
269,0,stable,-0.00112344988483,0.00245651766832,0.000341555336461,4.9703386063,1,1.11089584072,0
269,0,fragile,-0.00112344988483,0.00245651766832,0.000341555336461,4.9703386063,1,1.11089584072,0
269,0.5,stable,-0.00113102442879,0.00585272459746,0.000420784527732,7.10171997942,1,1.32533942622,0
269,0.5,fragile,-0.00113102442879,0.00585272459746,0.000420784527732,7.10171997942,1,1.32533942622,0
269,1,stable,-0.0011385989153,0.0126898300539,0.000648084724593,9.87671997942,1,1.61333942622,0
269,1,fragile,-0.0011385989153,0.0126898300539,0.000648084724593,9.87671997942,1,1.61333942622,0
269,2,stable,-0.00115374771602,0.0262233007087,0.00120564756661,15.4267199794,1,2.18933942622,0
269,2,fragile,-0.00128538965391,0.0636611167393,0.0019147852107,28.1922765495,0.450080450796,2.54565709076,0.998567892937
269,4,stable,-0.00118427607133,0.0527362581526,0.00238904084535,26.5267199794,0.983594476082,3.34133942622,0.0435591172701
269,4,fragile,-0.0013790815432,0.167288622527,0.00694952927464,111.956591596,0.2,6.65369925078,0.999999999939
270,0,stable,-0.00133639126719,0.00169755199533,0.00029531374285,4.92794317853,1,1.10605064897,0
270,0,fragile,-0.00133639126719,0.00169755199533,0.00029531374285,4.92794317853,1,1.10605064897,0
270,0.5,stable,-0.0013439641964,0.00743328613604,0.000439438306428,7.02735834705,1,1.31684095395,0
270,0.5,fragile,-0.0013439641964,0.00743328613604,0.000439438306428,7.02735834705,1,1.31684095395,0
270,1,stable,-0.00135153706817,0.0142595215069,0.000693942695152,9.77085834705,1,1.60124095395,0
270,1,fragile,-0.00135153706817,0.0142595215069,0.000693942695152,9.77085834705,1,1.60124095395,0
270,2,stable,-0.00136668263945,0.0277714757489,0.00126732837253,15.257858347,1,2.17004095395,0
270,2,fragile,-0.00149742992343,0.0653633272589,0.00198603141238,29.2390717725,0.44215686074,2.67436394337,0.99883588843
270,4,stable,-0.00139723973378,0.0542422811276,0.00245777017291,26.231858347,0.976284015231,3.30764095395,0.0498529981916
270,4,fragile,-0.00159197490698,0.16840314472,0.00706796484437,113.93614414,0.2,6.76192272337,0.999999999958
271,0,stable,-0.000501771934011,0.00338442241653,0.000296022263828,4.90509811554,1,1.10343978463,0
271,0,fragile,-0.000501771934011,0.00338442241653,0.000296022263828,4.90509811554,1,1.10343978463,0
271,0.5,stable,-0.000509351192187,0.00749905039179,0.000437069526097,7.02977205262,1,1.31711680601,0
271,0.5,fragile,-0.000509351192187,0.00749905039179,0.000437069526097,7.02977205262,1,1.31711680601,0
271,1,stable,-0.000516930392889,0.0143248334784,0.000690640992964,9.74528219858,1,1.59831796555,0
271,1,fragile,-0.000516930392889,0.0143248334784,0.000690640992964,9.74528219858,1,1.59831796555,0
271,2,stable,-0.000532088621871,0.0278358924621,0.00126355026171,15.2322821986,1,2.16711796555,0
271,2,fragile,-0.000664451757242,0.0686199497498,0.00208307939884,30.469820707,0.420469491427,2.66270002272,0.999071376582
271,4,stable,-0.000562671802269,0.054304943971,0.00245406615685,26.2062821986,0.976756959498,3.30471796555,0.0499398604484
271,4,fragile,-0.000757537440245,0.16903561885,0.00711387656144,114.63718165,0.2,6.83694035586,0.999999999966
272,0,stable,-0.000413320810519,0.000749393434886,0.000346851434116,5.01925762329,1,1.11648658552,0
272,0,fragile,-0.000413320810519,0.000749393434886,0.000346851434116,5.01925762329,1,1.11648658552,0
272,0.5,stable,-0.000420900739424,0.00658594417162,0.000453177465159,6.82277261221,1,1.29345972711,0
272,0.5,fragile,-0.000420900739424,0.00658594417162,0.000453177465159,6.82277261221,1,1.29345972711,0
272,1,stable,-0.000428480610851,0.0134180070155,0.000687741472551,9.56627261221,1,1.57785972711,0
272,1,fragile,-0.000428480610851,0.0134180070155,0.000687741472551,9.56627261221,1,1.57785972711,0
272,2,stable,-0.000443640181269,0.0269414962462,0.00124735288953,15.0532726122,1,2.14665972711,0
272,2,fragile,-0.000572737843364,0.0688995787309,0.00216639950162,31.2969641843,0.405388477059,2.79807270594,0.999411037875
272,4,stable,-0.00047434549011,0.053434899425,0.00243034118499,26.0272726122,0.973259543541,3.28425972711,0.0705172949344
272,4,fragile,-0.00066816143722,0.16996233304,0.00717885977874,114.028612909,0.2,6.78913095866,0.999999999975
273,0,stable,-0.000576367251241,0.000576367251241,0.000323160930926,4.91333900853,1,1.10438160097,0
273,0,fragile,-0.000576367251241,0.000576367251241,0.000323160930926,4.91333900853,1,1.10438160097,0
273,0.5,stable,-0.000583945943756,0.00678956414214,0.000447647761966,6.86434876624,1,1.29821128757,0
273,0.5,fragile,-0.000583945943756,0.00678956414214,0.000447647761966,6.86434876624,1,1.29821128757,0
273,1,stable,-0.0005915245788,0.0136202266188,0.000692025050752,9.51429621357,1,1.57191956727,0
273,1,fragile,-0.0005915245788,0.0136202266188,0.000692025050752,9.51429621357,1,1.57191956727,0
273,2,stable,-0.000606681676483,0.0271409439414,0.00125840487789,15.0012962136,1,2.14071956727,0
273,2,fragile,-0.000737155869488,0.0723578641235,0.002310245596,33.5060537694,0.376391933302,2.89948120262,0.999563577999
273,4,stable,-0.000637432067636,0.0536289167703,0.00244471994618,25.9752962136,0.967297001333,3.27831956727,0.0790788733704
273,4,fragile,-0.00083127102635,0.172068822362,0.00733242626292,113.59665897,0.2,6.72872996644,0.999999999987
274,0,stable,0.00086174746406,0.0017659420622,0.000273709648515,4.81827946208,1,1.09351765281,0
274,0,fragile,0.00086174746406,0.0017659420622,0.000273709648515,4.81827946208,1,1.09351765281,0
274,0.5,stable,0.000854157866231,0.00641180941495,0.000398612541465,6.77100565516,1,1.28754350345,0
274,0.5,fragile,0.000854157866231,0.00641180941495,0.000398612541465,6.77100565516,1,1.28754350345,0
274,1,stable,0.000846568325956,0.0132450698457,0.000652243486204,9.54600565516,1,1.57554350345,0
274,1,fragile,0.000846568325956,0.0132450698457,0.000652243486204,9.54600565516,1,1.57554350345,0
274,2,stable,0.000831389418057,0.026770929598,0.00122725084687,15.0960056552,1,2.15154350345,0
274,2,fragile,0.000700265958405,0.0653009474331,0.00197945366967,28.6955925535,0.435159463188,2.59385640719,0.998625587954
274,4,stable,0.000800775370816,0.0532689767843,0.00241930213711,26.1960056552,0.97822699277,3.30354350345,0.0480290353647
274,4,fragile,0.000606068757435,0.167499739589,0.00703192374475,112.99929616,0.2,6.68522133618,0.999999999941
275,0,stable,0.00200635303504,0.00265389893099,0.000343442738495,4.90436794015,1,1.10335633602,0
275,0,fragile,0.00200635303504,0.00265389893099,0.000343442738495,4.90436794015,1,1.10335633602,0
275,0.5,stable,0.00199875475759,0.00679638637815,0.000448428660833,6.84511960272,1,1.29601366888,0
275,0.5,fragile,0.00199875475759,0.00679638637815,0.000448428660833,6.84511960272,1,1.29601366888,0
275,1,stable,0.00199115653777,0.0136270019359,0.000683211704852,9.51984331022,1,1.57255352117,0
275,1,fragile,0.00199115653777,0.0136270019359,0.000683211704852,9.51984331022,1,1.57255352117,0
275,2,stable,0.00197596027097,0.0271476263864,0.00124331091643,15.0698433102,1,2.14855352117,0
275,2,fragile,0.00184288897072,0.0758952183176,0.00238206196978,34.6424791972,0.350591198146,2.85258627811,0.999807681638
275,4,stable,0.00194513718112,0.0536354172728,0.00242636030452,26.1698433102,0.968237811618,3.30055352117,0.0779423096628
275,4,fragile,0.00175080688194,0.172212307938,0.00729539527456,113.186911558,0.2,6.68555390827,0.999999999995
276,0,stable,0.00113000471253,0.00101349101626,0.000289321263481,4.82905394412,1,1.09474902219,0
276,0,fragile,0.00113000471253,0.00101349101626,0.000289321263481,4.82905394412,1,1.09474902219,0
276,0.5,stable,0.00112241308049,0.0072028625985,0.000420291650819,6.88566652927,1,1.30064760335,0
276,0.5,fragile,0.00112241308049,0.0072028625985,0.000420291650819,6.88566652927,1,1.30064760335,0
276,1,stable,0.00111482150602,0.0136989794725,0.00067241205414,9.54317152927,1,1.57521960335,0
276,1,fragile,0.00111482150602,0.0136989794725,0.00067241205414,9.54317152927,1,1.57521960335,0
276,2,stable,0.00109963852977,0.027198654519,0.00124530623938,14.9654727784,1,2.13662546039,0
276,2,fragile,0.000968411442517,0.0731395110402,0.00231512877841,34.0462838558,0.369745729448,2.87898059095,0.999711865643
276,4,stable,0.00106882302728,0.0536850560656,0.00243586140442,26.0654727784,0.967581738939,3.28862546039,0.0811610124591
276,4,fragile,0.000874673863359,0.173076017261,0.00736747540804,113.946080729,0.2,6.75297164897,0.999999999992
277,0,stable,-8.62036620186e-06,0.0019387926145,0.00034256054905,4.84372169172,1,1.0964253362,0
277,0,fragile,-8.62036620186e-06,0.0019387926145,0.00034256054905,4.84372169172,1,1.0964253362,0
277,0.5,stable,-1.62033639763e-05,0.00616342280343,0.000438893416447,7.0132915406,1,1.31523331893,0
277,0.5,fragile,-1.62033639763e-05,0.00616342280343,0.000438893416447,7.0132915406,1,1.31523331893,0
277,1,stable,-2.37863042495e-05,0.0129983914775,0.000671164475218,9.7567915406,1,1.59963331893,0
277,1,fragile,-2.37863042495e-05,0.0129983914775,0.000671164475218,9.7567915406,1,1.59963331893,0
277,2,stable,-3.89520122884e-05,0.0265276325527,0.00123036346583,15.2437915406,1,2.16843331893,0
277,2,fragile,-0.000167616819573,0.0673484762971,0.0021081163922,30.8170740224,0.419866500911,2.74834041812,0.999294856274
277,4,stable,-6.95526796193e-05,0.0530323039725,0.00241355234965,26.2177915406,0.975674608954,3.30603331893,0.0503744170003
277,4,fragile,-0.000263523349182,0.168314651835,0.00707500394367,112.636380336,0.2,6.65014358099,0.999999999968
278,0,stable,-0.00118636419089,0.00438865946622,0.000300389613066,4.97560583705,1,1.11149780995,0
278,0,fragile,-0.00118636419089,0.00438865946622,0.000300389613066,4.97560583705,1,1.11149780995,0
278,0.5,stable,-0.00119393825776,0.00646913802146,0.000411951702658,6.98072262098,1,1.31151115668,0
278,0.5,fragile,-0.00119393825776,0.00646913802146,0.000411951702658,6.98072262098,1,1.31151115668,0
278,1,stable,-0.0012015122672,0.0133020041829,0.000657060964878,9.75572262098,1,1.59951115668,0
278,1,fragile,-0.0012015122672,0.0133020041829,0.000657060964878,9.75572262098,1,1.59951115668,0
278,2,stable,-0.00121666011376,0.0268270835126,0.00122614957722,15.305722621,1,2.17551115668,0
278,2,fragile,-0.00134743756677,0.0642160792996,0.00193399492203,28.5741073921,0.449581214758,2.57246484106,0.998726679086
278,4,stable,-0.00124719999898,0.0533236017998,0.00241531835764,26.405722621,0.980400497759,3.32751115668,0.0459783392479
278,4,fragile,-0.00144225438967,0.168354344917,0.00707077033328,114.156719675,0.2,6.80985380306,0.999999999953
279,0,stable,0.000767768063377,0.00174699457042,0.000328799328578,5.15089108172,1,1.13153040934,0
279,0,fragile,0.000767768063377,0.00174699457042,0.000328799328578,5.15089108172,1,1.13153040934,0
279,0.5,stable,0.000760179178199,0.00753729267489,0.000463861622062,7.15304316266,1,1.33120493288,0
279,0.5,fragile,0.000760179178199,0.00753729267489,0.000463861622062,7.15304316266,1,1.33120493288,0
279,1,stable,0.000752590350568,0.0143628127557,0.000710479296623,9.92804316266,1,1.61920493288,0
279,1,fragile,0.000752590350568,0.0143628127557,0.000710479296623,9.92804316266,1,1.61920493288,0
279,2,stable,0.000737412867946,0.0278733511416,0.00127736883695,15.4780431627,1,2.19520493288,0
279,2,fragile,0.000607507201704,0.071238945794,0.00222586513046,32.0111063655,0.395206394111,2.81461905273,0.999478948021
279,4,stable,0.000706765525603,0.0543413827654,0.00246380620728,26.5780431627,0.972072066386,3.34720493288,0.0543882115056
279,4,fragile,0.000512656475772,0.170647591634,0.00717395938799,113.268093408,0.2,6.69505079116,0.999999999981
280,0,stable,0.000561418156599,0.00205793124699,0.000301320876704,4.86946468283,1,1.09936739232,0
280,0,fragile,0.000561418156599,0.00205793124699,0.000301320876704,4.86946468283,1,1.09936739232,0
280,0.5,stable,0.000553830836186,0.00668327189251,0.000422650955694,7.45009554093,1,1.36515377611,0
280,0.5,fragile,0.000553830836186,0.00668327189251,0.000422650955694,7.45009554093,1,1.36515377611,0
280,1,stable,0.000546243573307,0.0135146653789,0.000670095523428,10.2250955409,1,1.65315377611,0
280,1,fragile,0.000546243573307,0.0135146653789,0.000670095523428,10.2250955409,1,1.65315377611,0
280,2,stable,0.000531069220155,0.0270368296733,0.00123995170573,15.7750955409,1,2.22915377611,0
280,2,fragile,0.000401682118977,0.0698527192132,0.00216877566686,31.121235931,0.4027941536,2.74219717368,0.999278019862
280,4,stable,0.00050044714073,0.0535276372148,0.00242901187318,26.8750955409,0.975483492263,3.38115377611,0.0510646067059
280,4,fragile,0.000306336601845,0.169153015892,0.0071095517916,113.205337233,0.2,6.70441256099,0.999999999969
281,0,stable,-0.000345539731235,0.00105666500704,0.000335654934375,4.95009014995,1,1.10858173142,0
281,0,fragile,-0.000345539731235,0.00105666500704,0.000335654934375,4.95009014995,1,1.10858173142,0
281,0.5,stable,-0.000353120174129,0.00668441530221,0.000447416984659,6.84580584453,1,1.29609209652,0
281,0.5,fragile,-0.000353120174129,0.00668441530221,0.000447416984659,6.84580584453,1,1.29609209652,0
281,1,stable,-0.00036070055954,0.013515800925,0.00068575090369,9.50331084453,1,1.57066409652,0
281,1,fragile,-0.00036070055954,0.013515800925,0.00068575090369,9.50331084453,1,1.57066409652,0
281,2,stable,-0.000375861157913,0.0270379496539,0.00124822387859,14.8839518055,1,2.12730877777,0
281,2,fragile,-0.000507318792431,0.0663178156678,0.00203138004532,30.3459300561,0.427991681835,2.65829229403,0.998934029522
281,4,stable,-0.000406451727352,0.0535287267019,0.00243285322081,25.9839518055,0.975827194083,3.27930877777,0.0504086043029
281,4,fragile,-0.000601074864112,0.168177775109,0.00707863748759,113.55165541,0.2,6.7234583333,0.99999999996
282,0,stable,-0.000148508925293,0.00210578168628,0.000307591958087,5.00651100377,1,1.115029829,0
282,0,fragile,-0.000148508925293,0.00210578168628,0.000307591958087,5.00651100377,1,1.115029829,0
282,0.5,stable,-0.000156090862282,0.0073358892457,0.000439765747994,7.36604386849,1,1.35554787068,0
282,0.5,fragile,-0.000156090862282,0.0073358892457,0.000439765747994,7.36604386849,1,1.35554787068,0
282,1,stable,-0.00016367274178,0.0141627944498,0.000689006265643,10.1410438685,1,1.64354787068,0
282,1,fragile,-0.00016367274178,0.0141627944498,0.000689006265643,10.1410438685,1,1.64354787068,0
282,2,stable,-0.00017883632829,0.0276760745697,0.00125899362101,15.6910438685,1,2.21954787068,0
282,2,fragile,-0.000310739769425,0.0747606642266,0.00234541175422,34.6659971813,0.362628255408,2.85956788667,0.999772684799
282,4,stable,-0.000209592117427,0.0541494774303,0.00244726375063,26.7910438685,0.967948688899,3.37154787068,0.0777778769075
282,4,fragile,-0.000403560951526,0.172552250728,0.00729830125911,113.384432122,0.2,6.70276703901,0.999999999994
283,0,stable,0.000322755919039,0.0022116970846,0.000310379452286,5.05397247177,1,1.12045399677,0
283,0,fragile,0.000322755919039,0.0022116970846,0.000310379452286,5.05397247177,1,1.12045399677,0
283,0.5,stable,0.000315170408417,0.00701494011198,0.000434962446165,7.09924344084,1,1.32505639324,0
283,0.5,fragile,0.000315170408417,0.00701494011198,0.000434962446165,7.09924344084,1,1.32505639324,0
283,1,stable,0.000307584955317,0.0138440525977,0.000681618570247,9.87424344084,1,1.61305639324,0
283,1,fragile,0.000307584955317,0.0138440525977,0.000681618570247,9.87424344084,1,1.61305639324,0
283,2,stable,0.000292414221679,0.0273617018446,0.00125023630904,15.4242434408,1,2.18905639324,0
283,2,fragile,0.000162547123229,0.0701622460674,0.0021910969975,31.7880717813,0.40009896665,2.78365737788,0.999460729341
283,4,stable,0.00026179544486,0.0538436641119,0.00243822165584,26.5242434408,0.973693429545,3.34105639324,0.0517868585949
283,4,fragile,6.76083936171e-05,0.16908560363,0.0071088974568,113.430616058,0.2,6.73060620029,0.999999999977
284,0,stable,-0.00191952354814,0.00219427559958,0.000321636900102,4.93662017667,1,1.1070423059,0
284,0,fragile,-0.00191952354814,0.00219427559958,0.000321636900102,4.93662017667,1,1.1070423059,0
284,0.5,stable,-0.00192709205542,0.00695207505663,0.000441423908223,7.23381652432,1,1.34043617421,0
284,0.5,fragile,-0.00192709205542,0.00695207505663,0.000441423908223,7.23381652432,1,1.34043617421,0
284,1,stable,-0.0019346605053,0.0137816198878,0.000684700269134,10.0088165243,1,1.62843617421,0
284,1,fragile,-0.0019346605053,0.0137816198878,0.000684700269134,10.0088165243,1,1.62843617421,0
284,2,stable,-0.00194979723289,0.0273001249258,0.00125075861134,15.5588165243,1,2.20443617421,0
284,2,fragile,-0.00208125181843,0.0670641759902,0.00202257116298,29.5323515562,0.427069486359,2.59959544073,0.99910548033
284,4,stable,-0.00198032905446,0.0537837637439,0.00243739917819,26.6588165243,0.977156527477,3.35643617421,0.0485439237349
284,4,fragile,-0.00217463176963,0.168435166956,0.00706483593899,113.529477523,0.2,6.74171273132,0.999999999969
285,0,stable,-0.00259426877863,0.00266673715571,0.000342369487138,5.10075293904,1,1.12580033589,0
285,0,fragile,-0.00259426877863,0.00266673715571,0.000342369487138,5.10075293904,1,1.12580033589,0
285,0.5,stable,-0.00260183216927,0.00737629907369,0.000466595433436,7.05272181188,1,1.31973963564,0
285,0.5,fragile,-0.00260183216927,0.00737629907369,0.000466595433436,7.05272181188,1,1.31973963564,0
285,1,stable,-0.00260939550255,0.0142029263649,0.000707644226884,9.81087616743,1,1.60581441914,0
285,1,fragile,-0.00260939550255,0.0142029263649,0.000707644226884,9.81087616743,1,1.60581441914,0
285,2,stable,-0.00262452199707,0.02771565638,0.00127063854821,15.3608761674,1,2.18181441914,0
285,2,fragile,-0.00275668154736,0.0685506321021,0.00207867800804,30.7351064443,0.421624240497,2.62167668216,0.999130654755
285,4,stable,-0.00265503445768,0.0541879815492,0.00245508048615,26.4608761674,0.977015279102,3.33381441914,0.0487697150726
285,4,fragile,-0.00284968344484,0.168427296372,0.0070739687358,114.020739617,0.2,6.77883431811,0.999999999967
286,0,stable,-0.00204431059047,0.00384385361785,0.000321017533095,4.9381457584,1,1.1072166581,0
286,0,fragile,-0.00204431059047,0.00384385361785,0.000321017533095,4.9381457584,1,1.1072166581,0
286,0.5,stable,-0.00205187815148,0.00675340353404,0.000430347738349,6.86431620561,1,1.29820756635,0
286,0.5,fragile,-0.00205187815148,0.00675340353404,0.000430347738349,6.86431620561,1,1.29820756635,0
286,1,stable,-0.0020594456551,0.0135843147001,0.0006707463871,9.60781620561,1,1.58260756635,0
286,1,fragile,-0.0020594456551,0.0135843147001,0.0006707463871,9.60781620561,1,1.58260756635,0
286,2,stable,-0.00207458049019,0.0271055242823,0.00123570532786,15.0948162056,1,2.15140756635,0
286,2,fragile,-0.00220619692331,0.0662087204879,0.00198185389825,29.0926193216,0.434496487571,2.62314995103,0.999194731099
286,4,stable,-0.00210510516003,0.05359446148,0.00242219279159,26.0688162056,0.978595468057,3.28900756635,0.0479374368466
286,4,fragile,-0.00229993103065,0.167893733866,0.00704987208331,113.977559768,0.2,6.77272097913,0.999999999972
287,0,stable,-0.000895170412457,0.00225180550853,0.000308714870758,5.02364031073,1,1.11698746408,0
287,0,fragile,-0.000895170412457,0.00225180550853,0.000308714870758,5.02364031073,1,1.11698746408,0
287,0.5,stable,-0.000902746687466,0.00671869665608,0.000429679905212,7.11418026174,1,1.32676345848,0
287,0.5,fragile,-0.000902746687466,0.00671869665608,0.000429679905212,7.11418026174,1,1.32676345848,0
287,1,stable,-0.000910322905025,0.0135498465137,0.000675647386598,9.88918026174,1,1.61476345848,0
287,1,fragile,-0.000910322905025,0.0135498465137,0.000675647386598,9.88918026174,1,1.61476345848,0
287,2,stable,-0.000925475167788,0.0270715285657,0.0012441512741,15.4391802617,1,2.19076345848,0
287,2,fragile,-0.00105411368835,0.0689914647133,0.00214289214924,31.0456183804,0.408439916652,2.75786530761,0.999326473446
287,4,stable,-0.000956056643651,0.0535613913627,0.00243234469251,26.5391802617,0.974227729567,3.34276345848,0.0517743877281
287,4,fragile,-0.00114974807345,0.169511617963,0.00713272277235,113.210505666,0.2,6.71363771169,0.999999999976
288,0,stable,0.000595958604873,0.00109961675466,0.000311233794199,4.82609166884,1,1.09441047644,0
288,0,fragile,0.000595958604873,0.00109961675466,0.000311233794199,4.82609166884,1,1.09441047644,0
288,0.5,stable,0.000588371022538,0.0061027191172,0.000414974262269,6.86441076181,1,1.29821837278,0
288,0.5,fragile,0.000588371022538,0.0061027191172,0.000414974262269,6.86441076181,1,1.29821837278,0
288,1,stable,0.000580783497741,0.0129381052721,0.000655816607443,9.60791076181,1,1.58261837278,0
288,1,fragile,0.000580783497741,0.0129381052721,0.000655816607443,9.60791076181,1,1.58261837278,0
288,2,stable,0.000565608620755,0.0264681727154,0.00122210590899,15.0949107618,1,2.15141837278,0
288,2,fragile,0.000437562035273,0.067149655132,0.00208341134672,30.4462902424,0.416757064531,2.74807217214,0.999269244486
288,4,stable,0.000534986121171,0.0529744630445,0.00240941734468,26.0689107618,0.974891869069,3.28901837278,0.0509645888876
288,4,fragile,0.000341015195976,0.168107942827,0.00706800615476,112.651521413,0.2,6.65778510551,0.999999999969
289,0,stable,0.000280851082989,0.00116253032546,0.000361380318664,5.08495211728,1,1.12399452769,0
289,0,fragile,0.000280851082989,0.00116253032546,0.000361380318664,5.08495211728,1,1.12399452769,0
289,0.5,stable,0.000273265890137,0.00759791911115,0.000493164076655,7.10495918516,1,1.32570962116,0
289,0.5,fragile,0.000273265890137,0.00759791911115,0.000493164076655,7.10495918516,1,1.32570962116,0
289,1,stable,0.0002656807548,0.0144230222423,0.000733744164438,9.76246418516,1,1.60028162116,0
289,1,fragile,0.0002656807548,0.0144230222423,0.000733744164438,9.76246418516,1,1.60028162116,0
289,2,stable,0.000250510656682,0.0279327353118,0.00129475238761,15.0774741852,1,2.14942562116,0
289,2,fragile,0.00012224433999,0.0684903274557,0.00214690372675,30.5973255721,0.416008540303,2.82292281559,0.999202603648
289,4,stable,0.000219886918031,0.0543991500865,0.00247722845377,26.1501207422,0.972568585181,3.2982995134,0.0528836871813
289,4,fragile,2.54574795513e-05,0.169017506681,0.00710718666558,113.508881124,0.2,6.72049124117,0.999999999965
290,0,stable,-0.000605742053298,0.00339765550258,0.000350810017113,5.03072289895,1,1.11779690274,0
290,0,fragile,-0.000605742053298,0.00339765550258,0.000350810017113,5.03072289895,1,1.11779690274,0
290,0.5,stable,-0.00061332052306,0.00754123943828,0.000473312109594,7.33584323428,1,1.35209636963,0
290,0.5,fragile,-0.00061332052306,0.00754123943828,0.000473312109594,7.33584323428,1,1.35209636963,0
290,1,stable,-0.000620898935354,0.0141023273246,0.00071241536945,10.0793432343,1,1.63649636963,0
290,1,fragile,-0.000620898935354,0.0141023273246,0.00071241536945,10.0793432343,1,1.63649636963,0
290,2,stable,-0.000636055587543,0.0276164362925,0.00127366484264,15.5663432343,1,2.20529636963,0
290,2,fragile,-0.000765906538861,0.0713827853001,0.00223927133332,31.9959187851,0.392280009692,2.82016252982,0.99954288487
290,4,stable,-0.000666776183658,0.0540914629208,0.00245691861188,26.5403432343,0.971973351907,3.34289636963,0.0741374950214
290,4,fragile,-0.000860428388839,0.171154725578,0.0072196211376,113.892068087,0.2,6.74962235464,0.999999999983
291,0,stable,-0.000855712636858,0.00222356284346,0.000321016018017,5.04835564809,1,1.11981207407,0
291,0,fragile,-0.000855712636858,0.00222356284346,0.000321016018017,5.04835564809,1,1.11981207407,0
291,0.5,stable,-0.00086328921108,0.00692995880345,0.000441463617804,7.0107476564,1,1.3149425893,0
291,0.5,fragile,-0.00086328921108,0.00692995880345,0.000441463617804,7.0107476564,1,1.3149425893,0
291,1,stable,-0.000870865727846,0.013759655736,0.000685042763939,9.7542476564,1,1.5993425893,0
291,1,fragile,-0.000870865727846,0.013759655736,0.000685042763939,9.7542476564,1,1.5993425893,0
291,2,stable,-0.000886018589021,0.0272784618457,0.00125129308128,15.2736526835,1,2.17184602097,0
291,2,fragile,-0.00101497488146,0.0696304830133,0.00215051328213,31.100523952,0.405769685233,2.77703279672,0.999472202442
291,4,stable,-0.000916605373138,0.0537626904832,0.00243794873425,26.3736526835,0.974093374655,3.32384602097,0.0524852469448
291,4,fragile,-0.00111037584403,0.169351035853,0.00711061330596,112.976225757,0.2,6.67173798215,0.999999999978
292,0,stable,-0.00113319325988,0.00126352245274,0.00029079951081,4.85127233268,1,1.09728826659,0
292,0,fragile,-0.00113319325988,0.00126352245274,0.00029079951081,4.85127233268,1,1.09728826659,0
292,0.5,stable,-0.00114076772995,0.00719714530102,0.000429953843749,7.57668260518,1,1.37962086916,0
292,0.5,fragile,-0.00114076772995,0.00719714530102,0.000429953843749,7.57668260518,1,1.37962086916,0
292,1,stable,-0.00114834214258,0.0140250046967,0.000683893910326,10.3201826052,1,1.66402086916,0
292,1,fragile,-0.00114834214258,0.0140250046967,0.000683893910326,10.3201826052,1,1.66402086916,0
292,2,stable,-0.00116349079553,0.027540173558,0.0012574084014,15.8071826052,1,2.23282086916,0
292,2,fragile,-0.00129361270214,0.0728743338077,0.00227147468465,32.9202868019,0.379909969524,2.83568588343,0.999623930156
292,4,stable,-0.00119420014304,0.054017276587,0.00244787086907,26.7811826052,0.970593147471,3.37042086916,0.0749803239823
292,4,fragile,-0.00138750648457,0.172062393462,0.00726677759765,113.287564021,0.2,6.72932785034,0.999999999988
293,0,stable,0.00145565742697,0.000940594832364,0.000316486073747,5.00355551059,1,1.11469205835,0
293,0,fragile,0.00145565742697,0.000940594832364,0.000316486073747,5.00355551059,1,1.11469205835,0
293,0.5,stable,0.00144806332549,0.00710757224223,0.000438560954674,7.1976466227,1,1.33630247117,0
293,0.5,fragile,0.00144806332549,0.00710757224223,0.000438560954674,7.1976466227,1,1.33630247117,0
293,1,stable,0.00144046928159,0.0137160846674,0.000683419788718,9.9411466227,1,1.62070247117,0
293,1,fragile,0.00144046928159,0.0137160846674,0.000683419788718,9.9411466227,1,1.62070247117,0
293,2,stable,0.00142528136655,0.0272354880239,0.00125067192444,15.4281466227,1,2.18950247117,0
293,2,fragile,0.00129531277843,0.0706405437027,0.00220794782351,32.0590828574,0.39798056567,2.78716094338,0.999415737417
293,4,stable,0.00139450590025,0.0537208867069,0.00243789662484,26.4021466227,0.973159472071,3.32710247117,0.0726529935032
293,4,fragile,0.00120036571751,0.170292120551,0.00719759884801,114.507443152,0.2,6.83098662444,0.999999999976
294,0,stable,0.00190126856105,0.000954907515144,0.000363988164863,5.08028146376,1,1.12346073872,0
294,0,fragile,0.00190126856105,0.000954907515144,0.000363988164863,5.08028146376,1,1.12346073872,0
294,0.5,stable,0.00189367108047,0.00706552291494,0.000481356273187,7.58579554539,1,1.38066234804,0
294,0.5,fragile,0.00189367108047,0.00706552291494,0.000481356273187,7.58579554539,1,1.38066234804,0
294,1,stable,0.0018860736575,0.0138942875247,0.000716571671134,10.3292955454,1,1.66506234804,0
294,1,fragile,0.0018860736575,0.0138942875247,0.000716571671134,10.3292955454,1,1.66506234804,0
294,2,stable,0.00187087898439,0.0274112481806,0.00127462975715,15.8162955454,1,2.23386234804,0
294,2,fragile,0.00173774552686,0.0766971604142,0.00244329077221,35.2286371653,0.340934666084,2.97001980152,0.999856031861
294,4,stable,0.00184001340248,0.0538918614528,0.00245543814524,26.7902955454,0.96256982608,3.37146234804,0.0856500625262
294,4,fragile,0.00164399087681,0.175720754272,0.00757804934906,111.852355698,0.2,7.00238784467,0.999999999999
295,0,stable,0.000180454672622,0.00167579869495,0.000341569222179,4.93897200294,1,1.10731108605,0
295,0,fragile,0.000180454672622,0.00167579869495,0.000341569222179,4.93897200294,1,1.10731108605,0
295,0.5,stable,0.000172870241079,0.00535383060365,0.000402411108581,6.70808985887,1,1.28035312673,0
295,0.5,fragile,0.000172870241079,0.00535383060365,0.000402411108581,6.70808985887,1,1.28035312673,0
295,1,stable,0.000165285867049,0.012194367132,0.000624303201688,9.45158985887,1,1.56475312673,0
295,1,fragile,0.000165285867049,0.012194367132,0.000624303201688,9.45158985887,1,1.56475312673,0
295,2,stable,0.000150117291528,0.025734629303,0.00118027874842,14.9385898589,1,2.13355312673,0
295,2,fragile,1.7219413625e-05,0.0664853629839,0.00200100963295,29.8798108031,0.421537474116,2.61243761819,0.999278667879
295,4,stable,0.000119524685014,0.0522608917728,0.00236329177205,25.9125898589,0.97920073737,3.27115312673,0.0479067599908
295,4,fragile,-7.51302359466e-05,0.166880145924,0.00700568466596,113.030845587,0.2,6.67903570278,0.999999999973
296,0,stable,-0.00130875457086,0.00262049282007,0.000336305965637,5.0103789891,1,1.11547188447,0
296,0,fragile,-0.00130875457086,0.00262049282007,0.000336305965637,5.0103789891,1,1.11547188447,0
296,0.5,stable,-0.00131632770963,0.00778372944139,0.000468469087152,7.30576051415,1,1.34865834447,0
296,0.5,fragile,-0.00131632770963,0.00778372944139,0.000468469087152,7.30576051415,1,1.34865834447,0
296,1,stable,-0.00132390079098,0.0143855517515,0.000713007355691,9.80159359115,1,1.60475355327,0
296,1,fragile,-0.00132390079098,0.0143855517515,0.000713007355691,9.80159359115,1,1.60475355327,0
296,2,stable,-0.00133904678139,0.0278957784445,0.00127823149635,15.1100716213,1,2.15315104243,0
296,2,fragile,-0.0014707831737,0.0671905168674,0.0020584090537,30.2284192028,0.431387913716,2.69161388961,0.998996619359
296,4,stable,-0.00136961177273,0.0543631994415,0.00246392843267,26.2100716213,0.97662999711,3.30515104243,0.0510685969993
296,4,fragile,-0.00156455907356,0.168961552916,0.0071046864019,114.304048992,0.2,6.77313998965,0.999999999964
297,0,stable,0.000472890203383,0.00215014375431,0.000328716860188,4.85385736091,1,1.09758369839,0
297,0,fragile,0.000472890203383,0.00215014375431,0.000328716860188,4.85385736091,1,1.09758369839,0
297,0.5,stable,0.000465303554284,0.00839412513968,0.000474374066948,7.3439197336,1,1.35301939813,0
297,0.5,fragile,0.000465303554284,0.00839412513968,0.000474374066948,7.3439197336,1,1.35301939813,0
297,1,stable,0.000457716962714,0.0148903275984,0.000724266081749,10.0014247336,1,1.62759139813,0
297,1,fragile,0.000457716962714,0.0148903275984,0.000724266081749,10.0014247336,1,1.62759139813,0
297,2,stable,0.000442543952162,0.0283936351193,0.00129278243429,15.3164347336,1,2.17673539813,0
297,2,fragile,0.00030872168966,0.0778871777287,0.00246604994528,35.3732070857,0.338671236253,2.94035526989,0.999853980063
297,4,stable,0.000411611623,0.0548475010036,0.00247942430948,26.0239798571,0.963764864038,3.28388341224,0.103413898713
297,4,fragile,0.000217090258477,0.175095180949,0.00746891679413,114.516533854,0.2,6.79158290438,0.999999999997
298,0,stable,0.00184616565179,0.000847161725452,0.000340950475085,4.85246902179,1,1.09742503106,0
298,0,fragile,0.00184616565179,0.000847161725452,0.000340950475085,4.85246902179,1,1.09742503106,0
298,0.5,stable,0.00183856858905,0.00720348117037,0.000465782039136,7.39235060305,1,1.35855435463,0
298,0.5,fragile,0.00183856858905,0.00720348117037,0.000465782039136,7.39235060305,1,1.35855435463,0
298,1,stable,0.00183097158393,0.014031296992,0.000707257527397,9.96668300305,1,1.62362091463,0
298,1,fragile,0.00183097158393,0.014031296992,0.000707257527397,9.96668300305,1,1.62362091463,0
298,2,stable,0.0018157777465,0.0275463796022,0.00127058949936,15.115347803,1,2.15375403463,0
298,2,fragile,0.00168586474161,0.0707227962643,0.00222983782725,32.3409407803,0.390441324183,2.82007172142,0.999472130778
298,4,stable,0.00178509394619,0.0540233136597,0.00245484549088,25.827333674,0.970230131615,3.26140956274,0.0550075672128
298,4,fragile,0.00159039899785,0.170001018404,0.00716821550756,113.341886925,0.2,6.69777985898,0.999999999979
299,0,stable,-0.00111777015468,0.00281737512182,0.00032474724385,4.95174527718,1,1.10877088882,0
299,0,fragile,-0.00111777015468,0.00281737512182,0.00032474724385,4.95174527718,1,1.10877088882,0
299,0.5,stable,-0.0011253447417,0.00739509667993,0.00045471821301,7.5414992352,1,1.37559991259,0
299,0.5,fragile,-0.0011253447417,0.00739509667993,0.00045471821301,7.5414992352,1,1.37559991259,0
299,1,stable,-0.00113291927128,0.0142215946933,0.000700450679674,10.2849992352,1,1.65999991259,0
299,1,fragile,-0.00113291927128,0.0142215946933,0.000700450679674,10.2849992352,1,1.65999991259,0
299,2,stable,-0.00114806815814,0.0277340688139,0.00126728845144,15.7719992352,1,2.22879991259,0
299,2,fragile,-0.00127947668335,0.0664687367879,0.00200329858059,29.401241898,0.437947391921,2.63678508925,0.998896468885
299,4,stable,-0.00117862507444,0.0542058926689,0.00245392425,26.7459992352,0.977761798577,3.36639991259,0.0486328273501
299,4,fragile,-0.00137390126412,0.168229408692,0.00704010522366,113.720444623,0.2,6.73063206413,0.999999999961
300,0,stable,0.00259589322812,0.000900489687951,0.000306475772401,4.83455612207,1,1.09537784252,0
300,0,fragile,0.00259589322812,0.000900489687951,0.000306475772401,4.83455612207,1,1.09537784252,0
300,0.5,stable,0.00258829048016,0.00532657516127,0.000389832544285,6.60240553487,1,1.26827491827,0
300,0.5,fragile,0.00258829048016,0.00532657516127,0.000389832544285,6.60240553487,1,1.26827491827,0
300,1,stable,0.00258068778984,0.0121672991351,0.00062655091306,9.37740553487,1,1.55627491827,0
300,1,fragile,0.00258068778984,0.0121672991351,0.00062655091306,9.37740553487,1,1.55627491827,0
300,2,stable,0.00256548258217,0.0257079323383,0.00119223453082,14.9274055349,1,2.13227491827,0
300,2,fragile,0.00243622705318,0.0689449072183,0.00215640574083,31.7981170282,0.401970657462,2.73773393033,0.999338625974
300,4,stable,0.00253479025807,0.0522349216847,0.00238013813691,26.0274055349,0.974417073788,3.28427491827,0.0524580441426
300,4,fragile,0.00234078578585,0.169356232856,0.00714610793391,112.464389457,0.2,6.64164196229,0.999999999973
301,0,stable,-0.000320659921596,0.00237152084268,0.000305857271553,4.97866106303,1,1.11184697863,0
301,0,fragile,-0.000320659921596,0.00237152084268,0.000305857271553,4.97866106303,1,1.11184697863,0
301,0.5,stable,-0.000328240553156,0.00744427329155,0.000447542858787,7.54310522616,1,1.37578345442,0
301,0.5,fragile,-0.000328240553156,0.00744427329155,0.000447542858787,7.54310522616,1,1.37578345442,0
301,1,stable,-0.000335821127231,0.0141699454021,0.000699710776607,10.3181052262,1,1.66378345442,0
301,1,fragile,-0.000335821127231,0.0141699454021,0.000699710776607,10.3181052262,1,1.66378345442,0
301,2,stable,-0.000350982102927,0.0276831275009,0.00127116488052,15.8681052262,1,2.23978345442,0
301,2,fragile,-0.000479938602664,0.0698698460295,0.0021809870842,31.0472552568,0.404928970269,2.77209877369,0.999211847777
301,4,stable,-0.00038168376718,0.0541563383319,0.00246039278789,26.9681052262,0.975124545434,3.39178345442,0.0693876175482
301,4,fragile,-0.000575502420246,0.170031908874,0.00715478577282,113.867170392,0.2,6.76203624228,0.999999999963
302,0,stable,0.000337370324397,0.00253283230976,0.000336716220644,4.82919543788,1,1.0947651929,0
302,0,fragile,0.000337370324397,0.00253283230976,0.000336716220644,4.82919543788,1,1.0947651929,0
302,0.5,stable,0.000329784702954,0.00793773426618,0.000481868060509,7.39640694819,1,1.35901793694,0
302,0.5,fragile,0.000329784702954,0.00793773426618,0.000481868060509,7.39640694819,1,1.35901793694,0
302,1,stable,0.000322199139032,0.0147605003673,0.00073045907674,10.1399069482,1,1.64341793694,0
302,1,fragile,0.000322199139032,0.0147605003673,0.00073045907674,10.1399069482,1,1.64341793694,0
302,2,stable,0.000307028183755,0.0282655874839,0.00129768316417,15.6269069482,1,2.21221793694,0
302,2,fragile,0.00017621177756,0.0655515565103,0.00200949187262,28.9791673249,0.44114755424,2.67527349306,0.998862136168
302,4,stable,0.000276414814885,0.0547229397133,0.00248410475723,26.6009069482,0.976198927754,3.34981793694,0.0507310935658
302,4,fragile,8.10846041708e-05,0.16871698775,0.00709253583085,114.426998209,0.2,6.79486969213,0.999999999955
303,0,stable,-0.0016435793661,0.00328846193638,0.000337092107243,4.96076576406,1,1.10980180161,0
303,0,fragile,-0.0016435793661,0.00328846193638,0.000337092107243,4.96076576406,1,1.10980180161,0
303,0.5,stable,-0.00165114996588,0.00777870457522,0.00046881152965,7.10272804531,1,1.32545463375,0
303,0.5,fragile,-0.00165114996588,0.00777870457522,0.00046881152965,7.10272804531,1,1.32545463375,0
303,1,stable,-0.00165872050825,0.0146025643803,0.000713086272801,9.87772804531,1,1.61345463375,0
303,1,fragile,-0.00165872050825,0.0146025643803,0.000713086272801,9.87772804531,1,1.61345463375,0
303,2,stable,-0.00167386142077,0.0281098163911,0.00127811245921,15.4277280453,1,2.18945463375,0
303,2,fragile,-0.00180755986353,0.0717878800746,0.00218955997282,31.9665552691,0.392188056437,2.73577755977,0.999581330619
303,4,stable,-0.00170454097759,0.0545714097902,0.00246340888586,26.5277280453,0.97216285661,3.34145463375,0.0725838828382
303,4,fragile,-0.00189851978009,0.171042434173,0.00719849625338,114.681831124,0.2,6.82869571487,0.999999999988
304,0,stable,-7.18615341065e-05,0.00203714996017,0.000310877850528,4.74569945658,1,1.08522279504,0
304,0,fragile,-7.18615341065e-05,0.00203714996017,0.000310877850528,4.74569945658,1,1.08522279504,0
304,0.5,stable,-7.94440523184e-05,0.00690113688985,0.000428859228035,7.16559017569,1,1.33263887722,0
304,0.5,fragile,-7.94440523184e-05,0.00690113688985,0.000428859228035,7.16559017569,1,1.33263887722,0
304,1,stable,-8.70265130343e-05,0.0137310320409,0.000673609721983,9.90909017569,1,1.61703887722,0
304,1,fragile,-8.70265130343e-05,0.0137310320409,0.000673609721983,9.90909017569,1,1.61703887722,0
304,2,stable,-0.000102191261968,0.0272502305076,0.00124139983864,15.3960901757,1,2.18583887722,0
304,2,fragile,-0.000232579147203,0.071933846274,0.00223790943973,32.6238165199,0.383005237825,2.81158002519,0.99967060662
304,4,stable,-0.000132813924749,0.053735227798,0.00242899452527,26.3700901757,0.971278366867,3.32343887722,0.0545793320073
304,4,fragile,-0.000326707282557,0.170396108775,0.00717420714286,112.921595307,0.2,6.67291310239,0.999999999989
305,0,stable,-0.000658809818173,0.00218737161648,0.000286574180923,4.86465329025,1,1.09881751889,0
305,0,fragile,-0.000658809818173,0.00218737161648,0.000286574180923,4.86465329025,1,1.09881751889,0
305,0.5,stable,-0.000666387885521,0.00697254819302,0.000422319176859,7.23159788702,1,1.34018261566,0
305,0.5,fragile,-0.000666387885521,0.00697254819302,0.000422319176859,7.23159788702,1,1.34018261566,0
305,1,stable,-0.000673965895404,0.0138019522231,0.000676118949352,10.006597887,1,1.62818261566,0
305,1,fragile,-0.000673965895404,0.0138019522231,0.000676118949352,10.006597887,1,1.62818261566,0
305,2,stable,-0.000689121742773,0.0273201785573,0.00124994695424,15.556597887,1,2.20418261566,0
305,2,fragile,-0.000818657106561,0.0710910219468,0.00222576066534,32.4432766224,0.390331334653,2.78652815086,0.999572790523
305,4,stable,-0.0007198319247,0.0538032713765,0.00244041720839,26.656597887,0.971085952875,3.35618261566,0.0726916233813
305,4,fragile,-0.000913376430816,0.170875118937,0.0072077656008,112.585365099,0.2,6.64243724522,0.999999999987
306,0,stable,0.00044751253848,0.00201621533102,0.000322772995201,4.77236125141,1,1.0882698573,0
306,0,fragile,0.00044751253848,0.00201621533102,0.000322772995201,4.77236125141,1,1.0882698573,0
306,0.5,stable,0.000439926081822,0.00666426466757,0.000435267970484,7.05961495543,1,1.32052742348,0
306,0.5,fragile,0.000439926081822,0.00666426466757,0.000435267970484,7.05961495543,1,1.32052742348,0
306,1,stable,0.000432339682692,0.0134957888734,0.000676231192999,9.80311495543,1,1.60492742348,0
306,1,fragile,0.000432339682692,0.0134957888734,0.000676231192999,9.80311495543,1,1.60492742348,0
306,2,stable,0.000417167057013,0.0270182119159,0.00124121445712,15.2901149554,1,2.17372742348,0
306,2,fragile,0.000287457434846,0.0702993596143,0.00219953631569,32.3585803887,0.392821812206,2.8664388359,0.999599232425
306,4,stable,0.000386418767069,0.053509526362,0.00242676055697,26.2641149554,0.969638274182,3.31132742348,0.0734148826432
306,4,fragile,0.000192559566951,0.16998083606,0.00718053840831,113.077555211,0.2,6.68442860153,0.999999999987
307,0,stable,0.00119663642454,5.35166172204e-05,0.000324309536662,4.93576716077,1,1.10694481837,0
307,0,fragile,0.00119663642454,5.35166172204e-05,0.000324309536662,4.93576716077,1,1.10694481837,0
307,0.5,stable,0.00118904428722,0.00589829306019,0.000415728637139,7.09721871938,1,1.3248249965,0
307,0.5,fragile,0.00118904428722,0.00589829306019,0.000415728637139,7.09721871938,1,1.3248249965,0
307,1,stable,0.00118145220748,0.012735085126,0.000650414133044,9.75472371938,1,1.5993969965,0
307,1,fragile,0.00118145220748,0.012735085126,0.000650414133044,9.75472371938,1,1.5993969965,0
307,2,stable,0.00116626822071,0.0262679354508,0.00121289690229,15.0697337194,1,2.1485409965,0
307,2,fragile,0.00103619562691,0.0706374787855,0.00220942282728,32.6877391115,0.390348087921,2.75293289891,0.999468270658
307,4,stable,0.0011355096076,0.0527796776274,0.00239828050337,25.9047642,0.973451539719,3.27025876572,0.0711749046785
307,4,fragile,0.000941312013042,0.169444920827,0.00716413135571,113.86372773,0.2,6.75848469433,0.999999999979
308,0,stable,8.8854486795e-05,0.00159569695588,0.00032268802259,5.02763171882,1,1.11744362501,0
308,0,fragile,8.8854486795e-05,0.00159569695588,0.00032268802259,5.02763171882,1,1.11744362501,0
308,0.5,stable,8.12707498634e-05,0.00775510338786,0.000469390361745,7.26955702859,1,1.34452080327,0
308,0.5,fragile,8.12707498634e-05,0.00775510338786,0.000469390361745,7.26955702859,1,1.34452080327,0
308,1,stable,7.36870704399e-05,0.0145791255067,0.000720473236167,10.0445570286,1,1.63252080327,0
308,1,fragile,7.36870704399e-05,0.0145791255067,0.000720473236167,10.0445570286,1,1.63252080327,0
308,2,stable,5.8519884111e-05,0.0280866988039,0.00129005980109,15.5945570286,1,2.20852080327,0
308,2,fragile,-7.09232462943e-05,0.0711108570954,0.0022394296915,32.1003497583,0.393701062566,2.86903108556,0.999510843714
308,4,stable,2.7776677475e-05,0.0545489216241,0.00247743524125,26.6945570286,0.969732081371,3.36052080327,0.0743906555844
308,4,fragile,-0.000166099462326,0.171335331803,0.00723736579435,113.790981063,0.2,6.75975463998,0.999999999982
309,0,stable,-0.00107263499262,0.00269162026963,0.000296407128353,4.76334465903,1,1.0872393896,0
309,0,fragile,-0.00107263499262,0.00269162026963,0.000296407128353,4.76334465903,1,1.0872393896,0
309,0.5,stable,-0.0010802099219,0.00705572564739,0.000421507927877,6.76594065557,1,1.28696464635,0
309,0.5,fragile,-0.0010802099219,0.00705572564739,0.000421507927877,6.76594065557,1,1.28696464635,0
309,1,stable,-0.00108778479375,0.0138842469,0.000670846704804,9.45718753518,1,1.56539286116,0
309,1,fragile,-0.00108778479375,0.0138842469,0.000670846704804,9.45718753518,1,1.56539286116,0
309,2,stable,-0.00110293436511,0.0274013451869,0.00124194681818,15.0071875352,1,2.14139286116,0
309,2,fragile,-0.00123549918841,0.0688698505291,0.0020903903431,31.0809667946,0.411813955259,2.67834042694,0.999374327671
309,4,stable,-0.00113351263299,0.0538822280873,0.00243183822151,26.1071875352,0.975041426453,3.29339286116,0.0521440761773
309,4,fragile,-0.00132782769045,0.169722892253,0.00713845605323,114.468961616,0.2,6.8112321911,0.99999999998
310,0,stable,-0.00416690003891,0.00416690003891,0.000350941273359,4.90285004387,1,1.10318286216,0
310,0,fragile,-0.00416690003891,0.00416690003891,0.000350941273359,4.90285004387,1,1.10318286216,0
310,0.5,stable,-0.00417445150419,0.00665154221417,0.000444906663542,7.03768139,1,1.31802073029,0
310,0.5,fragile,-0.00417445150419,0.00665154221417,0.000444906663542,7.03768139,1,1.31802073029,0
310,1,stable,-0.0041820029122,0.0134831539169,0.000674743448831,9.533514467,1,1.57411593909,0
310,1,fragile,-0.0041820029122,0.0134831539169,0.000674743448831,9.533514467,1,1.57411593909,0
310,2,stable,-0.00419710555645,0.0270057501519,0.00123191564174,14.9434210718,1,2.13410526535,0
310,2,fragile,-0.00432951049796,0.0660513854985,0.0019897471038,29.6310336371,0.438546560739,2.60587412921,0.998812845688
310,4,stable,-0.00422754705318,0.0534974038937,0.00241411921731,26.0434210718,0.982045934051,3.28610526535,0.0446728949958
310,4,fragile,-0.00441908606988,0.165174007029,0.00675909726779,105.842174193,0.2,6.28385348372,0.999999999892
311,0,stable,-0.00195752526475,0.00463258970421,0.000318591764288,5.01090807968,1,1.11553235196,0
311,0,fragile,-0.00195752526475,0.00463258970421,0.000318591764288,5.01090807968,1,1.11553235196,0
311,0.5,stable,-0.00196509348386,0.00717368806338,0.000441578404036,7.13167218345,1,1.32876253525,0
311,0.5,fragile,-0.00196509348386,0.00717368806338,0.000441578404036,7.13167218345,1,1.32876253525,0
311,1,stable,-0.00197266164557,0.0140017087828,0.000686321267416,9.87517218345,1,1.61316253525,0
311,1,fragile,-0.00197266164557,0.0140017087828,0.000686321267416,9.87517218345,1,1.61316253525,0
311,2,stable,-0.00198779779683,0.0275171969709,0.00125331222534,15.3621721835,1,2.18196253525,0
311,2,fragile,-0.00211925384677,0.0669776220008,0.00200351584892,29.7612191167,0.433291536642,2.5801753239,0.999187540059
311,4,stable,-0.00201832566237,0.053994925582,0.00244069908005,26.3361721835,0.978743173948,3.31956253525,0.048029193725
311,4,fragile,-0.00221284746407,0.168906638914,0.00707451660815,114.15052228,0.2,6.79931432168,0.999999999972
312,0,stable,0.000316054249187,0.0027858282924,0.000305066871169,4.95760905367,1,1.10944103471,0
312,0,fragile,0.000316054249187,0.0027858282924,0.000305066871169,4.95760905367,1,1.10944103471,0
312,0.5,stable,0.000308468789384,0.00556722178584,0.000381888559968,7.09910701582,1,1.32504080181,0
312,0.5,fragile,0.000308468789384,0.00556722178584,0.000381888559968,7.09910701582,1,1.32504080181,0
312,1,stable,0.000300883387101,0.0124062907469,0.000617386887731,9.87410701582,1,1.61304080181,0
312,1,fragile,0.000300883387101,0.0124062907469,0.000617386887731,9.87410701582,1,1.61304080181,0
312,2,stable,0.0002857127551,0.0259436479928,0.00118299865792,15.4241070158,1,2.18904080181,0
312,2,fragile,0.000153793273676,0.0639509133939,0.00191014421601,28.8162662312,0.445203154254,2.56758795183,0.998954875401
312,4,stable,0.000255135009668,0.0524642195238,0.0023712488422,26.5241070158,0.981787434076,3.34104080181,0.0445388615206
312,4,fragile,6.00848952979e-05,0.167187542851,0.00699991064928,113.586459579,0.2,6.76722537509,0.999999999962
313,0,stable,-0.000564186835517,0.00198500384188,0.000302255720847,4.92903969574,1,1.10617596523,0
313,0,fragile,-0.000564186835517,0.00198500384188,0.000302255720847,4.92903969574,1,1.10617596523,0
313,0.5,stable,-0.000571765620395,0.00749305576296,0.00044355352384,7.18772837185,1,1.33516895678,0
313,0.5,fragile,-0.000571765620395,0.00749305576296,0.00044355352384,7.18772837185,1,1.33516895678,0
313,1,stable,-0.000579344347803,0.0143188800768,0.000696186438245,9.96272837185,1,1.62316895678,0
313,1,fragile,-0.000579344347803,0.0143188800768,0.000696186438245,9.96272837185,1,1.62316895678,0
313,2,stable,-0.000594501630211,0.0278300206662,0.00126815262293,15.5127283719,1,2.19916895678,0
313,2,fragile,-0.000724481391228,0.0715600646588,0.00223218593934,32.1215093653,0.392430620517,2.7847940887,0.999438963779
313,4,stable,-0.000625099501052,0.0542992320461,0.00245776954533,26.6127283719,0.973309892036,3.35116895678,0.0528719874543
313,4,fragile,-0.000819189975481,0.170339795296,0.00716254204612,113.693521658,0.2,6.74348414262,0.999999999978
314,0,stable,0.00166161425538,0.000850718428182,0.000324020700503,4.87347342999,1,1.09982553486,0
314,0,fragile,0.00166161425538,0.000850718428182,0.000324020700503,4.87347342999,1,1.09982553486,0
314,0.5,stable,0.0016540185921,0.00671688019905,0.000444237173011,7.09388981566,1,1.32444455036,0
314,0.5,fragile,0.0016540185921,0.00671688019905,0.000444237173011,7.09388981566,1,1.32444455036,0
314,1,stable,0.00164642298643,0.0135480425491,0.000687210694019,9.74588275314,1,1.59838660036,0
314,1,fragile,0.00164642298643,0.0135480425491,0.000687210694019,9.74588275314,1,1.59838660036,0
314,2,stable,0.00163123194789,0.0270697493287,0.00125289510488,15.2328827531,1,2.16718660036,0
314,2,fragile,0.00150013895273,0.07306523641,0.00232627185663,34.5915766484,0.365289329842,2.90796313183,0.999731310402
314,4,stable,0.00160040554568,0.0535596605689,0.00243839466886,26.2068827531,0.964781657489,3.30478660036,0.0803479082395
314,4,fragile,0.00140547008004,0.172827052301,0.00738461221673,112.206025945,0.2,6.84042224714,0.999999999995
315,0,stable,-0.000340447696258,0.00236536360177,0.000339880899251,5.07536272566,1,1.12289859722,0
315,0,fragile,-0.000340447696258,0.00236536360177,0.000339880899251,5.07536272566,1,1.12289859722,0
315,0.5,stable,-0.000348028177765,0.00744511064973,0.000476920472719,7.06460607303,1,1.32109783692,0
315,0.5,fragile,-0.000348028177765,0.00744511064973,0.000476920472719,7.06460607303,1,1.32109783692,0
315,1,stable,-0.000355608601788,0.0142712646992,0.000722455444632,9.83960607303,1,1.60909783692,0
315,1,fragile,-0.000355608601788,0.0142712646992,0.000722455444632,9.83960607303,1,1.60909783692,0
315,2,stable,-0.000370769277388,0.0277830579724,0.00128785992853,15.389606073,1,2.18509783692,0
315,2,fragile,-0.000499455560061,0.0703435354069,0.00222028886819,32.1370756931,0.396237392157,2.85894266812,0.999498987157
315,4,stable,-0.00040150378751,0.0542535480026,0.00247266822135,26.489606073,0.968750705323,3.33709783692,0.0751897768137
315,4,fragile,-0.000595374064543,0.171331226364,0.00724897185361,113.079896811,0.2,6.67967874363,0.999999999984
316,0,stable,-0.00169395108464,0.00327259099321,0.000295638522508,4.99863731233,1,1.11412997855,0
316,0,fragile,-0.00169395108464,0.00327259099321,0.000295638522508,4.99863731233,1,1.11412997855,0
316,0.5,stable,-0.00170152130244,0.00773648074975,0.000445164103446,7.25281774171,1,1.34260774191,0
316,0.5,fragile,-0.00170152130244,0.00773648074975,0.000445164103446,7.25281774171,1,1.34260774191,0
316,1,stable,-0.00170909146284,0.0145606309431,0.000701066788945,9.91032274171,1,1.61717974191,0
316,1,fragile,-0.00170909146284,0.0145606309431,0.000701066788945,9.91032274171,1,1.61717974191,0
316,2,stable,-0.00172423161143,0.028068457753,0.00127507083386,15.2586795853,1,2.17013480975,0
316,2,fragile,-0.00185613466217,0.0690176605706,0.0020956919321,30.3896072503,0.418120147154,2.648703637,0.99908396885
316,4,stable,-0.00175478340062,0.0545311772212,0.00246602972895,26.3586795853,0.976282351061,3.32213480975,0.0508308487605
316,4,fragile,-0.001949590893,0.169911253496,0.0071488145081,114.848350279,0.2,6.84418334155,0.999999999966
317,0,stable,0.000755065233784,0.00275861604847,0.000337206591294,5.0778168957,1,1.12317907379,0
317,0,fragile,0.000755065233784,0.00275861604847,0.000337206591294,5.0778168957,1,1.12317907379,0
317,0.5,stable,0.000747476444934,0.00830748932262,0.000488866160446,7.10339620226,1,1.32553099454,0
317,0.5,fragile,0.000747476444934,0.00830748932262,0.000488866160446,7.10339620226,1,1.32553099454,0
317,1,stable,0.000739887713628,0.0151277124863,0.000739477234947,9.87839620226,1,1.61353099454,0
317,1,fragile,0.000739887713628,0.0151277124863,0.000739477234947,9.87839620226,1,1.61353099454,0
317,2,stable,0.000724710423658,0.0286277660739,0.00130773214346,15.4283962023,1,2.18953099454,0
317,2,fragile,0.000595537360811,0.070635463426,0.0021910698901,31.0025393893,0.404972659241,2.82095715213,0.999474522508
317,4,stable,0.000694062612905,0.0550752572893,0.00249437416458,26.5283962023,0.971898121882,3.34153099454,0.0545383934634
317,4,fragile,0.000499407903599,0.170694899019,0.00717254125204,114.166132901,0.2,6.76840525311,0.99999999998
318,0,stable,-0.00087987186934,0.001278039179,0.000317369804474,4.98618444307,1,1.11270679349,0
318,0,fragile,-0.00087987186934,0.001278039179,0.000317369804474,4.98618444307,1,1.11270679349,0
318,0.5,stable,-0.000887448260362,0.00752573412787,0.000456858532687,7.03824265165,1,1.31808487447,0
318,0.5,fragile,-0.000887448260362,0.00752573412787,0.000456858532687,7.03824265165,1,1.31808487447,0
318,1,stable,-0.000895024593927,0.0143513337009,0.000706590734121,9.77299888523,1,1.60148558688,0
318,1,fragile,-0.000895024593927,0.0143513337009,0.000706590734121,9.77299888523,1,1.60148558688,0
318,2,stable,-0.000910177088709,0.027862029435,0.00127594506956,15.3229988852,1,2.17748558688,0
318,2,fragile,-0.00104004859779,0.0717405615509,0.00224504044097,32.5439188972,0.392068648734,2.77017209435,0.999494590109
318,4,stable,-0.000940772282759,0.0543303693142,0.00246387836838,26.4229988852,0.972484576887,3.32948558688,0.0540901169135
318,4,fragile,-0.00113475135218,0.170756777072,0.0071825913028,113.436572719,0.2,6.70875934355,0.99999999998
319,0,stable,0.00077713064259,0.000952608899057,0.000350998890987,5.02981258945,1,1.11769286737,0
319,0,fragile,0.00077713064259,0.000952608899057,0.000350998890987,5.02981258945,1,1.11769286737,0
319,0.5,stable,0.000769541686416,0.00578872515188,0.000435068421338,6.71193623239,1,1.28079271227,0
319,0.5,fragile,0.000769541686416,0.00578872515188,0.000435068421338,6.71193623239,1,1.28079271227,0
319,1,stable,0.00076195278779,0.0126262707553,0.000661757857208,9.45543623239,1,1.56519271227,0
319,1,fragile,0.00076195278779,0.0126262707553,0.000661757857208,9.45543623239,1,1.56519271227,0
319,2,stable,0.000746775163178,0.0261606126439,0.00121772952001,14.9424362324,1,2.13399271227,0
319,2,fragile,0.000618040125622,0.0672705448286,0.00208876435641,30.6526738283,0.422475900913,2.70594505126,0.999066696649
319,4,stable,0.000716160090472,0.0526752768918,0.0023998076758,25.9740272291,0.978008847852,3.27817454047,0.0486613299085
319,4,fragile,0.000521785018536,0.167921157671,0.0070696498758,113.319434661,0.2,6.72341673227,0.999999999958
