dose,world,step,phase,price,log_return,volume_index,spread_bps,depth,order_imbalance,stress,forced_flow,shock_flow,liquidation_inventory,hidden_leverage
0,stable,0,pre,100,0,1,4,1,0,0,0,0,0.42,1.8
0,stable,1,pre,99.9796884672,-0.000203135959128,1.0243763151,4.21329275708,1,0,0,-0,0,0.42,1.8
0,stable,2,pre,99.9367091176,-0.000429973236108,1.05159678833,4.45147189791,1,0,0,-0,0,0.42,1.8
0,stable,3,pre,99.9836965365,0.000470061269141,1.0564073523,4.4935643326,1,0,0,-0,0,0.42,1.8
0,stable,4,pre,99.9856719246,1.97569061406e-05,1.00237082874,4.02074475145,1,0,0,-0,0,0.42,1.8
0,stable,5,pre,100.002234216,0.000165632933468,1.01987595202,4.17391458014,1,0,0,-0,0,0.42,1.8
0,stable,6,pre,100.036102716,0.000338620091482,1.04063441098,4.35555109606,1,0,0,-0,0,0.42,1.8
0,stable,7,pre,100.060668225,0.000245536286088,1.02946435433,4.25781310039,1,0,0,-0,0,0.42,1.8
0,stable,8,pre,100.033125238,-0.000275300763629,1.03303609164,4.28906580181,1,0,0,-0,0,0.42,1.8
0,stable,9,pre,100.02773838,-5.38521943477e-05,1.00646226332,4.05654480407,1,0,0,-0,0,0.42,1.8
0,stable,10,pre,100.003129815,-0.00024604767439,1.02952572093,4.25835005811,1,0,0,-0,0,0.42,1.8
0,stable,11,pre,99.9944741482,-8.65577033217e-05,1.0103869244,4.09088558849,1,0,0,-0,0,0.42,1.8
0,stable,12,pre,100.036424369,0.000419437414838,1.05033248978,4.44040928558,1,0,0,-0,0,0.42,1.8
0,stable,13,pre,100.035773126,-6.51008260179e-06,1.00078120991,4.00683558673,1,0,0,-0,0,0.42,1.8
0,stable,14,pre,99.9799031352,-0.000558656132994,1.06703873596,4.58658893964,1,0,0,-0,0,0.42,1.8
0,stable,15,pre,99.9780786932,-1.82482535905e-05,1.00218979043,4.01916066627,1,0,0,-0,0,0.42,1.8
0,stable,16,pre,99.9506186515,-0.000274698351936,1.03296380223,4.28843326953,1,0,0,-0,0,0.42,1.8
0,stable,17,pre,100.007381526,0.000567747989966,1.0681297588,4.59613538946,1,0,0,-0,0,0.42,1.8
0,stable,18,pre,100.048710566,0.000413174527701,1.04958094332,4.43383325409,1,0,0,-0,0,0.42,1.8
0,stable,19,pre,100.025557682,-0.000231442899248,1.02777314791,4.24301504421,1,0,0,-0,0,0.42,1.8
0,stable,20,pre,99.994148481,-0.000314061069944,1.03768732839,4.32976412344,1,0,0,-0,0,0.42,1.8
0,stable,21,pre,100.042641176,0.000484837770954,1.05818053251,4.5090796595,1,0,0,-0,0,0.42,1.8
0,stable,22,pre,100.014318333,-0.000283147787646,1.03397773452,4.29730517703,1,0,0,-0,0,0.42,1.8
0,stable,23,pre,100.04590304,0.000315751996413,1.03789023957,4.33153959623,1,0,0,-0,0,0.42,1.8
0,stable,24,pre,100.066787843,0.000208730425879,1.02504765111,4.21916694717,1,0,0,-0,0,0.42,1.8
0,stable,25,pre,100.043217585,-0.000235573017939,1.02826876215,4.24735166884,1,0,0,-0,0,0.42,1.8
0,stable,26,pre,100.059771196,0.00016545091753,1.0198541101,4.17372346341,1,0,0,-0,0,0.42,1.8
0,stable,27,pre,100.078771919,0.000189875701577,1.02278508419,4.19936948666,1,0,0,-0,0,0.42,1.8
0,stable,28,pre,100.060720103,-0.000180392349244,1.02164708191,4.18941196671,1,0,0,-0,0,0.42,1.8
0,stable,29,pre,100.069169931,8.44434401138e-05,1.01013321281,4.08866561212,1,0,0,-0,0,0.42,1.8
0,stable,30,pre,100.045171778,-0.000239844407858,1.02878132894,4.25183662825,1,0,0,-0,0,0.42,1.8
0,stable,31,pre,100.016229389,-0.000289335065238,1.03472020783,4.3038018185,1,0,0,-0,0,0.42,1.8
0,stable,32,pre,99.9824994905,-0.000337301132128,1.04047613586,4.35416618873,1,0,0,-0,0,0.42,1.8
0,stable,33,pre,99.9734787212,-9.02275532135e-05,1.01082730639,4.09473893087,1,0,0,-0,0,0.42,1.8
0,stable,34,pre,99.9461952992,-0.000272943844463,1.03275326134,4.28659103669,1,0,0,-0,0,0.42,1.8
0,stable,35,pre,99.9656893478,0.000195026411276,1.02340316935,4.20477773184,1,0,0,-0,0,0.42,1.8
0,stable,36,pre,99.9479574149,-0.000177395923249,1.02128751079,4.18626571941,1,0,0,-0,0,0.42,1.8
0,stable,37,pre,99.9469218052,-1.03615432607e-05,1.00124338519,4.01087962042,1,0,0,-0,0,0.42,1.8
0,stable,38,pre,99.9532108016,6.29213835348e-05,1.00755056602,4.06606745271,1,0,0,-0,0,0.42,1.8
0,stable,39,pre,99.8971935571,-0.000560591770633,1.06727101248,4.58862135916,1,0,0,-0,0,0.42,1.8
0,stable,40,pre,99.9390072179,0.000418479347304,1.05021752168,4.43940331467,1,0,0,-0,0,0.42,1.8
0,stable,41,pre,99.942448441,3.44326404198e-05,1.00413191685,4.03615427244,1,0,0,-0,0,0.42,1.8
0,stable,42,pre,99.9729085968,0.000304730525982,1.03656766312,4.31996705228,1,0,0,-0,0,0.42,1.8
0,stable,43,pre,100.016529197,0.000436229051922,1.05234748623,4.45804050452,1,0,0,-0,0,0.42,1.8
0,stable,44,pre,100.045722826,0.000291845446514,1.03502145358,4.30643771884,1,0,0,-0,0,0.42,1.8
0,stable,45,pre,100.096007067,0.000502486336201,1.06029836034,4.52761065301,1,0,0,-0,0,0.42,1.8
0,stable,46,pre,100.090696959,-5.30515568177e-05,1.00636618682,4.05570413466,1,0,0,-0,0,0.42,1.8
0,stable,47,pre,100.127931023,0.000371934071627,1.0446320886,4.39053077521,1,0,0,-0,0,0.42,1.8
0,stable,48,pre,100.092365295,-0.00035526596607,1.04263191593,4.37302926437,1,0,0,-0,0,0.42,1.8
0,stable,49,pre,100.039358052,-0.000529723562998,1.06356682756,4.55620974115,1,0,0,-0,0,0.42,1.8
0,stable,50,pre,99.9844743554,-0.000548771583878,1.06585259007,4.57621016307,1,0,0,-0,0,0.42,1.8
0,stable,51,pre,100.046108725,0.000616249479165,1.0739499375,4.64706195312,1,0,0,-0,0,0.42,1.8
0,stable,52,pre,100.026963533,-0.000191381998,1.02296583976,4.2009510979,1,0,0,-0,0,0.42,1.8
0,stable,53,pre,100.079070178,0.000520790363494,1.06249484362,4.54682988167,1,0,0,-0,0,0.42,1.8
0,stable,54,pre,100.059442192,-0.000196144025351,1.02353728304,4.20595122662,1,0,0,-0,0,0.42,1.8
0,stable,55,pre,100.087758829,0.000282958116242,1.03395497395,4.29710602205,1,0,0,-0,0,0.42,1.8
0,stable,56,pre,100.087749877,-8.94415484276e-08,1.00001073299,4.00009391363,1,0,0,-0,0,0.42,1.8
0,stable,57,pre,100.040805384,-0.000469143385014,1.0562972062,4.49260055426,1,0,0,-0,0,0.42,1.8
0,stable,58,pre,100.09875034,0.00057904552569,1.06948546308,4.60799780197,1,0,0,-0,0,0.42,1.8
0,stable,59,pre,100.109967449,0.000112054151922,1.01344649823,4.11765685952,1,0,0,-0,0,0.42,1.8
0,stable,60,pre,100.118730749,8.75329107165e-05,1.01050394929,4.09190955625,1,0,0,-0,0,0.42,1.8
0,stable,61,pre,100.058872969,-0.000598046743224,1.07176560919,4.62794908039,1,0,0,-0,0,0.42,1.8
0,stable,62,pre,100.054832571,-4.03810216878e-05,1.0048457226,4.04240007277,1,0,0,-0,0,0.42,1.8
0,stable,63,pre,100.042621522,-0.000122051013148,1.01464612158,4.1281535638,1,0,0,-0,0,0.42,1.8
0,stable,64,pre,99.9645258356,-0.000780928999184,1.0937114799,4.81997544914,1,0,0,-0,0,0.42,1.8
0,stable,65,pre,99.9288223962,-0.000357224890644,1.04286698688,4.37508613518,1,0,0,-0,0,0.42,1.8
0,stable,66,pre,99.9249878806,-3.83732051084e-05,1.00460478461,4.04029186536,1,0,0,-0,0,0.42,1.8
0,stable,67,pre,99.8779574545,-0.000470768104799,1.05649217258,4.49430651004,1,0,0,-0,0,0.42,1.8
0,stable,68,pre,99.8129898575,-0.000650681468011,1.07808177616,4.68321554141,1,0,0,-0,0,0.42,1.8
0,stable,69,pre,99.7561119731,-0.000570006933719,1.06840083205,4.59850728041,1,0,0,-0,0,0.42,1.8
0,stable,70,pre,99.7955286422,0.000395052323358,1.0474062788,4.41480493953,1,0,0,-0,0,0.42,1.8
0,stable,71,pre,99.7819474287,-0.000136099662022,1.01633195944,4.14290464512,1,0,0,-0,0,0.42,1.8
0,stable,72,pre,99.787706062,5.77105108843e-05,1.00692526131,4.06059603643,1,0,0,-0,0,0.42,1.8
0,stable,73,pre,99.8336936457,0.00046074804103,1.05528976492,4.48378544308,1,0,0,-0,0,0.42,1.8
0,stable,74,pre,99.807038921,-0.000267026918377,1.03204323021,4.2803782643,1,0,0,-0,0,0.42,1.8
0,stable,75,pre,99.7743097081,-0.000327978675816,1.0393574411,4.34437760961,1,0,0,-0,0,0.42,1.8
0,stable,76,pre,99.81319508,0.000389657383289,1.04675888599,4.40914025245,1,0,0,-0,0,0.42,1.8
0,stable,77,pre,99.7822536266,-0.000310041675161,1.03720500102,4.32554375892,1,0,0,-0,0,0.42,1.8
0,stable,78,pre,99.7545461518,-0.00027771794537,1.03332615344,4.29160384264,1,0,0,-0,0,0.42,1.8
0,stable,79,pre,99.7698281209,0.000153183982513,1.0183820779,4.16084318164,1,0,0,-0,0,0.42,1.8
0,stable,80,pre,99.7706534119,8.27191598029e-06,1.00099262992,4.00868551178,1,0,0,-0,0,0.42,1.8
0,stable,81,pre,99.7766734458,6.03369033796e-05,1.00724042841,4.06335374855,1,0,0,-0,0,0.42,1.8
0,stable,82,pre,99.7772888713,6.1680104312e-06,1.00074016125,4.00647641095,1,0,0,-0,0,0.42,1.8
0,stable,83,pre,99.8021057826,0.00024869212054,1.02984305446,4.26112672657,1,0,0,-0,0,0.42,1.8
0,stable,84,pre,99.8480608259,0.000460355680686,1.05524268168,4.48337346472,1,0,0,-0,0,0.42,1.8
0,stable,85,pre,99.8497683452,1.71010297344e-05,1.00205212357,4.01795608122,1,0,0,-0,0,0.42,1.8
0,stable,86,pre,99.8207376619,-0.000290785895645,1.03489430748,4.30532519043,1,0,0,-0,0,0.42,1.8
0,stable,87,pre,99.805252913,-0.000155137604698,1.01861651256,4.16289448493,1,0,0,-0,0,0.42,1.8
0,stable,88,pre,99.8217891876,0.000165671689248,1.01988060271,4.17395527371,1,0,0,-0,0,0.42,1.8
0,stable,89,pre,99.8797078285,0.000580052161783,1.06960625941,4.60905476987,1,0,0,-0,0,0.42,1.8
0,stable,90,pre,99.9214943745,0.000418281232792,1.05019374793,4.43919529443,1,0,0,-0,0,0.42,1.8
0,stable,91,pre,99.9218253903,3.31275390172e-06,1.00039753047,4.0034783916,1,0,0,-0,0,0.42,1.8
0,stable,92,pre,99.912754886,-9.0780127395e-05,1.01089361529,4.09531913376,1,0,0,-0,0,0.42,1.8
0,stable,93,pre,99.9284037145,0.000156612668125,1.01879352017,4.16444330153,1,0,0,-0,0,0.42,1.8
0,stable,94,pre,100.001870932,0.000734928422065,1.08819141065,4.77167484317,1,0,0,-0,0,0.42,1.8
0,stable,95,pre,99.9586399231,-0.000432395468246,1.05188745619,4.45401524166,1,0,0,-0,0,0.42,1.8
0,stable,96,pre,99.9857144805,0.000270820924741,1.03249851097,4.28436197098,1,0,0,-0,0,0.42,1.8
0,stable,97,pre,99.9582251859,-0.000274970021648,1.0329964026,4.28871852273,1,0,0,-0,0,0.42,1.8
0,stable,98,pre,99.9279705609,-0.000302718505513,1.03632622066,4.31785443079,1,0,0,-0,0,0.42,1.8
0,stable,99,pre,99.9445642318,0.000166042532121,1.01992510385,4.17434465873,1,0,0,-0,0,0.42,1.8
0,stable,100,pre,100.002157245,0.000576083611986,1.06913003344,4.60488779259,1,0,0,-0,0,0.42,1.8
0,stable,101,pre,99.9745874409,-0.000275730102829,1.03308761234,4.28951660797,1,0,0,-0,0,0.42,1.8
0,stable,102,pre,99.9767810447,2.19413728216e-05,1.00263296474,4.02303844146,1,0,0,-0,0,0.42,1.8
0,stable,103,pre,99.968038189,-8.74526857214e-05,1.01049432229,4.09182532001,1,0,0,-0,0,0.42,1.8
0,stable,104,pre,99.9815114532,0.000134766637466,1.0161719965,4.14150496934,1,0,0,-0,0,0.42,1.8
0,stable,105,pre,99.977407487,-4.10480932131e-05,1.00492577119,4.04310049787,1,0,0,-0,0,0.42,1.8
0,stable,106,pre,100.021322803,0.000439155951548,1.05269871419,4.46111374913,1,0,0,-0,0,0.42,1.8
0,stable,107,pre,100.002773561,-0.000185470068403,1.02225640821,4.19474357182,1,0,0,-0,0,0.42,1.8
0,stable,108,pre,99.9748096715,-0.000279670246073,1.03356042953,4.29365375838,1,0,0,-0,0,0.42,1.8
0,stable,109,pre,99.9945880088,0.000197813640819,1.0237376369,4.20770432286,1,0,0,-0,0,0.42,1.8
0,stable,110,pre,100.025684561,0.000310934007404,1.03731208089,4.32648070777,1,0,0,-0,0,0.42,1.8
0,stable,111,pre,100.021623221,-4.06037979464e-05,1.00487245575,4.04263398784,1,0,0,-0,0,0.42,1.8
0,stable,112,pre,99.9606747918,-0.000609538258721,1.07314459105,4.64001517166,1,0,0,-0,0,0.42,1.8
0,stable,113,pre,99.9457741157,-0.000149076492063,1.01788917905,4.15653031667,1,0,0,-0,0,0.42,1.8
0,stable,114,pre,99.9851945328,0.000394340284685,1.04732083416,4.41405729892,1,0,0,-0,0,0.42,1.8
0,stable,115,pre,99.993499381,8.3057330663e-05,1.00996687968,4.0872101972,1,0,0,-0,0,0.42,1.8
0,stable,116,pre,99.9677976498,-0.000257067059749,1.03084804717,4.26992041274,1,0,0,-0,0,0.42,1.8
0,stable,117,pre,99.934614274,-0.000331995755415,1.03983949065,4.34859554319,1,0,0,-0,0,0.42,1.8
0,stable,118,pre,99.9744136259,0.000398174638134,1.04778095658,4.41808337004,1,0,0,-0,0,0.42,1.8
0,stable,119,pre,99.964076183,-0.000103406231396,1.01240874777,4.10857654297,1,0,0,-0,0,0.42,1.8
0,stable,120,pre,99.9546681322,-9.41187469228e-05,1.01129424963,4.09882468427,1,0,0,-0,0,0.42,1.8
0,stable,121,pre,100.011369921,0.000567114207245,1.06805370487,4.59546991761,1,0,0,-0,0,0.42,1.8
0,stable,122,pre,99.9671938703,-0.000441807869802,1.05301694438,4.46389826329,1,0,0,-0,0,0.42,1.8
0,stable,123,pre,99.959095552,-8.10130411048e-05,1.00972156493,4.08506369316,1,0,0,-0,0,0.42,1.8
0,stable,124,pre,99.9439544877,-0.000151484074997,1.018178089,4.15905827875,1,0,0,-0,0,0.42,1.8
0,stable,125,pre,99.9699671636,0.000260238765415,1.03122865185,4.27325070369,1,0,0,-0,0,0.42,1.8
0,stable,126,pre,99.9851227566,0.000151589969721,1.01819079637,4.15916946821,1,0,0,-0,0,0.42,1.8
0,stable,127,pre,99.9121967196,-0.00072963499854,1.08755619982,4.76611674847,1,0,0,-0,0,0.42,1.8
0,stable,128,pre,99.9176804258,5.48837470108e-05,1.00658604964,4.05762793436,1,0,0,-0,0,0.42,1.8
0,stable,129,pre,99.9498814685,0.000322223802491,1.0386668563,4.33833499262,1,0,0,-0,0,0.42,1.8
0,stable,130,pre,99.9475212019,-2.36147792504e-05,1.00283377351,4.02479551821,1,0,0,-0,0,0.42,1.8
0,stable,131,pre,99.9441607072,-3.36231573614e-05,1.00403477888,4.03530431523,1,0,0,-0,0,0.42,1.8
0,stable,132,pre,99.9754577186,0.00031309595228,1.03757151427,4.32875074989,1,0,0,-0,0,0.42,1.8
0,stable,133,pre,100.009854257,0.000343990646754,1.04127887761,4.36119017909,1,0,0,-0,0,0.42,1.8
0,stable,134,pre,99.9679371899,-0.000419217224495,1.05030606694,4.44017808572,1,0,0,-0,0,0.42,1.8
0,stable,135,pre,100.005307762,0.000373755723927,1.04485068687,4.39244351012,1,0,0,-0,0,0.42,1.8
0,stable,136,pre,99.9859918074,-0.000193167949281,1.02318015391,4.20282634675,1,0,0,-0,0,0.42,1.8
0,stable,137,pre,99.9704016318,-0.000155935755343,1.01871229064,4.16373254311,1,0,0,-0,0,0.42,1.8
0,stable,138,pre,99.9061867073,-0.000642545755378,1.07710549065,4.67467304315,1,0,0,-0,0,0.42,1.8
0,stable,139,pre,99.8787905697,-0.000274256234391,1.03291074813,4.28796904611,1,0,0,-0,0,0.42,1.8
0,stable,140,pre,99.8747434296,-4.05213372097e-05,1.00486256047,4.04254740407,1,0,0,-0,0,0.42,1.8
0,stable,141,pre,99.8696365407,-5.11342429293e-05,1.00613610915,4.05369095508,1,0,0,-0,0,0.42,1.8
0,stable,142,pre,99.9142426885,0.000446544021941,1.05358528263,4.46887122304,1,0,0,-0,0,0.42,1.8
0,stable,143,pre,99.9379421932,0.000237170335292,1.02846044023,4.24902885206,1,0,0,-0,0,0.42,1.8
0,stable,144,pre,99.9706323698,0.000327051272881,1.03924615275,4.34340383652,1,0,0,-0,0,0.42,1.8
0,stable,145,pre,99.9863452754,0.000157162863479,1.01885954362,4.16502100665,1,0,0,-0,0,0.42,1.8
0,stable,146,pre,100.051940652,0.000655828247884,1.07869938975,4.68861966028,1,0,0,-0,0,0.42,1.8
0,stable,147,pre,100.028793291,-0.000231380216426,1.02776562597,4.24294922725,1,0,0,-0,0,0.42,1.8
0,stable,148,pre,100.05838787,0.000295816844113,1.03549802129,4.31060768632,1,0,0,-0,0,0.42,1.8
0,stable,149,pre,100.058913447,5.25269102799e-06,1.00063032292,4.00551532558,1,0,0,-0,0,0.42,1.8
0,stable,150,pre,100.105229115,0.00046277688782,1.05553322654,4.48591573221,1,0,0,-0,0,0.42,1.8
0,stable,151,pre,100.102220634,-3.00536434383e-05,1.00360643721,4.03155632561,1,0,0,-0,0,0.42,1.8
0,stable,152,pre,100.085294469,-0.000169103106256,1.02029237275,4.17755826157,1,0,0,-0,0,0.42,1.8
0,stable,153,pre,100.062859137,-0.000224187243753,1.02690246925,4.23539660594,1,0,0,-0,0,0.42,1.8
0,stable,154,pre,100.059782961,-3.07429120638e-05,1.00368914945,4.03228005767,1,0,0,-0,0,0.42,1.8
0,stable,155,pre,100.033256978,-0.000265136489984,1.0318163788,4.27839331448,1,0,0,-0,0,0.42,1.8
0,stable,156,pre,100.035978707,2.72078763951e-05,1.00326494517,4.02856827021,1,0,0,-0,0,0.42,1.8
0,stable,157,pre,100.021944248,-0.000140303955865,1.0168364747,4.14731915366,1,0,0,-0,0,0.42,1.8
0,stable,158,pre,99.9926005957,-0.000293415189879,1.03520982279,4.30808594937,1,0,0,-0,0,0.42,1.8
0,stable,159,pre,99.9278797508,-0.000647465903622,1.07769590843,4.6798391988,1,0,0,-0,0,0.42,1.8
0,stable,160,pre,99.9209974453,-6.88750975063e-05,1.0082650117,4.07231885238,1,0,0,-0,0,0.42,1.8
0,stable,161,pre,99.9220533577,1.05674169793e-05,1.00126809004,4.01109578783,1,0,0,-0,0,0.42,1.8
0,stable,162,pre,99.9827895606,0.000607651158355,1.072918139,4.63803371627,1,0,0,-0,0,0.42,1.8
0,stable,163,pre,99.9889635905,6.17490205876e-05,1.00740988247,4.06483647162,1,0,0,-0,0,0.42,1.8
0,stable,164,pre,100.008295097,0.000193317712001,1.02319812544,4.2029835976,1,0,0,-0,0,0.42,1.8
0,stable,165,pre,100.063477412,0.000551625209684,1.06619502516,4.57920647017,1,0,0,-0,0,0.42,1.8
0,stable,166,pre,100.068364196,4.88356499548e-05,1.00586027799,4.05127743245,1,0,0,-0,0,0.42,1.8
0,stable,167,pre,100.04246284,-0.000258870114906,1.03106441379,4.27181362065,1,0,0,-0,0,0.42,1.8
0,stable,168,pre,99.9934379491,-0.000490160933039,1.05881931196,4.51466897969,1,0,0,-0,0,0.42,1.8
0,stable,169,pre,99.9729706816,-0.000204707058387,1.02456484701,4.21494241131,1,0,0,-0,0,0.42,1.8
0,stable,170,pre,100.02294297,0.000499733101883,1.05996797223,4.52471975698,1,0,0,-0,0,0.42,1.8
0,stable,171,pre,100.022770623,-1.72307060018e-06,1.00020676847,4.00180922413,1,0,0,-0,0,0.42,1.8
0,stable,172,pre,100.031367148,8.59419853011e-05,1.01031303824,4.09023908457,1,0,0,-0,0,0.42,1.8
0,stable,173,pre,100.019366547,-0.000119975573335,1.0143970688,4.125974352,1,0,0,-0,0,0.42,1.8
0,stable,174,pre,100.031620941,0.000122512699092,1.01470152389,4.12863833405,1,0,0,-0,0,0.42,1.8
0,stable,175,pre,100.01921055,-0.000124072367532,1.0148886841,4.13027598591,1,0,0,-0,0,0.42,1.8
0,stable,176,pre,100.014114164,-5.0955375419e-05,1.00611464505,4.05350314419,1,0,0,-0,0,0.42,1.8
0,stable,177,pre,99.9858816947,-0.000282324699705,1.03387896396,4.29644093469,1,0,0,-0,0,0.42,1.8
0,stable,178,pre,100.014460948,0.000285792047613,1.03429504571,4.30008164999,1,0,0,-0,0,0.42,1.8
0,stable,179,pre,99.991678306,-0.000227819429654,1.02733833156,4.23921040114,1,0,0,-0,0,0.42,1.8
0,stable,180,pre,99.9816608079,-0.000100188336388,1.01202260037,4.10519775321,1,0,0,-0,0,0.42,1.8
0,stable,181,pre,99.9333060092,-0.000483753672685,1.05805044072,4.50794135632,1,0,0,-0,0,0.42,1.8
0,stable,182,pre,99.9659392976,0.000326497368248,1.03917968419,4.34282223666,1,0,0,-0,0,0.42,1.8
0,stable,183,pre,99.9536996759,-0.000122445416508,1.01469344998,4.12856768733,1,0,0,-0,0,0.42,1.8
0,stable,184,pre,99.996474622,0.000427856058675,1.05134272704,4.44924886161,1,0,0,-0,0,0.42,1.8
0,stable,185,pre,99.9394555415,-0.000570373539608,1.06844482475,4.59889221659,1,0,0,-0,0,0.42,1.8
0,stable,186,pre,99.9767517248,0.00037311816096,1.04477417932,4.39177406901,1,0,0,-0,0,0.42,1.8
0,stable,187,pre,99.9160409944,-0.000607432929342,1.07289195152,4.63780457581,1,0,0,-0,0,0.42,1.8
0,stable,188,pre,99.9375944983,0.000215692888803,1.02588314666,4.22647753324,1,0,0,-0,0,0.42,1.8
0,stable,189,pre,99.9200072996,-0.000175997296201,1.02111967554,4.18479716101,1,0,0,-0,0,0.42,1.8
0,stable,190,pre,99.8976060835,-0.000224216632468,1.0269059959,4.23542746409,1,0,0,-0,0,0.42,1.8
0,stable,191,pre,99.8507342368,-0.000469309006104,1.05631708073,4.49277445641,1,0,0,-0,0,0.42,1.8
0,stable,192,pre,99.8049969862,-0.000458161167099,1.05497934005,4.48106922545,1,0,0,-0,0,0.42,1.8
0,stable,193,pre,99.8440674849,0.000391391758202,1.04696701098,4.41096134611,1,0,0,-0,0,0.42,1.8
0,stable,194,pre,99.8343310228,-9.75214354975e-05,1.01170257226,4.10239750727,1,0,0,-0,0,0.42,1.8
0,stable,195,pre,99.8473512264,0.000130409594161,1.0156491513,4.13693007387,1,0,0,-0,0,0.42,1.8
0,stable,196,pre,99.8331269562,-0.000142470314129,1.0170964377,4.14959382984,1,0,0,-0,0,0.42,1.8
0,stable,197,pre,99.8554068294,0.000223146245307,1.02677754944,4.23430355757,1,0,0,-0,0,0.42,1.8
0,stable,198,pre,99.8365489562,-0.00018886963291,1.02266435595,4.19831311456,1,0,0,-0,0,0.42,1.8
0,stable,199,pre,99.833060418,-3.49431063728e-05,1.00419317276,4.03669026169,1,0,0,-0,0,0.42,1.8
0,stable,200,pre,99.8110974736,-0.000220020909132,1.0264025091,4.23102195459,1,0,0,-0,0,0.42,1.8
0,stable,201,pre,99.8094275762,-1.67307179077e-05,1.00200768615,4.0175672538,1,0,0,-0,0,0.42,1.8
0,stable,202,pre,99.8252180535,0.000158193757285,1.01898325087,4.16610344515,1,0,0,-0,0,0.42,1.8
0,stable,203,pre,99.8124951226,-0.000127460194753,1.01529522337,4.13383320449,1,0,0,-0,0,0.42,1.8
0,stable,204,pre,99.8419438513,0.000294996986131,1.03539963834,4.30974683544,1,0,0,-0,0,0.42,1.8
0,stable,205,pre,99.8857074502,0.000438232756522,1.05258793078,4.46014439435,1,0,0,-0,0,0.42,1.8
0,stable,206,pre,99.9236344544,0.000379631945748,1.04555583349,4.39861354304,1,0,0,-0,0,0.42,1.8
0,stable,207,pre,99.9174315591,-6.20782841608e-05,1.0074493941,4.06518219837,1,0,0,-0,0,0.42,1.8
0,stable,208,pre,99.9692886022,0.000518864326144,1.06226371914,4.54480754245,1,0,0,-0,0,0.42,1.8
0,stable,209,pre,99.9773240259,8.03756927522e-05,1.00964508313,4.08439447739,1,0,0,-0,0,0.42,1.8
0,stable,210,pre,99.9621517106,-0.000151769081397,1.01821228977,4.15935753547,1,0,0,-0,0,0.42,1.8
0,stable,211,pre,99.9477003522,-0.000144578751589,1.01734945019,4.15180768917,1,0,0,-0,0,0.42,1.8
0,stable,212,pre,99.9342268239,-0.00013481487335,1.0161777848,4.14155561702,1,0,0,-0,0,0.42,1.8
0,stable,213,pre,99.9343546785,1.27938655885e-06,1.00015352639,4.00134335589,1,0,0,-0,0,0.42,1.8
0,stable,214,pre,99.8829092634,-0.000514924638475,1.06179095662,4.5406708704,1,0,0,-0,0,0.42,1.8
0,stable,215,pre,99.964753707,0.000819068353795,1.09828820246,4.86002177149,1,0,0,-0,0,0.42,1.8
0,stable,216,pre,99.9475511307,-0.000172101225974,1.02065214712,4.18070628727,1,0,0,-0,0,0.42,1.8
0,stable,217,pre,99.9294351309,-0.000181271492551,1.02175257911,4.19033506718,1,0,0,-0,0,0.42,1.8
0,stable,218,pre,99.9321555123,2.72226526111e-05,1.00326671831,4.02858378524,1,0,0,-0,0,0.42,1.8
0,stable,219,pre,99.9617579675,0.000296181659246,1.03554179911,4.31099074221,1,0,0,-0,0,0.42,1.8
0,stable,220,pre,100.002111711,0.000403610356808,1.04843324282,4.42379087465,1,0,0,-0,0,0.42,1.8
0,stable,221,pre,100.011693045,9.58067244626e-05,1.01149680694,4.10059706069,1,0,0,-0,0,0.42,1.8
0,stable,222,pre,100.047040427,0.000353370051246,1.04240440615,4.37103855381,1,0,0,-0,0,0.42,1.8
0,stable,223,pre,100.042894906,-4.1436580009e-05,1.0049723896,4.04350840901,1,0,0,-0,0,0.42,1.8
0,stable,224,pre,100.027794644,-0.000150949268805,1.01811391226,4.15849673225,1,0,0,-0,0,0.42,1.8
0,stable,225,pre,100.042493689,0.000146938808514,1.01763265702,4.15428574894,1,0,0,-0,0,0.42,1.8
0,stable,226,pre,100.037359087,-5.13255285727e-05,1.00615906343,4.053891805,1,0,0,-0,0,0.42,1.8
0,stable,227,pre,100.013640255,-0.000237127849452,1.02845534193,4.24898424192,1,0,0,-0,0,0.42,1.8
0,stable,228,pre,99.9864101792,-0.000272300691065,1.03267608293,4.28591572562,1,0,0,-0,0,0.42,1.8
0,stable,229,pre,100.007570338,0.000211607959423,1.02539295513,4.22218835739,1,0,0,-0,0,0.42,1.8
0,stable,230,pre,100.060254029,0.00052665831927,1.06319899831,4.55299123523,1,0,0,-0,0,0.42,1.8
0,stable,231,pre,100.136235477,0.000759068774669,1.09108825296,4.7970222134,1,0,0,-0,0,0.42,1.8
0,stable,232,pre,100.112237552,-0.00023968148377,1.02876177805,4.25166555796,1,0,0,-0,0,0.42,1.8
0,stable,233,pre,100.117628916,5.38517497326e-05,1.00646220997,4.05654433722,1,0,0,-0,0,0.42,1.8
0,stable,234,pre,100.132516234,0.000148687208193,1.01784246498,4.1561215686,1,0,0,-0,0,0.42,1.8
0,stable,235,pre,100.054004996,-0.000784380898386,1.09412570781,4.82359994331,1,0,0,-0,0,0.42,1.8
0,stable,236,pre,100.019663374,-0.000343289780337,1.04119477364,4.36045426935,1,0,0,-0,0,0.42,1.8
0,stable,237,pre,100.002152814,-0.0001750865018,1.02101038022,4.18384082689,1,0,0,-0,0,0.42,1.8
0,stable,238,pre,99.997818515,-4.33429916758e-05,1.005201159,4.04551014126,1,0,0,-0,0,0.42,1.8
0,stable,239,pre,100.005109654,7.29103235241e-05,1.00874923882,4.0765558397,1,0,0,-0,0,0.42,1.8
0,stable,240,post,99.9821397853,-0.000229713334458,1.02756560013,4.24119900118,1,-0,0,-0,-0,0.42,1.8
0,stable,241,post,99.9608507165,-0.000212951389635,1.02555416676,4.22359895912,1,-0,0,-0,-0,0.42,1.8
0,stable,242,post,99.9319506685,-0.00028915546742,1.03469865609,4.30361324079,1,-0,0,-0,-0,0.42,1.8
0,stable,243,post,99.8387895315,-0.000932680568805,1.11192166826,4.97931459724,1,-0,0,-0,-0,0.42,1.8
0,stable,244,post,99.8399933109,1.20571594629e-05,1.00144685914,4.01266001744,1,-0,0,-0,-0,0.42,1.8
0,stable,245,post,99.8503289998,0.000103517173871,1.01242206086,4.10869303256,1,0,0,-0,0,0.42,1.8
0,stable,246,post,99.9144774722,0.000642239999549,1.07706879995,4.67435199953,1,0,0,-0,0,0.42,1.8
0,stable,247,post,99.91010597,-4.37533972912e-05,1.00525040767,4.04594106716,1,0,0,-0,0,0.42,1.8
0,stable,248,post,99.9428207779,0.000327388832499,1.0392866599,4.34375827412,1,0,0,-0,0,0.42,1.8
0,stable,249,post,99.9197991893,-0.000230374131705,1.0276448958,4.24189283829,1,0,0,-0,0,0.42,1.8
0,stable,250,post,99.9147948026,-5.00852882844e-05,1.00601023459,4.0525895527,1,0,0,-0,0,0.42,1.8
0,stable,251,post,99.9499924613,0.000352214710055,1.04226576521,4.36982544556,1,0,0,-0,0,0.42,1.8
0,stable,252,post,99.96859933,0.000186144455481,1.02233733466,4.19545167825,1,0,0,-0,0,0.42,1.8
0,stable,253,post,99.9391323042,-0.000294806266455,1.03537675197,4.30954657978,1,0,0,-0,0,0.42,1.8
0,stable,254,post,99.9497039711,0.000105775461113,1.01269305533,4.11106423417,1,0,0,-0,0,0.42,1.8
0,stable,255,post,99.9563422401,6.64138891689e-05,1.0079696667,4.06973458363,1,0,0,-0,0,0.42,1.8
0,stable,256,post,99.952655814,-3.68810425594e-05,1.00442572511,4.03872509469,1,0,0,-0,0,0.42,1.8
0,stable,257,post,100.003075212,0.00050430561967,1.06051667436,4.52952090065,1,0,0,-0,0,0.42,1.8
0,stable,258,post,100.041769327,0.000386854410767,1.04642252929,4.40619713131,1,0,0,-0,0,0.42,1.8
0,stable,259,post,100.062096455,0.000203165769993,1.0243798924,4.21332405849,1,0,0,-0,0,0.42,1.8
0,stable,260,post,100.081441803,0.000193314743378,1.02319776921,4.20298048055,1,0,0,-0,0,0.42,1.8
0,stable,261,post,100.003355717,-0.000780529965961,1.09366359592,4.81955646426,1,0,0,-0,0,0.42,1.8
0,stable,262,post,100.036214659,0.000328524418046,1.03942293017,4.34495063895,1,0,0,-0,0,0.42,1.8
0,stable,263,post,100.077183878,0.000409460039178,1.0491352047,4.42993304114,1,0,0,-0,0,0.42,1.8
0,stable,264,post,100.113063561,0.000358455856877,1.04301470283,4.37637864972,1,0,0,-0,0,0.42,1.8
0,stable,265,post,100.145814118,0.000327082202727,1.03924986433,4.34343631286,1,0,0,-0,0,0.42,1.8
0,stable,266,post,100.136565409,-9.23566928677e-05,1.01108280314,4.09697452751,1,0,0,-0,0,0.42,1.8
0,stable,267,post,100.131420811,-5.13771380779e-05,1.00616525657,4.05394599498,1,0,0,-0,0,0.42,1.8
0,stable,268,post,100.084645885,-0.000467244493013,1.05606933916,4.49060671766,1,0,0,-0,0,0.42,1.8
0,stable,269,post,100.08098388,-3.65897393803e-05,1.00439076873,4.03841922635,1,0,0,-0,0,0.42,1.8
0,stable,270,post,100.083842836,2.85660115964e-05,1.00342792139,4.02999431218,1,0,0,-0,0,0.42,1.8
0,stable,271,post,100.121231108,0.000373499748482,1.04481996982,4.39217473591,1,0,0,-0,0,0.42,1.8
0,stable,272,post,100.066780228,-0.000543997423996,1.06527969088,4.5711972952,1,0,0,-0,0,0.42,1.8
0,stable,273,post,100.071696987,4.91335695559e-05,1.00589602835,4.05159024803,1,0,0,-0,0,0.42,1.8
0,stable,274,post,100.080002706,8.29942384857e-05,1.00995930862,4.08714395041,1,0,0,-0,0,0.42,1.8
0,stable,275,post,100.127835689,0.000477833278746,1.05733999345,4.50172494268,1,0,0,-0,0,0.42,1.8
0,stable,276,post,100.106908121,-0.000209030333328,1.02508364,4.21948184999,1,0,0,-0,0,0.42,1.8
0,stable,277,post,100.113156662,6.24167308217e-05,1.0074900077,4.06553756736,1,0,0,-0,0,0.42,1.8
0,stable,278,post,100.101418507,-0.000117255752536,1.0140706903,4.12311854016,1,0,0,-0,0,0.42,1.8
0,stable,279,post,100.131724403,0.000302706093819,1.03632473126,4.31784139851,1,0,0,-0,0,0.42,1.8
0,stable,280,post,100.188562772,0.000567474931685,1.0680969918,4.59584867827,1,0,0,-0,0,0.42,1.8
0,stable,281,post,100.164020503,-0.000244990796793,1.02939889562,4.25724033663,1,0,0,-0,0,0.42,1.8
0,stable,282,post,100.201403689,0.000373150073749,1.04477800885,4.39180757744,1,0,0,-0,0,0.42,1.8
0,stable,283,post,100.176734183,-0.000246229516718,1.02954754201,4.25854099255,1,0,0,-0,0,0.42,1.8
0,stable,284,post,100.175575268,-1.15687699628e-05,1.0013882524,4.01214720846,1,0,0,-0,0,0.42,1.8
0,stable,285,post,100.175415839,-1.59149044312e-06,1.00019097885,4.00167106497,1,0,0,-0,0,0.42,1.8
0,stable,286,post,100.123947549,-0.000513913679178,1.0616696415,4.53960936314,1,0,0,-0,0,0.42,1.8
0,stable,287,post,100.159738373,0.000357401298184,1.04288815578,4.37527136309,1,0,0,-0,0,0.42,1.8
0,stable,288,post,100.173425902,0.00013664765851,1.01639771902,4.14348004144,1,0,0,-0,0,0.42,1.8
0,stable,289,post,100.164068515,-9.34162407454e-05,1.01120994889,4.09808705278,1,0,0,-0,0,0.42,1.8
0,stable,290,post,100.163139176,-9.27820327156e-06,1.00111338439,4.00974211344,1,0,0,-0,0,0.42,1.8
0,stable,291,post,100.204846965,0.000416311913073,1.04995742957,4.43712750873,1,0,0,-0,0,0.42,1.8
0,stable,292,post,100.176738472,-0.000280549668892,1.03366596027,4.29457715234,1,0,0,-0,0,0.42,1.8
0,stable,293,post,100.095382746,-0.000812451876889,1.09749422523,4.85307447073,1,0,0,-0,0,0.42,1.8
0,stable,294,post,100.070647382,-0.000247148473511,1.02965781682,4.25950589719,1,0,0,-0,0,0.42,1.8
0,stable,295,post,100.111666712,0.00040981973231,1.04917836788,4.43031071893,1,0,0,-0,0,0.42,1.8
0,stable,296,post,100.139625397,0.000279235996888,1.03350831963,4.29319779673,1,0,0,-0,0,0.42,1.8
0,stable,297,post,100.157805515,0.000181531222144,1.02178374666,4.19060778325,1,0,0,-0,0,0.42,1.8
0,stable,298,post,100.169932738,0.000121073819184,1.0145288583,4.12712751014,1,0,0,-0,0,0.42,1.8
0,stable,299,post,100.147504567,-0.000223926290331,1.02687115484,4.23512260485,1,0,0,-0,0,0.42,1.8
0,stable,300,post,100.167205753,0.000196702332379,1.02360427989,4.206537449,1,0,0,-0,0,0.42,1.8
0,stable,301,post,100.10808922,-0.000590352742703,1.07084232912,4.61987037984,1,0,0,-0,0,0.42,1.8
0,stable,302,post,100.093888139,-0.000141867531613,1.01702410379,4.14896090819,1,0,0,-0,0,0.42,1.8
0,stable,303,post,100.08271259,-0.000111656898847,1.01339882786,4.11723974379,1,0,0,-0,0,0.42,1.8
0,stable,304,post,100.119276235,0.000365267549138,1.0438321059,4.38353092659,1,0,0,-0,0,0.42,1.8
0,stable,305,post,100.076750834,-0.000424837612807,1.05098051354,4.44607949345,1,0,0,-0,0,0.42,1.8
0,stable,306,post,100.054928651,-0.000218078249148,1.0261693899,4.22898216161,1,0,0,-0,0,0.42,1.8
0,stable,307,post,100.045297572,-9.6262554209e-05,1.01155150651,4.10107568192,1,0,0,-0,0,0.42,1.8
0,stable,308,post,100.071924492,0.000266113237302,1.03193358848,4.27941889917,1,0,0,-0,0,0.42,1.8
0,stable,309,post,100.074280439,2.35422576131e-05,1.00282507091,4.02471937049,1,0,0,-0,0,0.42,1.8
0,stable,310,post,100.099789512,0.000254868908226,1.03058426899,4.26761235364,1,0,0,-0,0,0.42,1.8
0,stable,311,post,100.101115923,1.3250792656e-05,1.00159009512,4.01391333229,1,0,0,-0,0,0.42,1.8
0,stable,312,post,100.072108636,-0.000289821851139,1.03477862214,4.3043129437,1,0,0,-0,0,0.42,1.8
0,stable,313,post,100.039038964,-0.000330513038505,1.03966156462,4.34703869043,1,0,0,-0,0,0.42,1.8
0,stable,314,post,100.045305982,6.26437629075e-05,1.00751725155,4.06577595105,1,0,0,-0,0,0.42,1.8
0,stable,315,post,100.094756935,0.000494163470142,1.05929961642,4.51887164365,1,0,0,-0,0,0.42,1.8
0,stable,316,post,100.071334028,-0.000234034717721,1.02808416613,4.24573645361,1,0,0,-0,0,0.42,1.8
0,stable,317,post,100.071363697,2.96479785959e-07,1.00003557757,4.00031130378,1,0,0,-0,0,0.42,1.8
0,stable,318,post,100.085305474,0.000139308635287,1.01671703623,4.14627406705,1,0,0,-0,0,0.42,1.8
0,stable,319,post,100.094213005,8.89954288062e-05,1.01067945146,4.09344520025,1,0,0,-0,0,0.42,1.8
0,stable,320,post,100.062153003,-0.000320349562799,1.03844194754,4.33636704094,1,0,0,-0,0,0.42,1.8
0,stable,321,post,100.032371111,-0.0002976782299,1.03572138759,4.31256214139,1,0,0,-0,0,0.42,1.8
0,stable,322,post,100.00520078,-0.000271652282207,1.03259827386,4.28523489632,1,0,0,-0,0,0.42,1.8
0,stable,323,post,99.9886897134,-0.000165115708253,1.01981388499,4.17337149367,1,0,0,-0,0,0.42,1.8
0,stable,324,post,100.017933718,0.000292430363314,1.0350916436,4.30705188148,1,0,0,-0,0,0.42,1.8
0,stable,325,post,99.9967891911,-0.000211429704694,1.02537156456,4.22200118993,1,0,0,-0,0,0.42,1.8
0,stable,326,post,100.016267699,0.000194772362832,1.02337268354,4.20451098097,1,0,0,-0,0,0.42,1.8
0,stable,327,post,99.9508640365,-0.000654144149749,1.07849729797,4.68685135724,1,0,0,-0,0,0.42,1.8
0,stable,328,post,99.9753862302,0.000245312396996,1.02943748764,4.25757801685,1,0,0,-0,0,0.42,1.8
0,stable,329,post,100.005158092,0.000297747586372,1.03572971036,4.31263496569,1,0,0,-0,0,0.42,1.8
0,stable,330,post,99.9916605218,-0.000134977851742,1.01619734221,4.14172674433,1,0,0,-0,0,0.42,1.8
0,stable,331,post,99.9638165226,-0.000278501992394,1.03342023909,4.29242709201,1,0,0,-0,0,0.42,1.8
0,stable,332,post,100.016459247,0.000526479182628,1.06317750192,4.55280314176,1,0,0,-0,0,0.42,1.8
0,stable,333,post,99.9727581572,-0.000437034471332,1.05244413656,4.4588861949,1,0,0,-0,0,0.42,1.8
0,stable,334,post,99.9314125083,-0.000413654695459,1.04963856346,4.43433743023,1,0,0,-0,0,0.42,1.8
0,stable,335,post,99.9910247171,0.0005963533791,1.07156240549,4.62617104806,1,0,0,-0,0,0.42,1.8
0,stable,336,post,99.940361044,-0.000506810613745,1.06081727365,4.53215114443,1,0,0,-0,0,0.42,1.8
0,stable,337,post,99.9000598109,-0.000403334155396,1.04840009865,4.42350086317,1,0,0,-0,0,0.42,1.8
0,stable,338,post,99.956414052,0.000563947132371,1.06767365588,4.59214448899,1,0,0,-0,0,0.42,1.8
0,stable,339,post,99.9550822525,-1.33238910922e-05,1.00159886693,4.01399008565,1,0,0,-0,0,0.42,1.8
0,stable,340,post,99.9534106419,-1.67237580772e-05,1.00200685097,4.01755994598,1,0,0,-0,0,0.42,1.8
0,stable,341,post,99.9286841197,-0.000247411078477,1.02968932942,4.2597816324,1,0,0,-0,0,0.42,1.8
0,stable,342,post,99.9226381816,-6.05043597484e-05,1.00726052317,4.06352957774,1,0,0,-0,0,0.42,1.8
0,stable,343,post,99.927373535,4.73890736949e-05,1.00568668884,4.04975852738,1,0,0,-0,0,0.42,1.8
0,stable,344,post,99.9390249721,0.00011659225514,1.01399107062,4.1224218679,1,0,0,-0,0,0.42,1.8
0,stable,345,post,99.9426509351,3.62810951044e-05,1.00435373141,4.03809514986,1,0,0,-0,0,0.42,1.8
0,stable,346,post,99.9893082108,0.000466731549274,1.05600778591,4.49006812674,1,0,0,-0,0,0.42,1.8
0,stable,347,post,99.953667804,-0.000356505718693,1.04278068624,4.37433100463,1,0,0,-0,0,0.42,1.8
0,stable,348,post,99.9277896562,-0.000258934953214,1.03107219439,4.27188170087,1,0,0,-0,0,0.42,1.8
0,stable,349,post,99.9367423565,8.95876837989e-05,1.01075052206,4.09406706799,1,0,0,-0,0,0.42,1.8
0,stable,350,post,99.9060481471,-0.000307183557213,1.03686202687,4.32254273507,1,0,0,-0,0,0.42,1.8
0,stable,351,post,99.9443831336,0.000383636770182,1.04603641242,4.40281860869,1,0,0,-0,0,0.42,1.8
0,stable,352,post,99.9804858453,0.000361162794012,1.04333953528,4.37922093371,1,0,0,-0,0,0.42,1.8
0,stable,353,post,99.9864487804,5.9639210298e-05,1.00715670524,4.06262117081,1,0,0,-0,0,0.42,1.8
0,stable,354,post,99.9758499931,-0.00010600785606,1.01272094273,4.11130824886,1,0,0,-0,0,0.42,1.8
0,stable,355,post,99.9929162383,0.000170689108712,1.02048269305,4.17922356415,1,0,0,-0,0,0.42,1.8
0,stable,356,post,99.9891649632,-3.751611157e-05,1.00450193339,4.03939191715,1,0,0,-0,0,0.42,1.8
0,stable,357,post,100.04053338,0.000513607907389,1.06163294889,4.53928830276,1,0,0,-0,0,0.42,1.8
0,stable,358,post,100.020388267,-0.000201389778552,1.02416677343,4.21145926748,1,0,0,-0,0,0.42,1.8
0,stable,359,post,100.048141127,0.000277433540483,1.03329202486,4.29130521751,1,0,0,-0,0,0.42,1.8
0,stable,360,post,100.07937943,0.00031218397673,1.03746207721,4.32779317557,1,0,0,-0,0,0.42,1.8
0,fragile,0,pre,100,0,1,4,1,0,0,0,0,0.9,5.8
0,fragile,1,pre,99.9796884672,-0.000203135959128,1.0243763151,4.21329275708,1,0,0,-0,0,0.9,5.8
0,fragile,2,pre,99.9367091176,-0.000429973236108,1.05159678833,4.45147189791,1,0,0,-0,0,0.9,5.8
0,fragile,3,pre,99.9836965365,0.000470061269141,1.0564073523,4.4935643326,1,0,0,-0,0,0.9,5.8
0,fragile,4,pre,99.9856719246,1.97569061406e-05,1.00237082874,4.02074475145,1,0,0,-0,0,0.9,5.8
0,fragile,5,pre,100.002234216,0.000165632933468,1.01987595202,4.17391458014,1,0,0,-0,0,0.9,5.8
0,fragile,6,pre,100.036102716,0.000338620091482,1.04063441098,4.35555109606,1,0,0,-0,0,0.9,5.8
0,fragile,7,pre,100.060668225,0.000245536286088,1.02946435433,4.25781310039,1,0,0,-0,0,0.9,5.8
0,fragile,8,pre,100.033125238,-0.000275300763629,1.03303609164,4.28906580181,1,0,0,-0,0,0.9,5.8
0,fragile,9,pre,100.02773838,-5.38521943477e-05,1.00646226332,4.05654480407,1,0,0,-0,0,0.9,5.8
0,fragile,10,pre,100.003129815,-0.00024604767439,1.02952572093,4.25835005811,1,0,0,-0,0,0.9,5.8
0,fragile,11,pre,99.9944741482,-8.65577033217e-05,1.0103869244,4.09088558849,1,0,0,-0,0,0.9,5.8
0,fragile,12,pre,100.036424369,0.000419437414838,1.05033248978,4.44040928558,1,0,0,-0,0,0.9,5.8
0,fragile,13,pre,100.035773126,-6.51008260179e-06,1.00078120991,4.00683558673,1,0,0,-0,0,0.9,5.8
0,fragile,14,pre,99.9799031352,-0.000558656132994,1.06703873596,4.58658893964,1,0,0,-0,0,0.9,5.8
0,fragile,15,pre,99.9780786932,-1.82482535905e-05,1.00218979043,4.01916066627,1,0,0,-0,0,0.9,5.8
0,fragile,16,pre,99.9506186515,-0.000274698351936,1.03296380223,4.28843326953,1,0,0,-0,0,0.9,5.8
0,fragile,17,pre,100.007381526,0.000567747989966,1.0681297588,4.59613538946,1,0,0,-0,0,0.9,5.8
0,fragile,18,pre,100.048710566,0.000413174527701,1.04958094332,4.43383325409,1,0,0,-0,0,0.9,5.8
0,fragile,19,pre,100.025557682,-0.000231442899248,1.02777314791,4.24301504421,1,0,0,-0,0,0.9,5.8
0,fragile,20,pre,99.994148481,-0.000314061069944,1.03768732839,4.32976412344,1,0,0,-0,0,0.9,5.8
0,fragile,21,pre,100.042641176,0.000484837770954,1.05818053251,4.5090796595,1,0,0,-0,0,0.9,5.8
0,fragile,22,pre,100.014318333,-0.000283147787646,1.03397773452,4.29730517703,1,0,0,-0,0,0.9,5.8
0,fragile,23,pre,100.04590304,0.000315751996413,1.03789023957,4.33153959623,1,0,0,-0,0,0.9,5.8
0,fragile,24,pre,100.066787843,0.000208730425879,1.02504765111,4.21916694717,1,0,0,-0,0,0.9,5.8
0,fragile,25,pre,100.043217585,-0.000235573017939,1.02826876215,4.24735166884,1,0,0,-0,0,0.9,5.8
0,fragile,26,pre,100.059771196,0.00016545091753,1.0198541101,4.17372346341,1,0,0,-0,0,0.9,5.8
0,fragile,27,pre,100.078771919,0.000189875701577,1.02278508419,4.19936948666,1,0,0,-0,0,0.9,5.8
0,fragile,28,pre,100.060720103,-0.000180392349244,1.02164708191,4.18941196671,1,0,0,-0,0,0.9,5.8
0,fragile,29,pre,100.069169931,8.44434401138e-05,1.01013321281,4.08866561212,1,0,0,-0,0,0.9,5.8
0,fragile,30,pre,100.045171778,-0.000239844407858,1.02878132894,4.25183662825,1,0,0,-0,0,0.9,5.8
0,fragile,31,pre,100.016229389,-0.000289335065238,1.03472020783,4.3038018185,1,0,0,-0,0,0.9,5.8
0,fragile,32,pre,99.9824994905,-0.000337301132128,1.04047613586,4.35416618873,1,0,0,-0,0,0.9,5.8
0,fragile,33,pre,99.9734787212,-9.02275532135e-05,1.01082730639,4.09473893087,1,0,0,-0,0,0.9,5.8
0,fragile,34,pre,99.9461952992,-0.000272943844463,1.03275326134,4.28659103669,1,0,0,-0,0,0.9,5.8
0,fragile,35,pre,99.9656893478,0.000195026411276,1.02340316935,4.20477773184,1,0,0,-0,0,0.9,5.8
0,fragile,36,pre,99.9479574149,-0.000177395923249,1.02128751079,4.18626571941,1,0,0,-0,0,0.9,5.8
0,fragile,37,pre,99.9469218052,-1.03615432607e-05,1.00124338519,4.01087962042,1,0,0,-0,0,0.9,5.8
0,fragile,38,pre,99.9532108016,6.29213835348e-05,1.00755056602,4.06606745271,1,0,0,-0,0,0.9,5.8
0,fragile,39,pre,99.8971935571,-0.000560591770633,1.06727101248,4.58862135916,1,0,0,-0,0,0.9,5.8
0,fragile,40,pre,99.9390072179,0.000418479347304,1.05021752168,4.43940331467,1,0,0,-0,0,0.9,5.8
0,fragile,41,pre,99.942448441,3.44326404198e-05,1.00413191685,4.03615427244,1,0,0,-0,0,0.9,5.8
0,fragile,42,pre,99.9729085968,0.000304730525982,1.03656766312,4.31996705228,1,0,0,-0,0,0.9,5.8
0,fragile,43,pre,100.016529197,0.000436229051922,1.05234748623,4.45804050452,1,0,0,-0,0,0.9,5.8
0,fragile,44,pre,100.045722826,0.000291845446514,1.03502145358,4.30643771884,1,0,0,-0,0,0.9,5.8
0,fragile,45,pre,100.096007067,0.000502486336201,1.06029836034,4.52761065301,1,0,0,-0,0,0.9,5.8
0,fragile,46,pre,100.090696959,-5.30515568177e-05,1.00636618682,4.05570413466,1,0,0,-0,0,0.9,5.8
0,fragile,47,pre,100.127931023,0.000371934071627,1.0446320886,4.39053077521,1,0,0,-0,0,0.9,5.8
0,fragile,48,pre,100.092365295,-0.00035526596607,1.04263191593,4.37302926437,1,0,0,-0,0,0.9,5.8
0,fragile,49,pre,100.039358052,-0.000529723562998,1.06356682756,4.55620974115,1,0,0,-0,0,0.9,5.8
0,fragile,50,pre,99.9844743554,-0.000548771583878,1.06585259007,4.57621016307,1,0,0,-0,0,0.9,5.8
0,fragile,51,pre,100.046108725,0.000616249479165,1.0739499375,4.64706195312,1,0,0,-0,0,0.9,5.8
0,fragile,52,pre,100.026963533,-0.000191381998,1.02296583976,4.2009510979,1,0,0,-0,0,0.9,5.8
0,fragile,53,pre,100.079070178,0.000520790363494,1.06249484362,4.54682988167,1,0,0,-0,0,0.9,5.8
0,fragile,54,pre,100.059442192,-0.000196144025351,1.02353728304,4.20595122662,1,0,0,-0,0,0.9,5.8
0,fragile,55,pre,100.087758829,0.000282958116242,1.03395497395,4.29710602205,1,0,0,-0,0,0.9,5.8
0,fragile,56,pre,100.087749877,-8.94415484276e-08,1.00001073299,4.00009391363,1,0,0,-0,0,0.9,5.8
0,fragile,57,pre,100.040805384,-0.000469143385014,1.0562972062,4.49260055426,1,0,0,-0,0,0.9,5.8
0,fragile,58,pre,100.09875034,0.00057904552569,1.06948546308,4.60799780197,1,0,0,-0,0,0.9,5.8
0,fragile,59,pre,100.109967449,0.000112054151922,1.01344649823,4.11765685952,1,0,0,-0,0,0.9,5.8
0,fragile,60,pre,100.118730749,8.75329107165e-05,1.01050394929,4.09190955625,1,0,0,-0,0,0.9,5.8
0,fragile,61,pre,100.058872969,-0.000598046743224,1.07176560919,4.62794908039,1,0,0,-0,0,0.9,5.8
0,fragile,62,pre,100.054832571,-4.03810216878e-05,1.0048457226,4.04240007277,1,0,0,-0,0,0.9,5.8
0,fragile,63,pre,100.042621522,-0.000122051013148,1.01464612158,4.1281535638,1,0,0,-0,0,0.9,5.8
0,fragile,64,pre,99.9645258356,-0.000780928999184,1.0937114799,4.81997544914,1,0,0,-0,0,0.9,5.8
0,fragile,65,pre,99.9288223962,-0.000357224890644,1.04286698688,4.37508613518,1,0,0,-0,0,0.9,5.8
0,fragile,66,pre,99.9249878806,-3.83732051084e-05,1.00460478461,4.04029186536,1,0,0,-0,0,0.9,5.8
0,fragile,67,pre,99.8779574545,-0.000470768104799,1.05649217258,4.49430651004,1,0,0,-0,0,0.9,5.8
0,fragile,68,pre,99.8129898575,-0.000650681468011,1.07808177616,4.68321554141,1,0,0,-0,0,0.9,5.8
0,fragile,69,pre,99.7561119731,-0.000570006933719,1.06840083205,4.59850728041,1,0,0,-0,0,0.9,5.8
0,fragile,70,pre,99.7955286422,0.000395052323358,1.0474062788,4.41480493953,1,0,0,-0,0,0.9,5.8
0,fragile,71,pre,99.7819474287,-0.000136099662022,1.01633195944,4.14290464512,1,0,0,-0,0,0.9,5.8
0,fragile,72,pre,99.787706062,5.77105108843e-05,1.00692526131,4.06059603643,1,0,0,-0,0,0.9,5.8
0,fragile,73,pre,99.8336936457,0.00046074804103,1.05528976492,4.48378544308,1,0,0,-0,0,0.9,5.8
0,fragile,74,pre,99.807038921,-0.000267026918377,1.03204323021,4.2803782643,1,0,0,-0,0,0.9,5.8
0,fragile,75,pre,99.7743097081,-0.000327978675816,1.0393574411,4.34437760961,1,0,0,-0,0,0.9,5.8
0,fragile,76,pre,99.81319508,0.000389657383289,1.04675888599,4.40914025245,1,0,0,-0,0,0.9,5.8
0,fragile,77,pre,99.7822536266,-0.000310041675161,1.03720500102,4.32554375892,1,0,0,-0,0,0.9,5.8
0,fragile,78,pre,99.7545461518,-0.00027771794537,1.03332615344,4.29160384264,1,0,0,-0,0,0.9,5.8
0,fragile,79,pre,99.7698281209,0.000153183982513,1.0183820779,4.16084318164,1,0,0,-0,0,0.9,5.8
0,fragile,80,pre,99.7706534119,8.27191598029e-06,1.00099262992,4.00868551178,1,0,0,-0,0,0.9,5.8
0,fragile,81,pre,99.7766734458,6.03369033796e-05,1.00724042841,4.06335374855,1,0,0,-0,0,0.9,5.8
0,fragile,82,pre,99.7772888713,6.1680104312e-06,1.00074016125,4.00647641095,1,0,0,-0,0,0.9,5.8
0,fragile,83,pre,99.8021057826,0.00024869212054,1.02984305446,4.26112672657,1,0,0,-0,0,0.9,5.8
0,fragile,84,pre,99.8480608259,0.000460355680686,1.05524268168,4.48337346472,1,0,0,-0,0,0.9,5.8
0,fragile,85,pre,99.8497683452,1.71010297344e-05,1.00205212357,4.01795608122,1,0,0,-0,0,0.9,5.8
0,fragile,86,pre,99.8207376619,-0.000290785895645,1.03489430748,4.30532519043,1,0,0,-0,0,0.9,5.8
0,fragile,87,pre,99.805252913,-0.000155137604698,1.01861651256,4.16289448493,1,0,0,-0,0,0.9,5.8
0,fragile,88,pre,99.8217891876,0.000165671689248,1.01988060271,4.17395527371,1,0,0,-0,0,0.9,5.8
0,fragile,89,pre,99.8797078285,0.000580052161783,1.06960625941,4.60905476987,1,0,0,-0,0,0.9,5.8
0,fragile,90,pre,99.9214943745,0.000418281232792,1.05019374793,4.43919529443,1,0,0,-0,0,0.9,5.8
0,fragile,91,pre,99.9218253903,3.31275390172e-06,1.00039753047,4.0034783916,1,0,0,-0,0,0.9,5.8
0,fragile,92,pre,99.912754886,-9.0780127395e-05,1.01089361529,4.09531913376,1,0,0,-0,0,0.9,5.8
0,fragile,93,pre,99.9284037145,0.000156612668125,1.01879352017,4.16444330153,1,0,0,-0,0,0.9,5.8
0,fragile,94,pre,100.001870932,0.000734928422065,1.08819141065,4.77167484317,1,0,0,-0,0,0.9,5.8
0,fragile,95,pre,99.9586399231,-0.000432395468246,1.05188745619,4.45401524166,1,0,0,-0,0,0.9,5.8
0,fragile,96,pre,99.9857144805,0.000270820924741,1.03249851097,4.28436197098,1,0,0,-0,0,0.9,5.8
0,fragile,97,pre,99.9582251859,-0.000274970021648,1.0329964026,4.28871852273,1,0,0,-0,0,0.9,5.8
0,fragile,98,pre,99.9279705609,-0.000302718505513,1.03632622066,4.31785443079,1,0,0,-0,0,0.9,5.8
0,fragile,99,pre,99.9445642318,0.000166042532121,1.01992510385,4.17434465873,1,0,0,-0,0,0.9,5.8
0,fragile,100,pre,100.002157245,0.000576083611986,1.06913003344,4.60488779259,1,0,0,-0,0,0.9,5.8
0,fragile,101,pre,99.9745874409,-0.000275730102829,1.03308761234,4.28951660797,1,0,0,-0,0,0.9,5.8
0,fragile,102,pre,99.9767810447,2.19413728216e-05,1.00263296474,4.02303844146,1,0,0,-0,0,0.9,5.8
0,fragile,103,pre,99.968038189,-8.74526857214e-05,1.01049432229,4.09182532001,1,0,0,-0,0,0.9,5.8
0,fragile,104,pre,99.9815114532,0.000134766637466,1.0161719965,4.14150496934,1,0,0,-0,0,0.9,5.8
0,fragile,105,pre,99.977407487,-4.10480932131e-05,1.00492577119,4.04310049787,1,0,0,-0,0,0.9,5.8
0,fragile,106,pre,100.021322803,0.000439155951548,1.05269871419,4.46111374913,1,0,0,-0,0,0.9,5.8
0,fragile,107,pre,100.002773561,-0.000185470068403,1.02225640821,4.19474357182,1,0,0,-0,0,0.9,5.8
0,fragile,108,pre,99.9748096715,-0.000279670246073,1.03356042953,4.29365375838,1,0,0,-0,0,0.9,5.8
0,fragile,109,pre,99.9945880088,0.000197813640819,1.0237376369,4.20770432286,1,0,0,-0,0,0.9,5.8
0,fragile,110,pre,100.025684561,0.000310934007404,1.03731208089,4.32648070777,1,0,0,-0,0,0.9,5.8
0,fragile,111,pre,100.021623221,-4.06037979464e-05,1.00487245575,4.04263398784,1,0,0,-0,0,0.9,5.8
0,fragile,112,pre,99.9606747918,-0.000609538258721,1.07314459105,4.64001517166,1,0,0,-0,0,0.9,5.8
0,fragile,113,pre,99.9457741157,-0.000149076492063,1.01788917905,4.15653031667,1,0,0,-0,0,0.9,5.8
0,fragile,114,pre,99.9851945328,0.000394340284685,1.04732083416,4.41405729892,1,0,0,-0,0,0.9,5.8
0,fragile,115,pre,99.993499381,8.3057330663e-05,1.00996687968,4.0872101972,1,0,0,-0,0,0.9,5.8
0,fragile,116,pre,99.9677976498,-0.000257067059749,1.03084804717,4.26992041274,1,0,0,-0,0,0.9,5.8
0,fragile,117,pre,99.934614274,-0.000331995755415,1.03983949065,4.34859554319,1,0,0,-0,0,0.9,5.8
0,fragile,118,pre,99.9744136259,0.000398174638134,1.04778095658,4.41808337004,1,0,0,-0,0,0.9,5.8
0,fragile,119,pre,99.964076183,-0.000103406231396,1.01240874777,4.10857654297,1,0,0,-0,0,0.9,5.8
0,fragile,120,pre,99.9546681322,-9.41187469228e-05,1.01129424963,4.09882468427,1,0,0,-0,0,0.9,5.8
0,fragile,121,pre,100.011369921,0.000567114207245,1.06805370487,4.59546991761,1,0,0,-0,0,0.9,5.8
0,fragile,122,pre,99.9671938703,-0.000441807869802,1.05301694438,4.46389826329,1,0,0,-0,0,0.9,5.8
0,fragile,123,pre,99.959095552,-8.10130411048e-05,1.00972156493,4.08506369316,1,0,0,-0,0,0.9,5.8
0,fragile,124,pre,99.9439544877,-0.000151484074997,1.018178089,4.15905827875,1,0,0,-0,0,0.9,5.8
0,fragile,125,pre,99.9699671636,0.000260238765415,1.03122865185,4.27325070369,1,0,0,-0,0,0.9,5.8
0,fragile,126,pre,99.9851227566,0.000151589969721,1.01819079637,4.15916946821,1,0,0,-0,0,0.9,5.8
0,fragile,127,pre,99.9121967196,-0.00072963499854,1.08755619982,4.76611674847,1,0,0,-0,0,0.9,5.8
0,fragile,128,pre,99.9176804258,5.48837470108e-05,1.00658604964,4.05762793436,1,0,0,-0,0,0.9,5.8
0,fragile,129,pre,99.9498814685,0.000322223802491,1.0386668563,4.33833499262,1,0,0,-0,0,0.9,5.8
0,fragile,130,pre,99.9475212019,-2.36147792504e-05,1.00283377351,4.02479551821,1,0,0,-0,0,0.9,5.8
0,fragile,131,pre,99.9441607072,-3.36231573614e-05,1.00403477888,4.03530431523,1,0,0,-0,0,0.9,5.8
0,fragile,132,pre,99.9754577186,0.00031309595228,1.03757151427,4.32875074989,1,0,0,-0,0,0.9,5.8
0,fragile,133,pre,100.009854257,0.000343990646754,1.04127887761,4.36119017909,1,0,0,-0,0,0.9,5.8
0,fragile,134,pre,99.9679371899,-0.000419217224495,1.05030606694,4.44017808572,1,0,0,-0,0,0.9,5.8
0,fragile,135,pre,100.005307762,0.000373755723927,1.04485068687,4.39244351012,1,0,0,-0,0,0.9,5.8
0,fragile,136,pre,99.9859918074,-0.000193167949281,1.02318015391,4.20282634675,1,0,0,-0,0,0.9,5.8
0,fragile,137,pre,99.9704016318,-0.000155935755343,1.01871229064,4.16373254311,1,0,0,-0,0,0.9,5.8
0,fragile,138,pre,99.9061867073,-0.000642545755378,1.07710549065,4.67467304315,1,0,0,-0,0,0.9,5.8
0,fragile,139,pre,99.8787905697,-0.000274256234391,1.03291074813,4.28796904611,1,0,0,-0,0,0.9,5.8
0,fragile,140,pre,99.8747434296,-4.05213372097e-05,1.00486256047,4.04254740407,1,0,0,-0,0,0.9,5.8
0,fragile,141,pre,99.8696365407,-5.11342429293e-05,1.00613610915,4.05369095508,1,0,0,-0,0,0.9,5.8
0,fragile,142,pre,99.9142426885,0.000446544021941,1.05358528263,4.46887122304,1,0,0,-0,0,0.9,5.8
0,fragile,143,pre,99.9379421932,0.000237170335292,1.02846044023,4.24902885206,1,0,0,-0,0,0.9,5.8
0,fragile,144,pre,99.9706323698,0.000327051272881,1.03924615275,4.34340383652,1,0,0,-0,0,0.9,5.8
0,fragile,145,pre,99.9863452754,0.000157162863479,1.01885954362,4.16502100665,1,0,0,-0,0,0.9,5.8
0,fragile,146,pre,100.051940652,0.000655828247884,1.07869938975,4.68861966028,1,0,0,-0,0,0.9,5.8
0,fragile,147,pre,100.028793291,-0.000231380216426,1.02776562597,4.24294922725,1,0,0,-0,0,0.9,5.8
0,fragile,148,pre,100.05838787,0.000295816844113,1.03549802129,4.31060768632,1,0,0,-0,0,0.9,5.8
0,fragile,149,pre,100.058913447,5.25269102799e-06,1.00063032292,4.00551532558,1,0,0,-0,0,0.9,5.8
0,fragile,150,pre,100.105229115,0.00046277688782,1.05553322654,4.48591573221,1,0,0,-0,0,0.9,5.8
0,fragile,151,pre,100.102220634,-3.00536434383e-05,1.00360643721,4.03155632561,1,0,0,-0,0,0.9,5.8
0,fragile,152,pre,100.085294469,-0.000169103106256,1.02029237275,4.17755826157,1,0,0,-0,0,0.9,5.8
0,fragile,153,pre,100.062859137,-0.000224187243753,1.02690246925,4.23539660594,1,0,0,-0,0,0.9,5.8
0,fragile,154,pre,100.059782961,-3.07429120638e-05,1.00368914945,4.03228005767,1,0,0,-0,0,0.9,5.8
0,fragile,155,pre,100.033256978,-0.000265136489984,1.0318163788,4.27839331448,1,0,0,-0,0,0.9,5.8
0,fragile,156,pre,100.035978707,2.72078763951e-05,1.00326494517,4.02856827021,1,0,0,-0,0,0.9,5.8
0,fragile,157,pre,100.021944248,-0.000140303955865,1.0168364747,4.14731915366,1,0,0,-0,0,0.9,5.8
0,fragile,158,pre,99.9926005957,-0.000293415189879,1.03520982279,4.30808594937,1,0,0,-0,0,0.9,5.8
0,fragile,159,pre,99.9278797508,-0.000647465903622,1.07769590843,4.6798391988,1,0,0,-0,0,0.9,5.8
0,fragile,160,pre,99.9209974453,-6.88750975063e-05,1.0082650117,4.07231885238,1,0,0,-0,0,0.9,5.8
0,fragile,161,pre,99.9220533577,1.05674169793e-05,1.00126809004,4.01109578783,1,0,0,-0,0,0.9,5.8
0,fragile,162,pre,99.9827895606,0.000607651158355,1.072918139,4.63803371627,1,0,0,-0,0,0.9,5.8
0,fragile,163,pre,99.9889635905,6.17490205876e-05,1.00740988247,4.06483647162,1,0,0,-0,0,0.9,5.8
0,fragile,164,pre,100.008295097,0.000193317712001,1.02319812544,4.2029835976,1,0,0,-0,0,0.9,5.8
0,fragile,165,pre,100.063477412,0.000551625209684,1.06619502516,4.57920647017,1,0,0,-0,0,0.9,5.8
0,fragile,166,pre,100.068364196,4.88356499548e-05,1.00586027799,4.05127743245,1,0,0,-0,0,0.9,5.8
0,fragile,167,pre,100.04246284,-0.000258870114906,1.03106441379,4.27181362065,1,0,0,-0,0,0.9,5.8
0,fragile,168,pre,99.9934379491,-0.000490160933039,1.05881931196,4.51466897969,1,0,0,-0,0,0.9,5.8
0,fragile,169,pre,99.9729706816,-0.000204707058387,1.02456484701,4.21494241131,1,0,0,-0,0,0.9,5.8
0,fragile,170,pre,100.02294297,0.000499733101883,1.05996797223,4.52471975698,1,0,0,-0,0,0.9,5.8
0,fragile,171,pre,100.022770623,-1.72307060018e-06,1.00020676847,4.00180922413,1,0,0,-0,0,0.9,5.8
0,fragile,172,pre,100.031367148,8.59419853011e-05,1.01031303824,4.09023908457,1,0,0,-0,0,0.9,5.8
0,fragile,173,pre,100.019366547,-0.000119975573335,1.0143970688,4.125974352,1,0,0,-0,0,0.9,5.8
0,fragile,174,pre,100.031620941,0.000122512699092,1.01470152389,4.12863833405,1,0,0,-0,0,0.9,5.8
0,fragile,175,pre,100.01921055,-0.000124072367532,1.0148886841,4.13027598591,1,0,0,-0,0,0.9,5.8
0,fragile,176,pre,100.014114164,-5.0955375419e-05,1.00611464505,4.05350314419,1,0,0,-0,0,0.9,5.8
0,fragile,177,pre,99.9858816947,-0.000282324699705,1.03387896396,4.29644093469,1,0,0,-0,0,0.9,5.8
0,fragile,178,pre,100.014460948,0.000285792047613,1.03429504571,4.30008164999,1,0,0,-0,0,0.9,5.8
0,fragile,179,pre,99.991678306,-0.000227819429654,1.02733833156,4.23921040114,1,0,0,-0,0,0.9,5.8
0,fragile,180,pre,99.9816608079,-0.000100188336388,1.01202260037,4.10519775321,1,0,0,-0,0,0.9,5.8
0,fragile,181,pre,99.9333060092,-0.000483753672685,1.05805044072,4.50794135632,1,0,0,-0,0,0.9,5.8
0,fragile,182,pre,99.9659392976,0.000326497368248,1.03917968419,4.34282223666,1,0,0,-0,0,0.9,5.8
0,fragile,183,pre,99.9536996759,-0.000122445416508,1.01469344998,4.12856768733,1,0,0,-0,0,0.9,5.8
0,fragile,184,pre,99.996474622,0.000427856058675,1.05134272704,4.44924886161,1,0,0,-0,0,0.9,5.8
0,fragile,185,pre,99.9394555415,-0.000570373539608,1.06844482475,4.59889221659,1,0,0,-0,0,0.9,5.8
0,fragile,186,pre,99.9767517248,0.00037311816096,1.04477417932,4.39177406901,1,0,0,-0,0,0.9,5.8
0,fragile,187,pre,99.9160409944,-0.000607432929342,1.07289195152,4.63780457581,1,0,0,-0,0,0.9,5.8
0,fragile,188,pre,99.9375944983,0.000215692888803,1.02588314666,4.22647753324,1,0,0,-0,0,0.9,5.8
0,fragile,189,pre,99.9200072996,-0.000175997296201,1.02111967554,4.18479716101,1,0,0,-0,0,0.9,5.8
0,fragile,190,pre,99.8976060835,-0.000224216632468,1.0269059959,4.23542746409,1,0,0,-0,0,0.9,5.8
0,fragile,191,pre,99.8507342368,-0.000469309006104,1.05631708073,4.49277445641,1,0,0,-0,0,0.9,5.8
0,fragile,192,pre,99.8049969862,-0.000458161167099,1.05497934005,4.48106922545,1,0,0,-0,0,0.9,5.8
0,fragile,193,pre,99.8440674849,0.000391391758202,1.04696701098,4.41096134611,1,0,0,-0,0,0.9,5.8
0,fragile,194,pre,99.8343310228,-9.75214354975e-05,1.01170257226,4.10239750727,1,0,0,-0,0,0.9,5.8
0,fragile,195,pre,99.8473512264,0.000130409594161,1.0156491513,4.13693007387,1,0,0,-0,0,0.9,5.8
0,fragile,196,pre,99.8331269562,-0.000142470314129,1.0170964377,4.14959382984,1,0,0,-0,0,0.9,5.8
0,fragile,197,pre,99.8554068294,0.000223146245307,1.02677754944,4.23430355757,1,0,0,-0,0,0.9,5.8
0,fragile,198,pre,99.8365489562,-0.00018886963291,1.02266435595,4.19831311456,1,0,0,-0,0,0.9,5.8
0,fragile,199,pre,99.833060418,-3.49431063728e-05,1.00419317276,4.03669026169,1,0,0,-0,0,0.9,5.8
0,fragile,200,pre,99.8110974736,-0.000220020909132,1.0264025091,4.23102195459,1,0,0,-0,0,0.9,5.8
0,fragile,201,pre,99.8094275762,-1.67307179077e-05,1.00200768615,4.0175672538,1,0,0,-0,0,0.9,5.8
0,fragile,202,pre,99.8252180535,0.000158193757285,1.01898325087,4.16610344515,1,0,0,-0,0,0.9,5.8
0,fragile,203,pre,99.8124951226,-0.000127460194753,1.01529522337,4.13383320449,1,0,0,-0,0,0.9,5.8
0,fragile,204,pre,99.8419438513,0.000294996986131,1.03539963834,4.30974683544,1,0,0,-0,0,0.9,5.8
0,fragile,205,pre,99.8857074502,0.000438232756522,1.05258793078,4.46014439435,1,0,0,-0,0,0.9,5.8
0,fragile,206,pre,99.9236344544,0.000379631945748,1.04555583349,4.39861354304,1,0,0,-0,0,0.9,5.8
0,fragile,207,pre,99.9174315591,-6.20782841608e-05,1.0074493941,4.06518219837,1,0,0,-0,0,0.9,5.8
0,fragile,208,pre,99.9692886022,0.000518864326144,1.06226371914,4.54480754245,1,0,0,-0,0,0.9,5.8
0,fragile,209,pre,99.9773240259,8.03756927522e-05,1.00964508313,4.08439447739,1,0,0,-0,0,0.9,5.8
0,fragile,210,pre,99.9621517106,-0.000151769081397,1.01821228977,4.15935753547,1,0,0,-0,0,0.9,5.8
0,fragile,211,pre,99.9477003522,-0.000144578751589,1.01734945019,4.15180768917,1,0,0,-0,0,0.9,5.8
0,fragile,212,pre,99.9342268239,-0.00013481487335,1.0161777848,4.14155561702,1,0,0,-0,0,0.9,5.8
0,fragile,213,pre,99.9343546785,1.27938655885e-06,1.00015352639,4.00134335589,1,0,0,-0,0,0.9,5.8
0,fragile,214,pre,99.8829092634,-0.000514924638475,1.06179095662,4.5406708704,1,0,0,-0,0,0.9,5.8
0,fragile,215,pre,99.964753707,0.000819068353795,1.09828820246,4.86002177149,1,0,0,-0,0,0.9,5.8
0,fragile,216,pre,99.9475511307,-0.000172101225974,1.02065214712,4.18070628727,1,0,0,-0,0,0.9,5.8
0,fragile,217,pre,99.9294351309,-0.000181271492551,1.02175257911,4.19033506718,1,0,0,-0,0,0.9,5.8
0,fragile,218,pre,99.9321555123,2.72226526111e-05,1.00326671831,4.02858378524,1,0,0,-0,0,0.9,5.8
0,fragile,219,pre,99.9617579675,0.000296181659246,1.03554179911,4.31099074221,1,0,0,-0,0,0.9,5.8
0,fragile,220,pre,100.002111711,0.000403610356808,1.04843324282,4.42379087465,1,0,0,-0,0,0.9,5.8
0,fragile,221,pre,100.011693045,9.58067244626e-05,1.01149680694,4.10059706069,1,0,0,-0,0,0.9,5.8
0,fragile,222,pre,100.047040427,0.000353370051246,1.04240440615,4.37103855381,1,0,0,-0,0,0.9,5.8
0,fragile,223,pre,100.042894906,-4.1436580009e-05,1.0049723896,4.04350840901,1,0,0,-0,0,0.9,5.8
0,fragile,224,pre,100.027794644,-0.000150949268805,1.01811391226,4.15849673225,1,0,0,-0,0,0.9,5.8
0,fragile,225,pre,100.042493689,0.000146938808514,1.01763265702,4.15428574894,1,0,0,-0,0,0.9,5.8
0,fragile,226,pre,100.037359087,-5.13255285727e-05,1.00615906343,4.053891805,1,0,0,-0,0,0.9,5.8
0,fragile,227,pre,100.013640255,-0.000237127849452,1.02845534193,4.24898424192,1,0,0,-0,0,0.9,5.8
0,fragile,228,pre,99.9864101792,-0.000272300691065,1.03267608293,4.28591572562,1,0,0,-0,0,0.9,5.8
0,fragile,229,pre,100.007570338,0.000211607959423,1.02539295513,4.22218835739,1,0,0,-0,0,0.9,5.8
0,fragile,230,pre,100.060254029,0.00052665831927,1.06319899831,4.55299123523,1,0,0,-0,0,0.9,5.8
0,fragile,231,pre,100.136235477,0.000759068774669,1.09108825296,4.7970222134,1,0,0,-0,0,0.9,5.8
0,fragile,232,pre,100.112237552,-0.00023968148377,1.02876177805,4.25166555796,1,0,0,-0,0,0.9,5.8
0,fragile,233,pre,100.117628916,5.38517497326e-05,1.00646220997,4.05654433722,1,0,0,-0,0,0.9,5.8
0,fragile,234,pre,100.132516234,0.000148687208193,1.01784246498,4.1561215686,1,0,0,-0,0,0.9,5.8
0,fragile,235,pre,100.054004996,-0.000784380898386,1.09412570781,4.82359994331,1,0,0,-0,0,0.9,5.8
0,fragile,236,pre,100.019663374,-0.000343289780337,1.04119477364,4.36045426935,1,0,0,-0,0,0.9,5.8
0,fragile,237,pre,100.002152814,-0.0001750865018,1.02101038022,4.18384082689,1,0,0,-0,0,0.9,5.8
0,fragile,238,pre,99.997818515,-4.33429916758e-05,1.005201159,4.04551014126,1,0,0,-0,0,0.9,5.8
0,fragile,239,pre,100.005109654,7.29103235241e-05,1.00874923882,4.0765558397,1,0,0,-0,0,0.9,5.8
0,fragile,240,post,99.9821397853,-0.000229713334458,1.02756560013,4.24119900118,1,-0,0,-0,-0,0.9,5.8
0,fragile,241,post,99.9608507165,-0.000212951389635,1.02555416676,4.22359895912,1,-0,0,-0,-0,0.9,5.8
0,fragile,242,post,99.9319506685,-0.00028915546742,1.03469865609,4.30361324079,1,-0,0,-0,-0,0.9,5.8
0,fragile,243,post,99.8387895315,-0.000932680568805,1.11192166826,4.97931459724,1,-0,0,-0,-0,0.9,5.8
0,fragile,244,post,99.8399933109,1.20571594629e-05,1.00144685914,4.01266001744,1,-0,0,-0,-0,0.9,5.8
0,fragile,245,post,99.8503289998,0.000103517173871,1.01242206086,4.10869303256,1,0,0,-0,0,0.9,5.8
0,fragile,246,post,99.9144774722,0.000642239999549,1.07706879995,4.67435199953,1,0,0,-0,0,0.9,5.8
0,fragile,247,post,99.91010597,-4.37533972912e-05,1.00525040767,4.04594106716,1,0,0,-0,0,0.9,5.8
0,fragile,248,post,99.9428207779,0.000327388832499,1.0392866599,4.34375827412,1,0,0,-0,0,0.9,5.8
0,fragile,249,post,99.9197991893,-0.000230374131705,1.0276448958,4.24189283829,1,0,0,-0,0,0.9,5.8
0,fragile,250,post,99.9147948026,-5.00852882844e-05,1.00601023459,4.0525895527,1,0,0,-0,0,0.9,5.8
0,fragile,251,post,99.9499924613,0.000352214710055,1.04226576521,4.36982544556,1,0,0,-0,0,0.9,5.8
0,fragile,252,post,99.96859933,0.000186144455481,1.02233733466,4.19545167825,1,0,0,-0,0,0.9,5.8
0,fragile,253,post,99.9391323042,-0.000294806266455,1.03537675197,4.30954657978,1,0,0,-0,0,0.9,5.8
0,fragile,254,post,99.9497039711,0.000105775461113,1.01269305533,4.11106423417,1,0,0,-0,0,0.9,5.8
0,fragile,255,post,99.9563422401,6.64138891689e-05,1.0079696667,4.06973458363,1,0,0,-0,0,0.9,5.8
0,fragile,256,post,99.952655814,-3.68810425594e-05,1.00442572511,4.03872509469,1,0,0,-0,0,0.9,5.8
0,fragile,257,post,100.003075212,0.00050430561967,1.06051667436,4.52952090065,1,0,0,-0,0,0.9,5.8
0,fragile,258,post,100.041769327,0.000386854410767,1.04642252929,4.40619713131,1,0,0,-0,0,0.9,5.8
0,fragile,259,post,100.062096455,0.000203165769993,1.0243798924,4.21332405849,1,0,0,-0,0,0.9,5.8
0,fragile,260,post,100.081441803,0.000193314743378,1.02319776921,4.20298048055,1,0,0,-0,0,0.9,5.8
0,fragile,261,post,100.003355717,-0.000780529965961,1.09366359592,4.81955646426,1,0,0,-0,0,0.9,5.8
0,fragile,262,post,100.036214659,0.000328524418046,1.03942293017,4.34495063895,1,0,0,-0,0,0.9,5.8
0,fragile,263,post,100.077183878,0.000409460039178,1.0491352047,4.42993304114,1,0,0,-0,0,0.9,5.8
0,fragile,264,post,100.113063561,0.000358455856877,1.04301470283,4.37637864972,1,0,0,-0,0,0.9,5.8
0,fragile,265,post,100.145814118,0.000327082202727,1.03924986433,4.34343631286,1,0,0,-0,0,0.9,5.8
0,fragile,266,post,100.136565409,-9.23566928677e-05,1.01108280314,4.09697452751,1,0,0,-0,0,0.9,5.8
0,fragile,267,post,100.131420811,-5.13771380779e-05,1.00616525657,4.05394599498,1,0,0,-0,0,0.9,5.8
0,fragile,268,post,100.084645885,-0.000467244493013,1.05606933916,4.49060671766,1,0,0,-0,0,0.9,5.8
0,fragile,269,post,100.08098388,-3.65897393803e-05,1.00439076873,4.03841922635,1,0,0,-0,0,0.9,5.8
0,fragile,270,post,100.083842836,2.85660115964e-05,1.00342792139,4.02999431218,1,0,0,-0,0,0.9,5.8
0,fragile,271,post,100.121231108,0.000373499748482,1.04481996982,4.39217473591,1,0,0,-0,0,0.9,5.8
0,fragile,272,post,100.066780228,-0.000543997423996,1.06527969088,4.5711972952,1,0,0,-0,0,0.9,5.8
0,fragile,273,post,100.071696987,4.91335695559e-05,1.00589602835,4.05159024803,1,0,0,-0,0,0.9,5.8
0,fragile,274,post,100.080002706,8.29942384857e-05,1.00995930862,4.08714395041,1,0,0,-0,0,0.9,5.8
0,fragile,275,post,100.127835689,0.000477833278746,1.05733999345,4.50172494268,1,0,0,-0,0,0.9,5.8
0,fragile,276,post,100.106908121,-0.000209030333328,1.02508364,4.21948184999,1,0,0,-0,0,0.9,5.8
0,fragile,277,post,100.113156662,6.24167308217e-05,1.0074900077,4.06553756736,1,0,0,-0,0,0.9,5.8
0,fragile,278,post,100.101418507,-0.000117255752536,1.0140706903,4.12311854016,1,0,0,-0,0,0.9,5.8
0,fragile,279,post,100.131724403,0.000302706093819,1.03632473126,4.31784139851,1,0,0,-0,0,0.9,5.8
0,fragile,280,post,100.188562772,0.000567474931685,1.0680969918,4.59584867827,1,0,0,-0,0,0.9,5.8
0,fragile,281,post,100.164020503,-0.000244990796793,1.02939889562,4.25724033663,1,0,0,-0,0,0.9,5.8
0,fragile,282,post,100.201403689,0.000373150073749,1.04477800885,4.39180757744,1,0,0,-0,0,0.9,5.8
0,fragile,283,post,100.176734183,-0.000246229516718,1.02954754201,4.25854099255,1,0,0,-0,0,0.9,5.8
0,fragile,284,post,100.175575268,-1.15687699628e-05,1.0013882524,4.01214720846,1,0,0,-0,0,0.9,5.8
0,fragile,285,post,100.175415839,-1.59149044312e-06,1.00019097885,4.00167106497,1,0,0,-0,0,0.9,5.8
0,fragile,286,post,100.123947549,-0.000513913679178,1.0616696415,4.53960936314,1,0,0,-0,0,0.9,5.8
0,fragile,287,post,100.159738373,0.000357401298184,1.04288815578,4.37527136309,1,0,0,-0,0,0.9,5.8
0,fragile,288,post,100.173425902,0.00013664765851,1.01639771902,4.14348004144,1,0,0,-0,0,0.9,5.8
0,fragile,289,post,100.164068515,-9.34162407454e-05,1.01120994889,4.09808705278,1,0,0,-0,0,0.9,5.8
0,fragile,290,post,100.163139176,-9.27820327156e-06,1.00111338439,4.00974211344,1,0,0,-0,0,0.9,5.8
0,fragile,291,post,100.204846965,0.000416311913073,1.04995742957,4.43712750873,1,0,0,-0,0,0.9,5.8
0,fragile,292,post,100.176738472,-0.000280549668892,1.03366596027,4.29457715234,1,0,0,-0,0,0.9,5.8
0,fragile,293,post,100.095382746,-0.000812451876889,1.09749422523,4.85307447073,1,0,0,-0,0,0.9,5.8
0,fragile,294,post,100.070647382,-0.000247148473511,1.02965781682,4.25950589719,1,0,0,-0,0,0.9,5.8
0,fragile,295,post,100.111666712,0.00040981973231,1.04917836788,4.43031071893,1,0,0,-0,0,0.9,5.8
0,fragile,296,post,100.139625397,0.000279235996888,1.03350831963,4.29319779673,1,0,0,-0,0,0.9,5.8
0,fragile,297,post,100.157805515,0.000181531222144,1.02178374666,4.19060778325,1,0,0,-0,0,0.9,5.8
0,fragile,298,post,100.169932738,0.000121073819184,1.0145288583,4.12712751014,1,0,0,-0,0,0.9,5.8
0,fragile,299,post,100.147504567,-0.000223926290331,1.02687115484,4.23512260485,1,0,0,-0,0,0.9,5.8
0,fragile,300,post,100.167205753,0.000196702332379,1.02360427989,4.206537449,1,0,0,-0,0,0.9,5.8
0,fragile,301,post,100.10808922,-0.000590352742703,1.07084232912,4.61987037984,1,0,0,-0,0,0.9,5.8
0,fragile,302,post,100.093888139,-0.000141867531613,1.01702410379,4.14896090819,1,0,0,-0,0,0.9,5.8
0,fragile,303,post,100.08271259,-0.000111656898847,1.01339882786,4.11723974379,1,0,0,-0,0,0.9,5.8
0,fragile,304,post,100.119276235,0.000365267549138,1.0438321059,4.38353092659,1,0,0,-0,0,0.9,5.8
0,fragile,305,post,100.076750834,-0.000424837612807,1.05098051354,4.44607949345,1,0,0,-0,0,0.9,5.8
0,fragile,306,post,100.054928651,-0.000218078249148,1.0261693899,4.22898216161,1,0,0,-0,0,0.9,5.8
0,fragile,307,post,100.045297572,-9.6262554209e-05,1.01155150651,4.10107568192,1,0,0,-0,0,0.9,5.8
0,fragile,308,post,100.071924492,0.000266113237302,1.03193358848,4.27941889917,1,0,0,-0,0,0.9,5.8
0,fragile,309,post,100.074280439,2.35422576131e-05,1.00282507091,4.02471937049,1,0,0,-0,0,0.9,5.8
0,fragile,310,post,100.099789512,0.000254868908226,1.03058426899,4.26761235364,1,0,0,-0,0,0.9,5.8
0,fragile,311,post,100.101115923,1.3250792656e-05,1.00159009512,4.01391333229,1,0,0,-0,0,0.9,5.8
0,fragile,312,post,100.072108636,-0.000289821851139,1.03477862214,4.3043129437,1,0,0,-0,0,0.9,5.8
0,fragile,313,post,100.039038964,-0.000330513038505,1.03966156462,4.34703869043,1,0,0,-0,0,0.9,5.8
0,fragile,314,post,100.045305982,6.26437629075e-05,1.00751725155,4.06577595105,1,0,0,-0,0,0.9,5.8
0,fragile,315,post,100.094756935,0.000494163470142,1.05929961642,4.51887164365,1,0,0,-0,0,0.9,5.8
0,fragile,316,post,100.071334028,-0.000234034717721,1.02808416613,4.24573645361,1,0,0,-0,0,0.9,5.8
0,fragile,317,post,100.071363697,2.96479785959e-07,1.00003557757,4.00031130378,1,0,0,-0,0,0.9,5.8
0,fragile,318,post,100.085305474,0.000139308635287,1.01671703623,4.14627406705,1,0,0,-0,0,0.9,5.8
0,fragile,319,post,100.094213005,8.89954288062e-05,1.01067945146,4.09344520025,1,0,0,-0,0,0.9,5.8
0,fragile,320,post,100.062153003,-0.000320349562799,1.03844194754,4.33636704094,1,0,0,-0,0,0.9,5.8
0,fragile,321,post,100.032371111,-0.0002976782299,1.03572138759,4.31256214139,1,0,0,-0,0,0.9,5.8
0,fragile,322,post,100.00520078,-0.000271652282207,1.03259827386,4.28523489632,1,0,0,-0,0,0.9,5.8
0,fragile,323,post,99.9886897134,-0.000165115708253,1.01981388499,4.17337149367,1,0,0,-0,0,0.9,5.8
0,fragile,324,post,100.017933718,0.000292430363314,1.0350916436,4.30705188148,1,0,0,-0,0,0.9,5.8
0,fragile,325,post,99.9967891911,-0.000211429704694,1.02537156456,4.22200118993,1,0,0,-0,0,0.9,5.8
0,fragile,326,post,100.016267699,0.000194772362832,1.02337268354,4.20451098097,1,0,0,-0,0,0.9,5.8
0,fragile,327,post,99.9508640365,-0.000654144149749,1.07849729797,4.68685135724,1,0,0,-0,0,0.9,5.8
0,fragile,328,post,99.9753862302,0.000245312396996,1.02943748764,4.25757801685,1,0,0,-0,0,0.9,5.8
0,fragile,329,post,100.005158092,0.000297747586372,1.03572971036,4.31263496569,1,0,0,-0,0,0.9,5.8
0,fragile,330,post,99.9916605218,-0.000134977851742,1.01619734221,4.14172674433,1,0,0,-0,0,0.9,5.8
0,fragile,331,post,99.9638165226,-0.000278501992394,1.03342023909,4.29242709201,1,0,0,-0,0,0.9,5.8
0,fragile,332,post,100.016459247,0.000526479182628,1.06317750192,4.55280314176,1,0,0,-0,0,0.9,5.8
0,fragile,333,post,99.9727581572,-0.000437034471332,1.05244413656,4.4588861949,1,0,0,-0,0,0.9,5.8
0,fragile,334,post,99.9314125083,-0.000413654695459,1.04963856346,4.43433743023,1,0,0,-0,0,0.9,5.8
0,fragile,335,post,99.9910247171,0.0005963533791,1.07156240549,4.62617104806,1,0,0,-0,0,0.9,5.8
0,fragile,336,post,99.940361044,-0.000506810613745,1.06081727365,4.53215114443,1,0,0,-0,0,0.9,5.8
0,fragile,337,post,99.9000598109,-0.000403334155396,1.04840009865,4.42350086317,1,0,0,-0,0,0.9,5.8
0,fragile,338,post,99.956414052,0.000563947132371,1.06767365588,4.59214448899,1,0,0,-0,0,0.9,5.8
0,fragile,339,post,99.9550822525,-1.33238910922e-05,1.00159886693,4.01399008565,1,0,0,-0,0,0.9,5.8
0,fragile,340,post,99.9534106419,-1.67237580772e-05,1.00200685097,4.01755994598,1,0,0,-0,0,0.9,5.8
0,fragile,341,post,99.9286841197,-0.000247411078477,1.02968932942,4.2597816324,1,0,0,-0,0,0.9,5.8
0,fragile,342,post,99.9226381816,-6.05043597484e-05,1.00726052317,4.06352957774,1,0,0,-0,0,0.9,5.8
0,fragile,343,post,99.927373535,4.73890736949e-05,1.00568668884,4.04975852738,1,0,0,-0,0,0.9,5.8
0,fragile,344,post,99.9390249721,0.00011659225514,1.01399107062,4.1224218679,1,0,0,-0,0,0.9,5.8
0,fragile,345,post,99.9426509351,3.62810951044e-05,1.00435373141,4.03809514986,1,0,0,-0,0,0.9,5.8
0,fragile,346,post,99.9893082108,0.000466731549274,1.05600778591,4.49006812674,1,0,0,-0,0,0.9,5.8
0,fragile,347,post,99.953667804,-0.000356505718693,1.04278068624,4.37433100463,1,0,0,-0,0,0.9,5.8
0,fragile,348,post,99.9277896562,-0.000258934953214,1.03107219439,4.27188170087,1,0,0,-0,0,0.9,5.8
0,fragile,349,post,99.9367423565,8.95876837989e-05,1.01075052206,4.09406706799,1,0,0,-0,0,0.9,5.8
0,fragile,350,post,99.9060481471,-0.000307183557213,1.03686202687,4.32254273507,1,0,0,-0,0,0.9,5.8
0,fragile,351,post,99.9443831336,0.000383636770182,1.04603641242,4.40281860869,1,0,0,-0,0,0.9,5.8
0,fragile,352,post,99.9804858453,0.000361162794012,1.04333953528,4.37922093371,1,0,0,-0,0,0.9,5.8
0,fragile,353,post,99.9864487804,5.9639210298e-05,1.00715670524,4.06262117081,1,0,0,-0,0,0.9,5.8
0,fragile,354,post,99.9758499931,-0.00010600785606,1.01272094273,4.11130824886,1,0,0,-0,0,0.9,5.8
0,fragile,355,post,99.9929162383,0.000170689108712,1.02048269305,4.17922356415,1,0,0,-0,0,0.9,5.8
0,fragile,356,post,99.9891649632,-3.751611157e-05,1.00450193339,4.03939191715,1,0,0,-0,0,0.9,5.8
0,fragile,357,post,100.04053338,0.000513607907389,1.06163294889,4.53928830276,1,0,0,-0,0,0.9,5.8
0,fragile,358,post,100.020388267,-0.000201389778552,1.02416677343,4.21145926748,1,0,0,-0,0,0.9,5.8
0,fragile,359,post,100.048141127,0.000277433540483,1.03329202486,4.29130521751,1,0,0,-0,0,0.9,5.8
0,fragile,360,post,100.07937943,0.00031218397673,1.03746207721,4.32779317557,1,0,0,-0,0,0.9,5.8
0.5,stable,0,pre,100,0,1,4,1,0,0,0,0,0.42,1.8
0.5,stable,1,pre,99.9796884672,-0.000203135959128,1.0243763151,4.21329275708,1,0,0,-0,0,0.42,1.8
0.5,stable,2,pre,99.9367091176,-0.000429973236108,1.05159678833,4.45147189791,1,0,0,-0,0,0.42,1.8
0.5,stable,3,pre,99.9836965365,0.000470061269141,1.0564073523,4.4935643326,1,0,0,-0,0,0.42,1.8
0.5,stable,4,pre,99.9856719246,1.97569061406e-05,1.00237082874,4.02074475145,1,0,0,-0,0,0.42,1.8
0.5,stable,5,pre,100.002234216,0.000165632933468,1.01987595202,4.17391458014,1,0,0,-0,0,0.42,1.8
0.5,stable,6,pre,100.036102716,0.000338620091482,1.04063441098,4.35555109606,1,0,0,-0,0,0.42,1.8
0.5,stable,7,pre,100.060668225,0.000245536286088,1.02946435433,4.25781310039,1,0,0,-0,0,0.42,1.8
0.5,stable,8,pre,100.033125238,-0.000275300763629,1.03303609164,4.28906580181,1,0,0,-0,0,0.42,1.8
0.5,stable,9,pre,100.02773838,-5.38521943477e-05,1.00646226332,4.05654480407,1,0,0,-0,0,0.42,1.8
0.5,stable,10,pre,100.003129815,-0.00024604767439,1.02952572093,4.25835005811,1,0,0,-0,0,0.42,1.8
0.5,stable,11,pre,99.9944741482,-8.65577033217e-05,1.0103869244,4.09088558849,1,0,0,-0,0,0.42,1.8
0.5,stable,12,pre,100.036424369,0.000419437414838,1.05033248978,4.44040928558,1,0,0,-0,0,0.42,1.8
0.5,stable,13,pre,100.035773126,-6.51008260179e-06,1.00078120991,4.00683558673,1,0,0,-0,0,0.42,1.8
0.5,stable,14,pre,99.9799031352,-0.000558656132994,1.06703873596,4.58658893964,1,0,0,-0,0,0.42,1.8
0.5,stable,15,pre,99.9780786932,-1.82482535905e-05,1.00218979043,4.01916066627,1,0,0,-0,0,0.42,1.8
0.5,stable,16,pre,99.9506186515,-0.000274698351936,1.03296380223,4.28843326953,1,0,0,-0,0,0.42,1.8
0.5,stable,17,pre,100.007381526,0.000567747989966,1.0681297588,4.59613538946,1,0,0,-0,0,0.42,1.8
0.5,stable,18,pre,100.048710566,0.000413174527701,1.04958094332,4.43383325409,1,0,0,-0,0,0.42,1.8
0.5,stable,19,pre,100.025557682,-0.000231442899248,1.02777314791,4.24301504421,1,0,0,-0,0,0.42,1.8
0.5,stable,20,pre,99.994148481,-0.000314061069944,1.03768732839,4.32976412344,1,0,0,-0,0,0.42,1.8
0.5,stable,21,pre,100.042641176,0.000484837770954,1.05818053251,4.5090796595,1,0,0,-0,0,0.42,1.8
0.5,stable,22,pre,100.014318333,-0.000283147787646,1.03397773452,4.29730517703,1,0,0,-0,0,0.42,1.8
0.5,stable,23,pre,100.04590304,0.000315751996413,1.03789023957,4.33153959623,1,0,0,-0,0,0.42,1.8
0.5,stable,24,pre,100.066787843,0.000208730425879,1.02504765111,4.21916694717,1,0,0,-0,0,0.42,1.8
0.5,stable,25,pre,100.043217585,-0.000235573017939,1.02826876215,4.24735166884,1,0,0,-0,0,0.42,1.8
0.5,stable,26,pre,100.059771196,0.00016545091753,1.0198541101,4.17372346341,1,0,0,-0,0,0.42,1.8
0.5,stable,27,pre,100.078771919,0.000189875701577,1.02278508419,4.19936948666,1,0,0,-0,0,0.42,1.8
0.5,stable,28,pre,100.060720103,-0.000180392349244,1.02164708191,4.18941196671,1,0,0,-0,0,0.42,1.8
0.5,stable,29,pre,100.069169931,8.44434401138e-05,1.01013321281,4.08866561212,1,0,0,-0,0,0.42,1.8
0.5,stable,30,pre,100.045171778,-0.000239844407858,1.02878132894,4.25183662825,1,0,0,-0,0,0.42,1.8
0.5,stable,31,pre,100.016229389,-0.000289335065238,1.03472020783,4.3038018185,1,0,0,-0,0,0.42,1.8
0.5,stable,32,pre,99.9824994905,-0.000337301132128,1.04047613586,4.35416618873,1,0,0,-0,0,0.42,1.8
0.5,stable,33,pre,99.9734787212,-9.02275532135e-05,1.01082730639,4.09473893087,1,0,0,-0,0,0.42,1.8
0.5,stable,34,pre,99.9461952992,-0.000272943844463,1.03275326134,4.28659103669,1,0,0,-0,0,0.42,1.8
0.5,stable,35,pre,99.9656893478,0.000195026411276,1.02340316935,4.20477773184,1,0,0,-0,0,0.42,1.8
0.5,stable,36,pre,99.9479574149,-0.000177395923249,1.02128751079,4.18626571941,1,0,0,-0,0,0.42,1.8
0.5,stable,37,pre,99.9469218052,-1.03615432607e-05,1.00124338519,4.01087962042,1,0,0,-0,0,0.42,1.8
0.5,stable,38,pre,99.9532108016,6.29213835348e-05,1.00755056602,4.06606745271,1,0,0,-0,0,0.42,1.8
0.5,stable,39,pre,99.8971935571,-0.000560591770633,1.06727101248,4.58862135916,1,0,0,-0,0,0.42,1.8
0.5,stable,40,pre,99.9390072179,0.000418479347304,1.05021752168,4.43940331467,1,0,0,-0,0,0.42,1.8
0.5,stable,41,pre,99.942448441,3.44326404198e-05,1.00413191685,4.03615427244,1,0,0,-0,0,0.42,1.8
0.5,stable,42,pre,99.9729085968,0.000304730525982,1.03656766312,4.31996705228,1,0,0,-0,0,0.42,1.8
0.5,stable,43,pre,100.016529197,0.000436229051922,1.05234748623,4.45804050452,1,0,0,-0,0,0.42,1.8
0.5,stable,44,pre,100.045722826,0.000291845446514,1.03502145358,4.30643771884,1,0,0,-0,0,0.42,1.8
0.5,stable,45,pre,100.096007067,0.000502486336201,1.06029836034,4.52761065301,1,0,0,-0,0,0.42,1.8
0.5,stable,46,pre,100.090696959,-5.30515568177e-05,1.00636618682,4.05570413466,1,0,0,-0,0,0.42,1.8
0.5,stable,47,pre,100.127931023,0.000371934071627,1.0446320886,4.39053077521,1,0,0,-0,0,0.42,1.8
0.5,stable,48,pre,100.092365295,-0.00035526596607,1.04263191593,4.37302926437,1,0,0,-0,0,0.42,1.8
0.5,stable,49,pre,100.039358052,-0.000529723562998,1.06356682756,4.55620974115,1,0,0,-0,0,0.42,1.8
0.5,stable,50,pre,99.9844743554,-0.000548771583878,1.06585259007,4.57621016307,1,0,0,-0,0,0.42,1.8
0.5,stable,51,pre,100.046108725,0.000616249479165,1.0739499375,4.64706195312,1,0,0,-0,0,0.42,1.8
0.5,stable,52,pre,100.026963533,-0.000191381998,1.02296583976,4.2009510979,1,0,0,-0,0,0.42,1.8
0.5,stable,53,pre,100.079070178,0.000520790363494,1.06249484362,4.54682988167,1,0,0,-0,0,0.42,1.8
0.5,stable,54,pre,100.059442192,-0.000196144025351,1.02353728304,4.20595122662,1,0,0,-0,0,0.42,1.8
0.5,stable,55,pre,100.087758829,0.000282958116242,1.03395497395,4.29710602205,1,0,0,-0,0,0.42,1.8
0.5,stable,56,pre,100.087749877,-8.94415484276e-08,1.00001073299,4.00009391363,1,0,0,-0,0,0.42,1.8
0.5,stable,57,pre,100.040805384,-0.000469143385014,1.0562972062,4.49260055426,1,0,0,-0,0,0.42,1.8
0.5,stable,58,pre,100.09875034,0.00057904552569,1.06948546308,4.60799780197,1,0,0,-0,0,0.42,1.8
0.5,stable,59,pre,100.109967449,0.000112054151922,1.01344649823,4.11765685952,1,0,0,-0,0,0.42,1.8
0.5,stable,60,pre,100.118730749,8.75329107165e-05,1.01050394929,4.09190955625,1,0,0,-0,0,0.42,1.8
0.5,stable,61,pre,100.058872969,-0.000598046743224,1.07176560919,4.62794908039,1,0,0,-0,0,0.42,1.8
0.5,stable,62,pre,100.054832571,-4.03810216878e-05,1.0048457226,4.04240007277,1,0,0,-0,0,0.42,1.8
0.5,stable,63,pre,100.042621522,-0.000122051013148,1.01464612158,4.1281535638,1,0,0,-0,0,0.42,1.8
0.5,stable,64,pre,99.9645258356,-0.000780928999184,1.0937114799,4.81997544914,1,0,0,-0,0,0.42,1.8
0.5,stable,65,pre,99.9288223962,-0.000357224890644,1.04286698688,4.37508613518,1,0,0,-0,0,0.42,1.8
0.5,stable,66,pre,99.9249878806,-3.83732051084e-05,1.00460478461,4.04029186536,1,0,0,-0,0,0.42,1.8
0.5,stable,67,pre,99.8779574545,-0.000470768104799,1.05649217258,4.49430651004,1,0,0,-0,0,0.42,1.8
0.5,stable,68,pre,99.8129898575,-0.000650681468011,1.07808177616,4.68321554141,1,0,0,-0,0,0.42,1.8
0.5,stable,69,pre,99.7561119731,-0.000570006933719,1.06840083205,4.59850728041,1,0,0,-0,0,0.42,1.8
0.5,stable,70,pre,99.7955286422,0.000395052323358,1.0474062788,4.41480493953,1,0,0,-0,0,0.42,1.8
0.5,stable,71,pre,99.7819474287,-0.000136099662022,1.01633195944,4.14290464512,1,0,0,-0,0,0.42,1.8
0.5,stable,72,pre,99.787706062,5.77105108843e-05,1.00692526131,4.06059603643,1,0,0,-0,0,0.42,1.8
0.5,stable,73,pre,99.8336936457,0.00046074804103,1.05528976492,4.48378544308,1,0,0,-0,0,0.42,1.8
0.5,stable,74,pre,99.807038921,-0.000267026918377,1.03204323021,4.2803782643,1,0,0,-0,0,0.42,1.8
0.5,stable,75,pre,99.7743097081,-0.000327978675816,1.0393574411,4.34437760961,1,0,0,-0,0,0.42,1.8
0.5,stable,76,pre,99.81319508,0.000389657383289,1.04675888599,4.40914025245,1,0,0,-0,0,0.42,1.8
0.5,stable,77,pre,99.7822536266,-0.000310041675161,1.03720500102,4.32554375892,1,0,0,-0,0,0.42,1.8
0.5,stable,78,pre,99.7545461518,-0.00027771794537,1.03332615344,4.29160384264,1,0,0,-0,0,0.42,1.8
0.5,stable,79,pre,99.7698281209,0.000153183982513,1.0183820779,4.16084318164,1,0,0,-0,0,0.42,1.8
0.5,stable,80,pre,99.7706534119,8.27191598029e-06,1.00099262992,4.00868551178,1,0,0,-0,0,0.42,1.8
0.5,stable,81,pre,99.7766734458,6.03369033796e-05,1.00724042841,4.06335374855,1,0,0,-0,0,0.42,1.8
0.5,stable,82,pre,99.7772888713,6.1680104312e-06,1.00074016125,4.00647641095,1,0,0,-0,0,0.42,1.8
0.5,stable,83,pre,99.8021057826,0.00024869212054,1.02984305446,4.26112672657,1,0,0,-0,0,0.42,1.8
0.5,stable,84,pre,99.8480608259,0.000460355680686,1.05524268168,4.48337346472,1,0,0,-0,0,0.42,1.8
0.5,stable,85,pre,99.8497683452,1.71010297344e-05,1.00205212357,4.01795608122,1,0,0,-0,0,0.42,1.8
0.5,stable,86,pre,99.8207376619,-0.000290785895645,1.03489430748,4.30532519043,1,0,0,-0,0,0.42,1.8
0.5,stable,87,pre,99.805252913,-0.000155137604698,1.01861651256,4.16289448493,1,0,0,-0,0,0.42,1.8
0.5,stable,88,pre,99.8217891876,0.000165671689248,1.01988060271,4.17395527371,1,0,0,-0,0,0.42,1.8
0.5,stable,89,pre,99.8797078285,0.000580052161783,1.06960625941,4.60905476987,1,0,0,-0,0,0.42,1.8
0.5,stable,90,pre,99.9214943745,0.000418281232792,1.05019374793,4.43919529443,1,0,0,-0,0,0.42,1.8
0.5,stable,91,pre,99.9218253903,3.31275390172e-06,1.00039753047,4.0034783916,1,0,0,-0,0,0.42,1.8
0.5,stable,92,pre,99.912754886,-9.0780127395e-05,1.01089361529,4.09531913376,1,0,0,-0,0,0.42,1.8
0.5,stable,93,pre,99.9284037145,0.000156612668125,1.01879352017,4.16444330153,1,0,0,-0,0,0.42,1.8
0.5,stable,94,pre,100.001870932,0.000734928422065,1.08819141065,4.77167484317,1,0,0,-0,0,0.42,1.8
0.5,stable,95,pre,99.9586399231,-0.000432395468246,1.05188745619,4.45401524166,1,0,0,-0,0,0.42,1.8
0.5,stable,96,pre,99.9857144805,0.000270820924741,1.03249851097,4.28436197098,1,0,0,-0,0,0.42,1.8
0.5,stable,97,pre,99.9582251859,-0.000274970021648,1.0329964026,4.28871852273,1,0,0,-0,0,0.42,1.8
0.5,stable,98,pre,99.9279705609,-0.000302718505513,1.03632622066,4.31785443079,1,0,0,-0,0,0.42,1.8
0.5,stable,99,pre,99.9445642318,0.000166042532121,1.01992510385,4.17434465873,1,0,0,-0,0,0.42,1.8
0.5,stable,100,pre,100.002157245,0.000576083611986,1.06913003344,4.60488779259,1,0,0,-0,0,0.42,1.8
0.5,stable,101,pre,99.9745874409,-0.000275730102829,1.03308761234,4.28951660797,1,0,0,-0,0,0.42,1.8
0.5,stable,102,pre,99.9767810447,2.19413728216e-05,1.00263296474,4.02303844146,1,0,0,-0,0,0.42,1.8
0.5,stable,103,pre,99.968038189,-8.74526857214e-05,1.01049432229,4.09182532001,1,0,0,-0,0,0.42,1.8
0.5,stable,104,pre,99.9815114532,0.000134766637466,1.0161719965,4.14150496934,1,0,0,-0,0,0.42,1.8
0.5,stable,105,pre,99.977407487,-4.10480932131e-05,1.00492577119,4.04310049787,1,0,0,-0,0,0.42,1.8
0.5,stable,106,pre,100.021322803,0.000439155951548,1.05269871419,4.46111374913,1,0,0,-0,0,0.42,1.8
0.5,stable,107,pre,100.002773561,-0.000185470068403,1.02225640821,4.19474357182,1,0,0,-0,0,0.42,1.8
0.5,stable,108,pre,99.9748096715,-0.000279670246073,1.03356042953,4.29365375838,1,0,0,-0,0,0.42,1.8
0.5,stable,109,pre,99.9945880088,0.000197813640819,1.0237376369,4.20770432286,1,0,0,-0,0,0.42,1.8
0.5,stable,110,pre,100.025684561,0.000310934007404,1.03731208089,4.32648070777,1,0,0,-0,0,0.42,1.8
0.5,stable,111,pre,100.021623221,-4.06037979464e-05,1.00487245575,4.04263398784,1,0,0,-0,0,0.42,1.8
0.5,stable,112,pre,99.9606747918,-0.000609538258721,1.07314459105,4.64001517166,1,0,0,-0,0,0.42,1.8
0.5,stable,113,pre,99.9457741157,-0.000149076492063,1.01788917905,4.15653031667,1,0,0,-0,0,0.42,1.8
0.5,stable,114,pre,99.9851945328,0.000394340284685,1.04732083416,4.41405729892,1,0,0,-0,0,0.42,1.8
0.5,stable,115,pre,99.993499381,8.3057330663e-05,1.00996687968,4.0872101972,1,0,0,-0,0,0.42,1.8
0.5,stable,116,pre,99.9677976498,-0.000257067059749,1.03084804717,4.26992041274,1,0,0,-0,0,0.42,1.8
0.5,stable,117,pre,99.934614274,-0.000331995755415,1.03983949065,4.34859554319,1,0,0,-0,0,0.42,1.8
0.5,stable,118,pre,99.9744136259,0.000398174638134,1.04778095658,4.41808337004,1,0,0,-0,0,0.42,1.8
0.5,stable,119,pre,99.964076183,-0.000103406231396,1.01240874777,4.10857654297,1,0,0,-0,0,0.42,1.8
0.5,stable,120,pre,99.9546681322,-9.41187469228e-05,1.01129424963,4.09882468427,1,0,0,-0,0,0.42,1.8
0.5,stable,121,pre,100.011369921,0.000567114207245,1.06805370487,4.59546991761,1,0,0,-0,0,0.42,1.8
0.5,stable,122,pre,99.9671938703,-0.000441807869802,1.05301694438,4.46389826329,1,0,0,-0,0,0.42,1.8
0.5,stable,123,pre,99.959095552,-8.10130411048e-05,1.00972156493,4.08506369316,1,0,0,-0,0,0.42,1.8
0.5,stable,124,pre,99.9439544877,-0.000151484074997,1.018178089,4.15905827875,1,0,0,-0,0,0.42,1.8
0.5,stable,125,pre,99.9699671636,0.000260238765415,1.03122865185,4.27325070369,1,0,0,-0,0,0.42,1.8
0.5,stable,126,pre,99.9851227566,0.000151589969721,1.01819079637,4.15916946821,1,0,0,-0,0,0.42,1.8
0.5,stable,127,pre,99.9121967196,-0.00072963499854,1.08755619982,4.76611674847,1,0,0,-0,0,0.42,1.8
0.5,stable,128,pre,99.9176804258,5.48837470108e-05,1.00658604964,4.05762793436,1,0,0,-0,0,0.42,1.8
0.5,stable,129,pre,99.9498814685,0.000322223802491,1.0386668563,4.33833499262,1,0,0,-0,0,0.42,1.8
0.5,stable,130,pre,99.9475212019,-2.36147792504e-05,1.00283377351,4.02479551821,1,0,0,-0,0,0.42,1.8
0.5,stable,131,pre,99.9441607072,-3.36231573614e-05,1.00403477888,4.03530431523,1,0,0,-0,0,0.42,1.8
0.5,stable,132,pre,99.9754577186,0.00031309595228,1.03757151427,4.32875074989,1,0,0,-0,0,0.42,1.8
0.5,stable,133,pre,100.009854257,0.000343990646754,1.04127887761,4.36119017909,1,0,0,-0,0,0.42,1.8
0.5,stable,134,pre,99.9679371899,-0.000419217224495,1.05030606694,4.44017808572,1,0,0,-0,0,0.42,1.8
0.5,stable,135,pre,100.005307762,0.000373755723927,1.04485068687,4.39244351012,1,0,0,-0,0,0.42,1.8
0.5,stable,136,pre,99.9859918074,-0.000193167949281,1.02318015391,4.20282634675,1,0,0,-0,0,0.42,1.8
0.5,stable,137,pre,99.9704016318,-0.000155935755343,1.01871229064,4.16373254311,1,0,0,-0,0,0.42,1.8
0.5,stable,138,pre,99.9061867073,-0.000642545755378,1.07710549065,4.67467304315,1,0,0,-0,0,0.42,1.8
0.5,stable,139,pre,99.8787905697,-0.000274256234391,1.03291074813,4.28796904611,1,0,0,-0,0,0.42,1.8
0.5,stable,140,pre,99.8747434296,-4.05213372097e-05,1.00486256047,4.04254740407,1,0,0,-0,0,0.42,1.8
0.5,stable,141,pre,99.8696365407,-5.11342429293e-05,1.00613610915,4.05369095508,1,0,0,-0,0,0.42,1.8
0.5,stable,142,pre,99.9142426885,0.000446544021941,1.05358528263,4.46887122304,1,0,0,-0,0,0.42,1.8
0.5,stable,143,pre,99.9379421932,0.000237170335292,1.02846044023,4.24902885206,1,0,0,-0,0,0.42,1.8
0.5,stable,144,pre,99.9706323698,0.000327051272881,1.03924615275,4.34340383652,1,0,0,-0,0,0.42,1.8
0.5,stable,145,pre,99.9863452754,0.000157162863479,1.01885954362,4.16502100665,1,0,0,-0,0,0.42,1.8
0.5,stable,146,pre,100.051940652,0.000655828247884,1.07869938975,4.68861966028,1,0,0,-0,0,0.42,1.8
0.5,stable,147,pre,100.028793291,-0.000231380216426,1.02776562597,4.24294922725,1,0,0,-0,0,0.42,1.8
0.5,stable,148,pre,100.05838787,0.000295816844113,1.03549802129,4.31060768632,1,0,0,-0,0,0.42,1.8
0.5,stable,149,pre,100.058913447,5.25269102799e-06,1.00063032292,4.00551532558,1,0,0,-0,0,0.42,1.8
0.5,stable,150,pre,100.105229115,0.00046277688782,1.05553322654,4.48591573221,1,0,0,-0,0,0.42,1.8
0.5,stable,151,pre,100.102220634,-3.00536434383e-05,1.00360643721,4.03155632561,1,0,0,-0,0,0.42,1.8
0.5,stable,152,pre,100.085294469,-0.000169103106256,1.02029237275,4.17755826157,1,0,0,-0,0,0.42,1.8
0.5,stable,153,pre,100.062859137,-0.000224187243753,1.02690246925,4.23539660594,1,0,0,-0,0,0.42,1.8
0.5,stable,154,pre,100.059782961,-3.07429120638e-05,1.00368914945,4.03228005767,1,0,0,-0,0,0.42,1.8
0.5,stable,155,pre,100.033256978,-0.000265136489984,1.0318163788,4.27839331448,1,0,0,-0,0,0.42,1.8
0.5,stable,156,pre,100.035978707,2.72078763951e-05,1.00326494517,4.02856827021,1,0,0,-0,0,0.42,1.8
0.5,stable,157,pre,100.021944248,-0.000140303955865,1.0168364747,4.14731915366,1,0,0,-0,0,0.42,1.8
0.5,stable,158,pre,99.9926005957,-0.000293415189879,1.03520982279,4.30808594937,1,0,0,-0,0,0.42,1.8
0.5,stable,159,pre,99.9278797508,-0.000647465903622,1.07769590843,4.6798391988,1,0,0,-0,0,0.42,1.8
0.5,stable,160,pre,99.9209974453,-6.88750975063e-05,1.0082650117,4.07231885238,1,0,0,-0,0,0.42,1.8
0.5,stable,161,pre,99.9220533577,1.05674169793e-05,1.00126809004,4.01109578783,1,0,0,-0,0,0.42,1.8
0.5,stable,162,pre,99.9827895606,0.000607651158355,1.072918139,4.63803371627,1,0,0,-0,0,0.42,1.8
0.5,stable,163,pre,99.9889635905,6.17490205876e-05,1.00740988247,4.06483647162,1,0,0,-0,0,0.42,1.8
0.5,stable,164,pre,100.008295097,0.000193317712001,1.02319812544,4.2029835976,1,0,0,-0,0,0.42,1.8
0.5,stable,165,pre,100.063477412,0.000551625209684,1.06619502516,4.57920647017,1,0,0,-0,0,0.42,1.8
0.5,stable,166,pre,100.068364196,4.88356499548e-05,1.00586027799,4.05127743245,1,0,0,-0,0,0.42,1.8
0.5,stable,167,pre,100.04246284,-0.000258870114906,1.03106441379,4.27181362065,1,0,0,-0,0,0.42,1.8
0.5,stable,168,pre,99.9934379491,-0.000490160933039,1.05881931196,4.51466897969,1,0,0,-0,0,0.42,1.8
0.5,stable,169,pre,99.9729706816,-0.000204707058387,1.02456484701,4.21494241131,1,0,0,-0,0,0.42,1.8
0.5,stable,170,pre,100.02294297,0.000499733101883,1.05996797223,4.52471975698,1,0,0,-0,0,0.42,1.8
0.5,stable,171,pre,100.022770623,-1.72307060018e-06,1.00020676847,4.00180922413,1,0,0,-0,0,0.42,1.8
0.5,stable,172,pre,100.031367148,8.59419853011e-05,1.01031303824,4.09023908457,1,0,0,-0,0,0.42,1.8
0.5,stable,173,pre,100.019366547,-0.000119975573335,1.0143970688,4.125974352,1,0,0,-0,0,0.42,1.8
0.5,stable,174,pre,100.031620941,0.000122512699092,1.01470152389,4.12863833405,1,0,0,-0,0,0.42,1.8
0.5,stable,175,pre,100.01921055,-0.000124072367532,1.0148886841,4.13027598591,1,0,0,-0,0,0.42,1.8
0.5,stable,176,pre,100.014114164,-5.0955375419e-05,1.00611464505,4.05350314419,1,0,0,-0,0,0.42,1.8
0.5,stable,177,pre,99.9858816947,-0.000282324699705,1.03387896396,4.29644093469,1,0,0,-0,0,0.42,1.8
0.5,stable,178,pre,100.014460948,0.000285792047613,1.03429504571,4.30008164999,1,0,0,-0,0,0.42,1.8
0.5,stable,179,pre,99.991678306,-0.000227819429654,1.02733833156,4.23921040114,1,0,0,-0,0,0.42,1.8
0.5,stable,180,pre,99.9816608079,-0.000100188336388,1.01202260037,4.10519775321,1,0,0,-0,0,0.42,1.8
0.5,stable,181,pre,99.9333060092,-0.000483753672685,1.05805044072,4.50794135632,1,0,0,-0,0,0.42,1.8
0.5,stable,182,pre,99.9659392976,0.000326497368248,1.03917968419,4.34282223666,1,0,0,-0,0,0.42,1.8
0.5,stable,183,pre,99.9536996759,-0.000122445416508,1.01469344998,4.12856768733,1,0,0,-0,0,0.42,1.8
0.5,stable,184,pre,99.996474622,0.000427856058675,1.05134272704,4.44924886161,1,0,0,-0,0,0.42,1.8
0.5,stable,185,pre,99.9394555415,-0.000570373539608,1.06844482475,4.59889221659,1,0,0,-0,0,0.42,1.8
0.5,stable,186,pre,99.9767517248,0.00037311816096,1.04477417932,4.39177406901,1,0,0,-0,0,0.42,1.8
0.5,stable,187,pre,99.9160409944,-0.000607432929342,1.07289195152,4.63780457581,1,0,0,-0,0,0.42,1.8
0.5,stable,188,pre,99.9375944983,0.000215692888803,1.02588314666,4.22647753324,1,0,0,-0,0,0.42,1.8
0.5,stable,189,pre,99.9200072996,-0.000175997296201,1.02111967554,4.18479716101,1,0,0,-0,0,0.42,1.8
0.5,stable,190,pre,99.8976060835,-0.000224216632468,1.0269059959,4.23542746409,1,0,0,-0,0,0.42,1.8
0.5,stable,191,pre,99.8507342368,-0.000469309006104,1.05631708073,4.49277445641,1,0,0,-0,0,0.42,1.8
0.5,stable,192,pre,99.8049969862,-0.000458161167099,1.05497934005,4.48106922545,1,0,0,-0,0,0.42,1.8
0.5,stable,193,pre,99.8440674849,0.000391391758202,1.04696701098,4.41096134611,1,0,0,-0,0,0.42,1.8
0.5,stable,194,pre,99.8343310228,-9.75214354975e-05,1.01170257226,4.10239750727,1,0,0,-0,0,0.42,1.8
0.5,stable,195,pre,99.8473512264,0.000130409594161,1.0156491513,4.13693007387,1,0,0,-0,0,0.42,1.8
0.5,stable,196,pre,99.8331269562,-0.000142470314129,1.0170964377,4.14959382984,1,0,0,-0,0,0.42,1.8
0.5,stable,197,pre,99.8554068294,0.000223146245307,1.02677754944,4.23430355757,1,0,0,-0,0,0.42,1.8
0.5,stable,198,pre,99.8365489562,-0.00018886963291,1.02266435595,4.19831311456,1,0,0,-0,0,0.42,1.8
0.5,stable,199,pre,99.833060418,-3.49431063728e-05,1.00419317276,4.03669026169,1,0,0,-0,0,0.42,1.8
0.5,stable,200,pre,99.8110974736,-0.000220020909132,1.0264025091,4.23102195459,1,0,0,-0,0,0.42,1.8
0.5,stable,201,pre,99.8094275762,-1.67307179077e-05,1.00200768615,4.0175672538,1,0,0,-0,0,0.42,1.8
0.5,stable,202,pre,99.8252180535,0.000158193757285,1.01898325087,4.16610344515,1,0,0,-0,0,0.42,1.8
0.5,stable,203,pre,99.8124951226,-0.000127460194753,1.01529522337,4.13383320449,1,0,0,-0,0,0.42,1.8
0.5,stable,204,pre,99.8419438513,0.000294996986131,1.03539963834,4.30974683544,1,0,0,-0,0,0.42,1.8
0.5,stable,205,pre,99.8857074502,0.000438232756522,1.05258793078,4.46014439435,1,0,0,-0,0,0.42,1.8
0.5,stable,206,pre,99.9236344544,0.000379631945748,1.04555583349,4.39861354304,1,0,0,-0,0,0.42,1.8
0.5,stable,207,pre,99.9174315591,-6.20782841608e-05,1.0074493941,4.06518219837,1,0,0,-0,0,0.42,1.8
0.5,stable,208,pre,99.9692886022,0.000518864326144,1.06226371914,4.54480754245,1,0,0,-0,0,0.42,1.8
0.5,stable,209,pre,99.9773240259,8.03756927522e-05,1.00964508313,4.08439447739,1,0,0,-0,0,0.42,1.8
0.5,stable,210,pre,99.9621517106,-0.000151769081397,1.01821228977,4.15935753547,1,0,0,-0,0,0.42,1.8
0.5,stable,211,pre,99.9477003522,-0.000144578751589,1.01734945019,4.15180768917,1,0,0,-0,0,0.42,1.8
0.5,stable,212,pre,99.9342268239,-0.00013481487335,1.0161777848,4.14155561702,1,0,0,-0,0,0.42,1.8
0.5,stable,213,pre,99.9343546785,1.27938655885e-06,1.00015352639,4.00134335589,1,0,0,-0,0,0.42,1.8
0.5,stable,214,pre,99.8829092634,-0.000514924638475,1.06179095662,4.5406708704,1,0,0,-0,0,0.42,1.8
0.5,stable,215,pre,99.964753707,0.000819068353795,1.09828820246,4.86002177149,1,0,0,-0,0,0.42,1.8
0.5,stable,216,pre,99.9475511307,-0.000172101225974,1.02065214712,4.18070628727,1,0,0,-0,0,0.42,1.8
0.5,stable,217,pre,99.9294351309,-0.000181271492551,1.02175257911,4.19033506718,1,0,0,-0,0,0.42,1.8
0.5,stable,218,pre,99.9321555123,2.72226526111e-05,1.00326671831,4.02858378524,1,0,0,-0,0,0.42,1.8
0.5,stable,219,pre,99.9617579675,0.000296181659246,1.03554179911,4.31099074221,1,0,0,-0,0,0.42,1.8
0.5,stable,220,pre,100.002111711,0.000403610356808,1.04843324282,4.42379087465,1,0,0,-0,0,0.42,1.8
0.5,stable,221,pre,100.011693045,9.58067244626e-05,1.01149680694,4.10059706069,1,0,0,-0,0,0.42,1.8
0.5,stable,222,pre,100.047040427,0.000353370051246,1.04240440615,4.37103855381,1,0,0,-0,0,0.42,1.8
0.5,stable,223,pre,100.042894906,-4.1436580009e-05,1.0049723896,4.04350840901,1,0,0,-0,0,0.42,1.8
0.5,stable,224,pre,100.027794644,-0.000150949268805,1.01811391226,4.15849673225,1,0,0,-0,0,0.42,1.8
0.5,stable,225,pre,100.042493689,0.000146938808514,1.01763265702,4.15428574894,1,0,0,-0,0,0.42,1.8
0.5,stable,226,pre,100.037359087,-5.13255285727e-05,1.00615906343,4.053891805,1,0,0,-0,0,0.42,1.8
0.5,stable,227,pre,100.013640255,-0.000237127849452,1.02845534193,4.24898424192,1,0,0,-0,0,0.42,1.8
0.5,stable,228,pre,99.9864101792,-0.000272300691065,1.03267608293,4.28591572562,1,0,0,-0,0,0.42,1.8
0.5,stable,229,pre,100.007570338,0.000211607959423,1.02539295513,4.22218835739,1,0,0,-0,0,0.42,1.8
0.5,stable,230,pre,100.060254029,0.00052665831927,1.06319899831,4.55299123523,1,0,0,-0,0,0.42,1.8
0.5,stable,231,pre,100.136235477,0.000759068774669,1.09108825296,4.7970222134,1,0,0,-0,0,0.42,1.8
0.5,stable,232,pre,100.112237552,-0.00023968148377,1.02876177805,4.25166555796,1,0,0,-0,0,0.42,1.8
0.5,stable,233,pre,100.117628916,5.38517497326e-05,1.00646220997,4.05654433722,1,0,0,-0,0,0.42,1.8
0.5,stable,234,pre,100.132516234,0.000148687208193,1.01784246498,4.1561215686,1,0,0,-0,0,0.42,1.8
0.5,stable,235,pre,100.054004996,-0.000784380898386,1.09412570781,4.82359994331,1,0,0,-0,0,0.42,1.8
0.5,stable,236,pre,100.019663374,-0.000343289780337,1.04119477364,4.36045426935,1,0,0,-0,0,0.42,1.8
0.5,stable,237,pre,100.002152814,-0.0001750865018,1.02101038022,4.18384082689,1,0,0,-0,0,0.42,1.8
0.5,stable,238,pre,99.997818515,-4.33429916758e-05,1.005201159,4.04551014126,1,0,0,-0,0,0.42,1.8
0.5,stable,239,pre,100.005109654,7.29103235241e-05,1.00874923882,4.0765558397,1,0,0,-0,0,0.42,1.8
0.5,stable,240,post,99.8322789993,-0.00172971333446,1.31556560013,7.01619900118,1,-0.210526315789,0,-0,-0.12,0.42,1.8
0.5,stable,241,post,99.6644074261,-0.00168295138964,1.30995416676,6.96709895912,1,-0.210526315789,0,-0,-0.12,0.42,1.8
0.5,stable,242,post,99.4973848627,-0.00167725546742,1.30927065609,6.96111824079,1,-0.210526315789,0,-0,-0.12,0.42,1.8
0.5,stable,243,post,99.2746044342,-0.0022415685688,1.37698822826,7.55364699724,1,-0.210526315789,0,-0,-0.12,0.42,1.8
0.5,stable,244,post,99.1533580609,-0.00122206958054,1.25464834966,6.48317305956,1,-0.210526315789,0,-0,-0.12,0.42,1.8
0.5,stable,245,post,99.1969836359,0.000439884048671,1.05278608584,4.4618782511,1,0,0,-0,0,0.42,1.8
0.5,stable,246,post,99.2977270345,0.00101507397275,1.12180887673,5.06582767139,1,0,0,-0,0,0.42,1.8
0.5,stable,247,post,99.3284993072,0.000309851055831,1.0371821267,4.32534360862,1,0,0,-0,0,0.42,1.8
0.5,stable,248,post,99.3941644277,0.000660872007496,1.0793046409,4.69391560787,1,0,0,-0,0,0.42,1.8
0.5,stable,249,post,99.4025201728,8.40632239336e-05,1.01008758687,4.08826638513,1,0,0,-0,0,0.42,1.8
0.5,stable,250,post,99.4270151173,0.000246391409116,1.02956696909,4.25871097957,1,0,0,-0,0,0.42,1.8
0.5,stable,251,post,99.4898486326,0.00063175656606,1.07581078793,4.66334439436,1,0,0,-0,0,0.42,1.8
0.5,stable,252,post,99.5346011492,0.000449718789957,1.05396625479,4.47220472945,1,0,0,-0,0,0.42,1.8
0.5,stable,253,post,99.5299940596,-4.62873836288e-05,1.00555448604,4.04860175281,1,0,0,-0,0,0.42,1.8
0.5,stable,254,post,99.5638498544,0.000340098864576,1.04081186375,4.35710380781,1,0,0,-0,0,0.42,1.8
0.5,stable,255,post,99.5924639028,0.000287352663664,1.03448231964,4.30172029685,1,0,0,-0,0,0.42,1.8
0.5,stable,256,post,99.6095392632,0.000171437637324,1.02057251648,4.18000951919,1,0,0,-0,0,0.42,1.8
0.5,stable,257,post,99.6793626251,0.000700725068849,1.08408700826,4.73576132229,1,0,0,-0,0,0.42,1.8
0.5,stable,258,post,99.7364009477,0.000572054317166,1.06864651806,4.60065703302,1,0,0,-0,0,0.42,1.8
0.5,stable,259,post,99.7740871814,0.000377786997543,1.04533443971,4.39667634742,1,0,0,-0,0,0.42,1.8
0.5,stable,260,post,99.8098088614,0.000357961549653,1.04295538596,4.37585962714,1,0,0,-0,0,0.42,1.8
0.5,stable,261,post,99.7474185097,-0.000625287838775,1.07503454065,4.65655223071,1,0,0,-0,0,0.42,1.8
0.5,stable,262,post,99.7947997152,0.000474899064468,1.05698788774,4.49864401769,1,0,0,-0,0,0.42,1.8
0.5,stable,263,post,99.8494497036,0.00054747371822,1.06569684619,4.57484740413,1,0,0,-0,0,0.42,1.8
0.5,stable,264,post,99.8982466816,0.000488586149714,1.05863033797,4.5130154572,1,0,0,-0,0,0.42,1.8
0.5,stable,265,post,99.9431889624,0.00044977941094,1.05397352931,4.47226838149,1,0,0,-0,0,0.42,1.8
0.5,stable,266,post,99.9455208652,2.33320109319e-05,1.00279984131,4.02449861148,1,0,0,-0,0,0.42,1.8
0.5,stable,267,post,99.9512882269,5.77033893583e-05,1.00692440672,4.06058855883,1,0,0,-0,0,0.42,1.8
0.5,stable,268,post,99.9148731443,-0.000364394680758,1.04372736169,4.3826144148,1,0,0,-0,0,0.42,1.8
0.5,stable,269,post,99.9209067119,6.03852581688e-05,1.00724623098,4.06340452108,1,0,0,-0,0,0.42,1.8
0.5,stable,270,post,99.9328981166,0.000120001765766,1.01440021189,4.12600185405,1,0,0,-0,0,0.42,1.8
0.5,stable,271,post,99.9788490966,0.000459712662653,1.05516551952,4.48269829579,1,0,0,-0,0,0.42,1.8
0.5,stable,272,post,99.9325986824,-0.000462709019504,1.05552508234,4.48584447048,1,0,0,-0,0,0.42,1.8
0.5,stable,273,post,99.9451688707,0.000125778753962,1.01509345048,4.13206769166,1,0,0,-0,0,0.42,1.8
0.5,stable,274,post,99.9606877047,0.000155261425047,1.01863137101,4.1630244963,1,0,0,-0,0,0.42,1.8
0.5,stable,275,post,100.015278396,0.000545972540122,1.06551670481,4.57327116713,1,0,0,-0,0,0.42,1.8
0.5,stable,276,post,100.000798912,-0.000144783208709,1.01737398505,4.15202236914,1,0,0,-0,0,0.42,1.8
0.5,stable,277,post,100.01309917,0.0001229940388,1.01475928466,4.12914374074,1,0,0,-0,0,0.42,1.8
0.5,stable,278,post,100.007084699,-6.01386400792e-05,1.00721663681,4.06314557208,1,0,0,-0,0,0.42,1.8
0.5,stable,279,post,100.042749649,0.000356560658247,1.04278727899,4.37438869116,1,0,0,-0,0,0.42,1.8
0.5,stable,280,post,100.104620534,0.000618253305889,1.07419039671,4.64916597118,1,0,0,-0,0,0.42,1.8
0.5,stable,281,post,100.084890567,-0.000197112899828,1.02365354798,4.20696854482,1,0,0,-0,0,0.42,1.8
0.5,stable,282,post,100.12676415,0.000418293169677,1.05019518036,4.43920782816,1,0,0,-0,0,0.42,1.8
0.5,stable,283,post,100.106373908,-0.000203665009102,1.02443980109,4.21384825956,1,0,0,-0,0,0.42,1.8
0.5,stable,284,post,100.109233431,2.85644391435e-05,1.0034277327,4.0299926611,1,0,0,-0,0,0.42,1.8
0.5,stable,285,post,100.112862386,3.62492967145e-05,1.00434991561,4.03806176155,1,0,0,-0,0,0.42,1.8
0.5,stable,286,post,100.064996421,-0.000478234370082,1.05738812441,4.50214608859,1,0,0,-0,0,0.42,1.8
0.5,stable,287,post,100.104133748,0.000391042593548,1.04692511123,4.41059472322,1,0,0,-0,0,0.42,1.8
0.5,stable,288,post,100.120989435,0.000168367352148,1.02020408226,4.17678571976,1,0,0,-0,0,0.42,1.8
0.5,stable,289,post,100.114631115,-6.35083863182e-05,1.00762100636,4.06668380563,1,0,0,-0,0,0.42,1.8
0.5,stable,290,post,100.116525432,1.89213047897e-05,1.00227055657,4.01986737003,1,0,0,-0,0,0.42,1.8
0.5,stable,291,post,100.160876928,0.000442900656068,1.05314807873,4.46504568887,1,0,0,-0,0,0.42,1.8
0.5,stable,292,post,100.135291127,-0.000255479683539,1.03065756202,4.26825366772,1,0,0,-0,0,0.42,1.8
0.5,stable,293,post,100.056334163,-0.000788813897247,1.09465766767,4.82825459211,1,0,0,-0,0,0.42,1.8
0.5,stable,294,post,100.033837955,-0.00022486070295,1.02698328435,4.2361037381,1,0,0,-0,0,0.42,1.8
0.5,stable,295,post,100.076945261,0.000430834418172,1.05170013018,4.45237613908,1,0,0,-0,0,0.42,1.8
0.5,stable,296,post,100.106877778,0.000299050317063,1.03588603805,4.31400283292,1,0,0,-0,0,0.42,1.8
0.5,stable,297,post,100.126922557,0.00020021374191,1.02402564903,4.21022442901,1,0,0,-0,0,0.42,1.8
0.5,stable,298,post,100.140810042,0.000138689187349,1.01664270248,4.14562364672,1,0,0,-0,0,0.42,1.8
0.5,stable,299,post,100.12005129,-0.000207317117721,1.02487805413,4.21768297361,1,0,0,-0,0,0.42,1.8
0.5,stable,300,post,100.14131532,0.000212362783651,1.02548353404,4.22298092283,1,0,0,-0,0,0.42,1.8
0.5,stable,301,post,100.083691884,-0.000575586821498,1.06907041858,4.60436616257,1,0,0,-0,0,0.42,1.8
0.5,stable,302,post,100.070887491,-0.000127945044626,1.01535340536,4.13434229686,1,0,0,-0,0,0.42,1.8
0.5,stable,303,post,100.061028025,-9.8529668842e-05,1.01182356026,4.10345615228,1,0,0,-0,0,0.42,1.8
0.5,stable,304,post,100.098822703,0.000377644947498,1.0453173937,4.39652719487,1,0,0,-0,0,0.42,1.8
0.5,stable,305,post,100.057473694,-0.000413167215464,1.04958006586,4.43382557624,1,0,0,-0,0,0.42,1.8
0.5,stable,306,post,100.036756491,-0.000207074468695,1.02484893624,4.21742819213,1,0,0,-0,0,0.42,1.8
0.5,stable,307,post,100.028164971,-8.58873132717e-05,1.01030647759,4.09018167894,1,0,0,-0,0,0.42,1.8
0.5,stable,308,post,100.055766133,0.000275895841105,1.03310750093,4.28969063316,1,0,0,-0,0,0.42,1.8
0.5,stable,309,post,100.059044622,3.2766075907e-05,1.00393192911,4.0344043797,1,0,0,-0,0,0.42,1.8
0.5,stable,310,post,100.085420246,0.000263565859021,1.03162790308,4.27674415197,1,0,0,-0,0,0.42,1.8
0.5,stable,311,post,100.087567198,2.14509707947e-05,1.0025741165,4.02252351933,1,0,0,-0,0,0.42,1.8
0.5,stable,312,post,100.059337471,-0.000282090069841,1.03385080838,4.29619457333,1,0,0,-0,0,0.42,1.8
0.5,stable,313,post,100.027001228,-0.000323222899068,1.03878674789,4.33938404402,1,0,0,-0,0,0.42,1.8
0.5,stable,314,post,100.033955096,6.95174872107e-05,1.00834209847,4.07299336157,1,0,0,-0,0,0.42,1.8
0.5,stable,315,post,100.08404909,0.000500644565078,1.06007734781,4.52567679333,1,0,0,-0,0,0.42,1.8
0.5,stable,316,post,100.06124015,-0.000227923825033,1.027350859,4.23932001628,1,0,0,-0,0,0.42,1.8
0.5,stable,317,post,100.061846355,6.05831629686e-06,1.00072699796,4.00636123211,1,0,0,-0,0,0.42,1.8
0.5,stable,318,post,100.07633049,0.000144741353824,1.01736896246,4.15197842152,1,0,0,-0,0,0.42,1.8
0.5,stable,319,post,100.0857499,9.41178286942e-05,1.01129413944,4.09882372013,1,0,0,-0,0,0.42,1.8
0.5,stable,320,post,100.05417585,-0.000315519756057,1.03786237073,4.33129574386,1,0,0,-0,0,0.42,1.8
0.5,stable,321,post,100.024851838,-0.000293124303289,1.03517491639,4.30778051845,1,0,0,-0,0,0.42,1.8
0.5,stable,322,post,99.9981129202,-0.000267358477365,1.03208301728,4.28072640123,1,0,0,-0,0,0.42,1.8
0.5,stable,323,post,99.9820078045,-0.000161067166939,1.01932806003,4.16912052529,1,0,0,-0,0,0.42,1.8
0.5,stable,324,post,100.011631627,0.000296247650633,1.03554971808,4.31106003316,1,0,0,-0,0,0.42,1.8
0.5,stable,325,post,99.9908483234,-0.000207830462068,1.02493965545,4.21822198517,1,0,0,-0,0,0.42,1.8
0.5,stable,326,post,100.010665075,0.000198166015549,1.02377992187,4.20807431633,1,0,0,-0,0,0.42,1.8
0.5,stable,327,post,99.9455848822,-0.000650944343578,1.07811332123,4.68349156076,1,0,0,-0,0,0.42,1.8
0.5,stable,328,post,99.9704073942,0.000248329429198,1.0297995315,4.26074590066,1,0,0,-0,0,0.42,1.8
0.5,stable,329,post,100.000462244,0.000300592284714,1.03607107417,4.31562189895,1,0,0,-0,0,0.42,1.8
0.5,stable,330,post,99.9872334938,-0.000132295643493,1.01587547722,4.13891042567,1,0,0,-0,0,0.42,1.8
0.5,stable,331,post,99.959643525,-0.000275972992752,1.03311675913,4.28977164239,1,0,0,-0,0,0.42,1.8
0.5,stable,332,post,100.012522536,0.000528863724989,1.063463647,4.55530691124,1,0,0,-0,0,0.42,1.8
0.5,stable,333,post,99.9690479297,-0.000434786134807,1.05217433618,4.45652544155,1,0,0,-0,0,0.42,1.8
0.5,stable,334,post,99.9279156534,-0.000411534784647,1.04938417416,4.43211152388,1,0,0,-0,0,0.42,1.8
0.5,stable,335,post,99.9877256335,0.000598352199918,1.07180226399,4.62826980991,1,0,0,-0,0,0.42,1.8
0.5,stable,336,post,99.9372519783,-0.000504925966222,1.06059111595,4.53017226453,1,0,0,-0,0,0.42,1.8
0.5,stable,337,post,99.8971295155,-0.000401557159552,1.04818685915,4.42163501753,1,0,0,-0,0,0.42,1.8
0.5,stable,338,post,99.9536495752,0.000565622625635,1.06787471508,4.59390375692,1,0,0,-0,0,0.42,1.8
0.5,stable,339,post,99.9524757162,-1.17441025483e-05,1.00140929231,4.01233130768,1,0,0,-0,0,0.42,1.8
0.5,stable,340,post,99.950953031,-1.52342075684e-05,1.00182810491,4.01599591795,1,0,0,-0,0,0.42,1.8
0.5,stable,341,post,99.92636746,-0.000246006611577,1.02952079339,4.25830694216,1,0,0,-0,0,0.42,1.8
0.5,stable,342,post,99.9204539809,-5.91801164546e-05,1.00710161397,4.06213912228,1,0,0,-0,0,0.42,1.8
0.5,stable,343,post,99.9253139977,4.86376757813e-05,1.00583652109,4.05106955957,1,0,0,-0,0,0.42,1.8
0.5,stable,344,post,99.9370828487,0.00011776953667,1.0141323444,4.1236580135,1,0,0,-0,0,0.42,1.8
0.5,stable,345,post,99.940819679,3.73911299302e-05,1.00448693559,4.03926068643,1,0,0,-0,0,0.42,1.8
0.5,stable,346,post,99.9875807496,0.00046777817855,1.05613338143,4.49116708748,1,0,0,-0,0,0.42,1.8
0.5,stable,347,post,99.9520395957,-0.000355518873222,1.04266226479,4.37329481688,1,0,0,-0,0,0.42,1.8
0.5,stable,348,post,99.9262548485,-0.000258004476677,1.0309605372,4.27090470051,1,0,0,-0,0,0.42,1.8
0.5,stable,349,post,99.9352950872,9.0465011214e-05,1.01085580135,4.09498826177,1,0,0,-0,0,0.42,1.8
0.5,stable,350,post,99.9046839648,-0.000306356343025,1.03676276116,4.32167416018,1,0,0,-0,0,0.42,1.8
0.5,stable,351,post,99.9430963798,0.000384416733627,1.04613000804,4.40363757031,1,0,0,-0,0,0.42,1.8
0.5,stable,352,post,99.9792721526,0.000361898205691,1.04342778468,4.37999311598,1,0,0,-0,0,0.42,1.8
0.5,stable,353,post,99.9853043456,6.03326150229e-05,1.0072399138,4.06334924577,1,0,0,-0,0,0.42,1.8
0.5,stable,354,post,99.9747710428,-0.000105354058838,1.01264248706,4.11062176178,1,0,0,-0,0,0.42,1.8
0.5,stable,355,post,99.991898744,0.000171305560823,1.0205566673,4.17987083886,1,0,0,-0,0,0.42,1.8
0.5,stable,356,post,99.9882056243,-3.69348714032e-05,1.00443218457,4.03878161497,1,0,0,-0,0,0.42,1.8
0.5,stable,357,post,100.039628373,0.000514155946929,1.06169871363,4.53986374428,1,0,0,-0,0,0.42,1.8
0.5,stable,358,post,100.019535127,-0.000200873043209,1.02410476519,4.21091669537,1,0,0,-0,0,0.42,1.8
0.5,stable,359,post,100.047336495,0.000277920759736,1.03335049117,4.29181679772,1,0,0,-0,0,0.42,1.8
0.5,stable,360,post,100.078620521,0.00031264336586,1.0375172039,4.32827553415,1,0,0,-0,0,0.42,1.8
0.5,fragile,0,pre,100,0,1,4,1,0,0,0,0,0.9,5.8
0.5,fragile,1,pre,99.9796884672,-0.000203135959128,1.0243763151,4.21329275708,1,0,0,-0,0,0.9,5.8
0.5,fragile,2,pre,99.9367091176,-0.000429973236108,1.05159678833,4.45147189791,1,0,0,-0,0,0.9,5.8
0.5,fragile,3,pre,99.9836965365,0.000470061269141,1.0564073523,4.4935643326,1,0,0,-0,0,0.9,5.8
0.5,fragile,4,pre,99.9856719246,1.97569061406e-05,1.00237082874,4.02074475145,1,0,0,-0,0,0.9,5.8
0.5,fragile,5,pre,100.002234216,0.000165632933468,1.01987595202,4.17391458014,1,0,0,-0,0,0.9,5.8
0.5,fragile,6,pre,100.036102716,0.000338620091482,1.04063441098,4.35555109606,1,0,0,-0,0,0.9,5.8
0.5,fragile,7,pre,100.060668225,0.000245536286088,1.02946435433,4.25781310039,1,0,0,-0,0,0.9,5.8
0.5,fragile,8,pre,100.033125238,-0.000275300763629,1.03303609164,4.28906580181,1,0,0,-0,0,0.9,5.8
0.5,fragile,9,pre,100.02773838,-5.38521943477e-05,1.00646226332,4.05654480407,1,0,0,-0,0,0.9,5.8
0.5,fragile,10,pre,100.003129815,-0.00024604767439,1.02952572093,4.25835005811,1,0,0,-0,0,0.9,5.8
0.5,fragile,11,pre,99.9944741482,-8.65577033217e-05,1.0103869244,4.09088558849,1,0,0,-0,0,0.9,5.8
0.5,fragile,12,pre,100.036424369,0.000419437414838,1.05033248978,4.44040928558,1,0,0,-0,0,0.9,5.8
0.5,fragile,13,pre,100.035773126,-6.51008260179e-06,1.00078120991,4.00683558673,1,0,0,-0,0,0.9,5.8
0.5,fragile,14,pre,99.9799031352,-0.000558656132994,1.06703873596,4.58658893964,1,0,0,-0,0,0.9,5.8
0.5,fragile,15,pre,99.9780786932,-1.82482535905e-05,1.00218979043,4.01916066627,1,0,0,-0,0,0.9,5.8
0.5,fragile,16,pre,99.9506186515,-0.000274698351936,1.03296380223,4.28843326953,1,0,0,-0,0,0.9,5.8
0.5,fragile,17,pre,100.007381526,0.000567747989966,1.0681297588,4.59613538946,1,0,0,-0,0,0.9,5.8
0.5,fragile,18,pre,100.048710566,0.000413174527701,1.04958094332,4.43383325409,1,0,0,-0,0,0.9,5.8
0.5,fragile,19,pre,100.025557682,-0.000231442899248,1.02777314791,4.24301504421,1,0,0,-0,0,0.9,5.8
0.5,fragile,20,pre,99.994148481,-0.000314061069944,1.03768732839,4.32976412344,1,0,0,-0,0,0.9,5.8
0.5,fragile,21,pre,100.042641176,0.000484837770954,1.05818053251,4.5090796595,1,0,0,-0,0,0.9,5.8
0.5,fragile,22,pre,100.014318333,-0.000283147787646,1.03397773452,4.29730517703,1,0,0,-0,0,0.9,5.8
0.5,fragile,23,pre,100.04590304,0.000315751996413,1.03789023957,4.33153959623,1,0,0,-0,0,0.9,5.8
0.5,fragile,24,pre,100.066787843,0.000208730425879,1.02504765111,4.21916694717,1,0,0,-0,0,0.9,5.8
0.5,fragile,25,pre,100.043217585,-0.000235573017939,1.02826876215,4.24735166884,1,0,0,-0,0,0.9,5.8
0.5,fragile,26,pre,100.059771196,0.00016545091753,1.0198541101,4.17372346341,1,0,0,-0,0,0.9,5.8
0.5,fragile,27,pre,100.078771919,0.000189875701577,1.02278508419,4.19936948666,1,0,0,-0,0,0.9,5.8
0.5,fragile,28,pre,100.060720103,-0.000180392349244,1.02164708191,4.18941196671,1,0,0,-0,0,0.9,5.8
0.5,fragile,29,pre,100.069169931,8.44434401138e-05,1.01013321281,4.08866561212,1,0,0,-0,0,0.9,5.8
0.5,fragile,30,pre,100.045171778,-0.000239844407858,1.02878132894,4.25183662825,1,0,0,-0,0,0.9,5.8
0.5,fragile,31,pre,100.016229389,-0.000289335065238,1.03472020783,4.3038018185,1,0,0,-0,0,0.9,5.8
0.5,fragile,32,pre,99.9824994905,-0.000337301132128,1.04047613586,4.35416618873,1,0,0,-0,0,0.9,5.8
0.5,fragile,33,pre,99.9734787212,-9.02275532135e-05,1.01082730639,4.09473893087,1,0,0,-0,0,0.9,5.8
0.5,fragile,34,pre,99.9461952992,-0.000272943844463,1.03275326134,4.28659103669,1,0,0,-0,0,0.9,5.8
0.5,fragile,35,pre,99.9656893478,0.000195026411276,1.02340316935,4.20477773184,1,0,0,-0,0,0.9,5.8
0.5,fragile,36,pre,99.9479574149,-0.000177395923249,1.02128751079,4.18626571941,1,0,0,-0,0,0.9,5.8
0.5,fragile,37,pre,99.9469218052,-1.03615432607e-05,1.00124338519,4.01087962042,1,0,0,-0,0,0.9,5.8
0.5,fragile,38,pre,99.9532108016,6.29213835348e-05,1.00755056602,4.06606745271,1,0,0,-0,0,0.9,5.8
0.5,fragile,39,pre,99.8971935571,-0.000560591770633,1.06727101248,4.58862135916,1,0,0,-0,0,0.9,5.8
0.5,fragile,40,pre,99.9390072179,0.000418479347304,1.05021752168,4.43940331467,1,0,0,-0,0,0.9,5.8
0.5,fragile,41,pre,99.942448441,3.44326404198e-05,1.00413191685,4.03615427244,1,0,0,-0,0,0.9,5.8
0.5,fragile,42,pre,99.9729085968,0.000304730525982,1.03656766312,4.31996705228,1,0,0,-0,0,0.9,5.8
0.5,fragile,43,pre,100.016529197,0.000436229051922,1.05234748623,4.45804050452,1,0,0,-0,0,0.9,5.8
0.5,fragile,44,pre,100.045722826,0.000291845446514,1.03502145358,4.30643771884,1,0,0,-0,0,0.9,5.8
0.5,fragile,45,pre,100.096007067,0.000502486336201,1.06029836034,4.52761065301,1,0,0,-0,0,0.9,5.8
0.5,fragile,46,pre,100.090696959,-5.30515568177e-05,1.00636618682,4.05570413466,1,0,0,-0,0,0.9,5.8
0.5,fragile,47,pre,100.127931023,0.000371934071627,1.0446320886,4.39053077521,1,0,0,-0,0,0.9,5.8
0.5,fragile,48,pre,100.092365295,-0.00035526596607,1.04263191593,4.37302926437,1,0,0,-0,0,0.9,5.8
0.5,fragile,49,pre,100.039358052,-0.000529723562998,1.06356682756,4.55620974115,1,0,0,-0,0,0.9,5.8
0.5,fragile,50,pre,99.9844743554,-0.000548771583878,1.06585259007,4.57621016307,1,0,0,-0,0,0.9,5.8
0.5,fragile,51,pre,100.046108725,0.000616249479165,1.0739499375,4.64706195312,1,0,0,-0,0,0.9,5.8
0.5,fragile,52,pre,100.026963533,-0.000191381998,1.02296583976,4.2009510979,1,0,0,-0,0,0.9,5.8
0.5,fragile,53,pre,100.079070178,0.000520790363494,1.06249484362,4.54682988167,1,0,0,-0,0,0.9,5.8
0.5,fragile,54,pre,100.059442192,-0.000196144025351,1.02353728304,4.20595122662,1,0,0,-0,0,0.9,5.8
0.5,fragile,55,pre,100.087758829,0.000282958116242,1.03395497395,4.29710602205,1,0,0,-0,0,0.9,5.8
0.5,fragile,56,pre,100.087749877,-8.94415484276e-08,1.00001073299,4.00009391363,1,0,0,-0,0,0.9,5.8
0.5,fragile,57,pre,100.040805384,-0.000469143385014,1.0562972062,4.49260055426,1,0,0,-0,0,0.9,5.8
0.5,fragile,58,pre,100.09875034,0.00057904552569,1.06948546308,4.60799780197,1,0,0,-0,0,0.9,5.8
0.5,fragile,59,pre,100.109967449,0.000112054151922,1.01344649823,4.11765685952,1,0,0,-0,0,0.9,5.8
0.5,fragile,60,pre,100.118730749,8.75329107165e-05,1.01050394929,4.09190955625,1,0,0,-0,0,0.9,5.8
0.5,fragile,61,pre,100.058872969,-0.000598046743224,1.07176560919,4.62794908039,1,0,0,-0,0,0.9,5.8
0.5,fragile,62,pre,100.054832571,-4.03810216878e-05,1.0048457226,4.04240007277,1,0,0,-0,0,0.9,5.8
0.5,fragile,63,pre,100.042621522,-0.000122051013148,1.01464612158,4.1281535638,1,0,0,-0,0,0.9,5.8
0.5,fragile,64,pre,99.9645258356,-0.000780928999184,1.0937114799,4.81997544914,1,0,0,-0,0,0.9,5.8
0.5,fragile,65,pre,99.9288223962,-0.000357224890644,1.04286698688,4.37508613518,1,0,0,-0,0,0.9,5.8
0.5,fragile,66,pre,99.9249878806,-3.83732051084e-05,1.00460478461,4.04029186536,1,0,0,-0,0,0.9,5.8
0.5,fragile,67,pre,99.8779574545,-0.000470768104799,1.05649217258,4.49430651004,1,0,0,-0,0,0.9,5.8
0.5,fragile,68,pre,99.8129898575,-0.000650681468011,1.07808177616,4.68321554141,1,0,0,-0,0,0.9,5.8
0.5,fragile,69,pre,99.7561119731,-0.000570006933719,1.06840083205,4.59850728041,1,0,0,-0,0,0.9,5.8
0.5,fragile,70,pre,99.7955286422,0.000395052323358,1.0474062788,4.41480493953,1,0,0,-0,0,0.9,5.8
0.5,fragile,71,pre,99.7819474287,-0.000136099662022,1.01633195944,4.14290464512,1,0,0,-0,0,0.9,5.8
0.5,fragile,72,pre,99.787706062,5.77105108843e-05,1.00692526131,4.06059603643,1,0,0,-0,0,0.9,5.8
0.5,fragile,73,pre,99.8336936457,0.00046074804103,1.05528976492,4.48378544308,1,0,0,-0,0,0.9,5.8
0.5,fragile,74,pre,99.807038921,-0.000267026918377,1.03204323021,4.2803782643,1,0,0,-0,0,0.9,5.8
0.5,fragile,75,pre,99.7743097081,-0.000327978675816,1.0393574411,4.34437760961,1,0,0,-0,0,0.9,5.8
0.5,fragile,76,pre,99.81319508,0.000389657383289,1.04675888599,4.40914025245,1,0,0,-0,0,0.9,5.8
0.5,fragile,77,pre,99.7822536266,-0.000310041675161,1.03720500102,4.32554375892,1,0,0,-0,0,0.9,5.8
0.5,fragile,78,pre,99.7545461518,-0.00027771794537,1.03332615344,4.29160384264,1,0,0,-0,0,0.9,5.8
0.5,fragile,79,pre,99.7698281209,0.000153183982513,1.0183820779,4.16084318164,1,0,0,-0,0,0.9,5.8
0.5,fragile,80,pre,99.7706534119,8.27191598029e-06,1.00099262992,4.00868551178,1,0,0,-0,0,0.9,5.8
0.5,fragile,81,pre,99.7766734458,6.03369033796e-05,1.00724042841,4.06335374855,1,0,0,-0,0,0.9,5.8
0.5,fragile,82,pre,99.7772888713,6.1680104312e-06,1.00074016125,4.00647641095,1,0,0,-0,0,0.9,5.8
0.5,fragile,83,pre,99.8021057826,0.00024869212054,1.02984305446,4.26112672657,1,0,0,-0,0,0.9,5.8
0.5,fragile,84,pre,99.8480608259,0.000460355680686,1.05524268168,4.48337346472,1,0,0,-0,0,0.9,5.8
0.5,fragile,85,pre,99.8497683452,1.71010297344e-05,1.00205212357,4.01795608122,1,0,0,-0,0,0.9,5.8
0.5,fragile,86,pre,99.8207376619,-0.000290785895645,1.03489430748,4.30532519043,1,0,0,-0,0,0.9,5.8
0.5,fragile,87,pre,99.805252913,-0.000155137604698,1.01861651256,4.16289448493,1,0,0,-0,0,0.9,5.8
0.5,fragile,88,pre,99.8217891876,0.000165671689248,1.01988060271,4.17395527371,1,0,0,-0,0,0.9,5.8
0.5,fragile,89,pre,99.8797078285,0.000580052161783,1.06960625941,4.60905476987,1,0,0,-0,0,0.9,5.8
0.5,fragile,90,pre,99.9214943745,0.000418281232792,1.05019374793,4.43919529443,1,0,0,-0,0,0.9,5.8
0.5,fragile,91,pre,99.9218253903,3.31275390172e-06,1.00039753047,4.0034783916,1,0,0,-0,0,0.9,5.8
0.5,fragile,92,pre,99.912754886,-9.0780127395e-05,1.01089361529,4.09531913376,1,0,0,-0,0,0.9,5.8
0.5,fragile,93,pre,99.9284037145,0.000156612668125,1.01879352017,4.16444330153,1,0,0,-0,0,0.9,5.8
0.5,fragile,94,pre,100.001870932,0.000734928422065,1.08819141065,4.77167484317,1,0,0,-0,0,0.9,5.8
0.5,fragile,95,pre,99.9586399231,-0.000432395468246,1.05188745619,4.45401524166,1,0,0,-0,0,0.9,5.8
0.5,fragile,96,pre,99.9857144805,0.000270820924741,1.03249851097,4.28436197098,1,0,0,-0,0,0.9,5.8
0.5,fragile,97,pre,99.9582251859,-0.000274970021648,1.0329964026,4.28871852273,1,0,0,-0,0,0.9,5.8
0.5,fragile,98,pre,99.9279705609,-0.000302718505513,1.03632622066,4.31785443079,1,0,0,-0,0,0.9,5.8
0.5,fragile,99,pre,99.9445642318,0.000166042532121,1.01992510385,4.17434465873,1,0,0,-0,0,0.9,5.8
0.5,fragile,100,pre,100.002157245,0.000576083611986,1.06913003344,4.60488779259,1,0,0,-0,0,0.9,5.8
0.5,fragile,101,pre,99.9745874409,-0.000275730102829,1.03308761234,4.28951660797,1,0,0,-0,0,0.9,5.8
0.5,fragile,102,pre,99.9767810447,2.19413728216e-05,1.00263296474,4.02303844146,1,0,0,-0,0,0.9,5.8
0.5,fragile,103,pre,99.968038189,-8.74526857214e-05,1.01049432229,4.09182532001,1,0,0,-0,0,0.9,5.8
0.5,fragile,104,pre,99.9815114532,0.000134766637466,1.0161719965,4.14150496934,1,0,0,-0,0,0.9,5.8
0.5,fragile,105,pre,99.977407487,-4.10480932131e-05,1.00492577119,4.04310049787,1,0,0,-0,0,0.9,5.8
0.5,fragile,106,pre,100.021322803,0.000439155951548,1.05269871419,4.46111374913,1,0,0,-0,0,0.9,5.8
0.5,fragile,107,pre,100.002773561,-0.000185470068403,1.02225640821,4.19474357182,1,0,0,-0,0,0.9,5.8
0.5,fragile,108,pre,99.9748096715,-0.000279670246073,1.03356042953,4.29365375838,1,0,0,-0,0,0.9,5.8
0.5,fragile,109,pre,99.9945880088,0.000197813640819,1.0237376369,4.20770432286,1,0,0,-0,0,0.9,5.8
0.5,fragile,110,pre,100.025684561,0.000310934007404,1.03731208089,4.32648070777,1,0,0,-0,0,0.9,5.8
0.5,fragile,111,pre,100.021623221,-4.06037979464e-05,1.00487245575,4.04263398784,1,0,0,-0,0,0.9,5.8
0.5,fragile,112,pre,99.9606747918,-0.000609538258721,1.07314459105,4.64001517166,1,0,0,-0,0,0.9,5.8
0.5,fragile,113,pre,99.9457741157,-0.000149076492063,1.01788917905,4.15653031667,1,0,0,-0,0,0.9,5.8
0.5,fragile,114,pre,99.9851945328,0.000394340284685,1.04732083416,4.41405729892,1,0,0,-0,0,0.9,5.8
0.5,fragile,115,pre,99.993499381,8.3057330663e-05,1.00996687968,4.0872101972,1,0,0,-0,0,0.9,5.8
0.5,fragile,116,pre,99.9677976498,-0.000257067059749,1.03084804717,4.26992041274,1,0,0,-0,0,0.9,5.8
0.5,fragile,117,pre,99.934614274,-0.000331995755415,1.03983949065,4.34859554319,1,0,0,-0,0,0.9,5.8
0.5,fragile,118,pre,99.9744136259,0.000398174638134,1.04778095658,4.41808337004,1,0,0,-0,0,0.9,5.8
0.5,fragile,119,pre,99.964076183,-0.000103406231396,1.01240874777,4.10857654297,1,0,0,-0,0,0.9,5.8
0.5,fragile,120,pre,99.9546681322,-9.41187469228e-05,1.01129424963,4.09882468427,1,0,0,-0,0,0.9,5.8
0.5,fragile,121,pre,100.011369921,0.000567114207245,1.06805370487,4.59546991761,1,0,0,-0,0,0.9,5.8
0.5,fragile,122,pre,99.9671938703,-0.000441807869802,1.05301694438,4.46389826329,1,0,0,-0,0,0.9,5.8
0.5,fragile,123,pre,99.959095552,-8.10130411048e-05,1.00972156493,4.08506369316,1,0,0,-0,0,0.9,5.8
0.5,fragile,124,pre,99.9439544877,-0.000151484074997,1.018178089,4.15905827875,1,0,0,-0,0,0.9,5.8
0.5,fragile,125,pre,99.9699671636,0.000260238765415,1.03122865185,4.27325070369,1,0,0,-0,0,0.9,5.8
0.5,fragile,126,pre,99.9851227566,0.000151589969721,1.01819079637,4.15916946821,1,0,0,-0,0,0.9,5.8
0.5,fragile,127,pre,99.9121967196,-0.00072963499854,1.08755619982,4.76611674847,1,0,0,-0,0,0.9,5.8
0.5,fragile,128,pre,99.9176804258,5.48837470108e-05,1.00658604964,4.05762793436,1,0,0,-0,0,0.9,5.8
0.5,fragile,129,pre,99.9498814685,0.000322223802491,1.0386668563,4.33833499262,1,0,0,-0,0,0.9,5.8
0.5,fragile,130,pre,99.9475212019,-2.36147792504e-05,1.00283377351,4.02479551821,1,0,0,-0,0,0.9,5.8
0.5,fragile,131,pre,99.9441607072,-3.36231573614e-05,1.00403477888,4.03530431523,1,0,0,-0,0,0.9,5.8
0.5,fragile,132,pre,99.9754577186,0.00031309595228,1.03757151427,4.32875074989,1,0,0,-0,0,0.9,5.8
0.5,fragile,133,pre,100.009854257,0.000343990646754,1.04127887761,4.36119017909,1,0,0,-0,0,0.9,5.8
0.5,fragile,134,pre,99.9679371899,-0.000419217224495,1.05030606694,4.44017808572,1,0,0,-0,0,0.9,5.8
0.5,fragile,135,pre,100.005307762,0.000373755723927,1.04485068687,4.39244351012,1,0,0,-0,0,0.9,5.8
0.5,fragile,136,pre,99.9859918074,-0.000193167949281,1.02318015391,4.20282634675,1,0,0,-0,0,0.9,5.8
0.5,fragile,137,pre,99.9704016318,-0.000155935755343,1.01871229064,4.16373254311,1,0,0,-0,0,0.9,5.8
0.5,fragile,138,pre,99.9061867073,-0.000642545755378,1.07710549065,4.67467304315,1,0,0,-0,0,0.9,5.8
0.5,fragile,139,pre,99.8787905697,-0.000274256234391,1.03291074813,4.28796904611,1,0,0,-0,0,0.9,5.8
0.5,fragile,140,pre,99.8747434296,-4.05213372097e-05,1.00486256047,4.04254740407,1,0,0,-0,0,0.9,5.8
0.5,fragile,141,pre,99.8696365407,-5.11342429293e-05,1.00613610915,4.05369095508,1,0,0,-0,0,0.9,5.8
0.5,fragile,142,pre,99.9142426885,0.000446544021941,1.05358528263,4.46887122304,1,0,0,-0,0,0.9,5.8
0.5,fragile,143,pre,99.9379421932,0.000237170335292,1.02846044023,4.24902885206,1,0,0,-0,0,0.9,5.8
0.5,fragile,144,pre,99.9706323698,0.000327051272881,1.03924615275,4.34340383652,1,0,0,-0,0,0.9,5.8
0.5,fragile,145,pre,99.9863452754,0.000157162863479,1.01885954362,4.16502100665,1,0,0,-0,0,0.9,5.8
0.5,fragile,146,pre,100.051940652,0.000655828247884,1.07869938975,4.68861966028,1,0,0,-0,0,0.9,5.8
0.5,fragile,147,pre,100.028793291,-0.000231380216426,1.02776562597,4.24294922725,1,0,0,-0,0,0.9,5.8
0.5,fragile,148,pre,100.05838787,0.000295816844113,1.03549802129,4.31060768632,1,0,0,-0,0,0.9,5.8
0.5,fragile,149,pre,100.058913447,5.25269102799e-06,1.00063032292,4.00551532558,1,0,0,-0,0,0.9,5.8
0.5,fragile,150,pre,100.105229115,0.00046277688782,1.05553322654,4.48591573221,1,0,0,-0,0,0.9,5.8
0.5,fragile,151,pre,100.102220634,-3.00536434383e-05,1.00360643721,4.03155632561,1,0,0,-0,0,0.9,5.8
0.5,fragile,152,pre,100.085294469,-0.000169103106256,1.02029237275,4.17755826157,1,0,0,-0,0,0.9,5.8
0.5,fragile,153,pre,100.062859137,-0.000224187243753,1.02690246925,4.23539660594,1,0,0,-0,0,0.9,5.8
0.5,fragile,154,pre,100.059782961,-3.07429120638e-05,1.00368914945,4.03228005767,1,0,0,-0,0,0.9,5.8
0.5,fragile,155,pre,100.033256978,-0.000265136489984,1.0318163788,4.27839331448,1,0,0,-0,0,0.9,5.8
0.5,fragile,156,pre,100.035978707,2.72078763951e-05,1.00326494517,4.02856827021,1,0,0,-0,0,0.9,5.8
0.5,fragile,157,pre,100.021944248,-0.000140303955865,1.0168364747,4.14731915366,1,0,0,-0,0,0.9,5.8
0.5,fragile,158,pre,99.9926005957,-0.000293415189879,1.03520982279,4.30808594937,1,0,0,-0,0,0.9,5.8
0.5,fragile,159,pre,99.9278797508,-0.000647465903622,1.07769590843,4.6798391988,1,0,0,-0,0,0.9,5.8
0.5,fragile,160,pre,99.9209974453,-6.88750975063e-05,1.0082650117,4.07231885238,1,0,0,-0,0,0.9,5.8
0.5,fragile,161,pre,99.9220533577,1.05674169793e-05,1.00126809004,4.01109578783,1,0,0,-0,0,0.9,5.8
0.5,fragile,162,pre,99.9827895606,0.000607651158355,1.072918139,4.63803371627,1,0,0,-0,0,0.9,5.8
0.5,fragile,163,pre,99.9889635905,6.17490205876e-05,1.00740988247,4.06483647162,1,0,0,-0,0,0.9,5.8
0.5,fragile,164,pre,100.008295097,0.000193317712001,1.02319812544,4.2029835976,1,0,0,-0,0,0.9,5.8
0.5,fragile,165,pre,100.063477412,0.000551625209684,1.06619502516,4.57920647017,1,0,0,-0,0,0.9,5.8
0.5,fragile,166,pre,100.068364196,4.88356499548e-05,1.00586027799,4.05127743245,1,0,0,-0,0,0.9,5.8
0.5,fragile,167,pre,100.04246284,-0.000258870114906,1.03106441379,4.27181362065,1,0,0,-0,0,0.9,5.8
0.5,fragile,168,pre,99.9934379491,-0.000490160933039,1.05881931196,4.51466897969,1,0,0,-0,0,0.9,5.8
0.5,fragile,169,pre,99.9729706816,-0.000204707058387,1.02456484701,4.21494241131,1,0,0,-0,0,0.9,5.8
0.5,fragile,170,pre,100.02294297,0.000499733101883,1.05996797223,4.52471975698,1,0,0,-0,0,0.9,5.8
0.5,fragile,171,pre,100.022770623,-1.72307060018e-06,1.00020676847,4.00180922413,1,0,0,-0,0,0.9,5.8
0.5,fragile,172,pre,100.031367148,8.59419853011e-05,1.01031303824,4.09023908457,1,0,0,-0,0,0.9,5.8
0.5,fragile,173,pre,100.019366547,-0.000119975573335,1.0143970688,4.125974352,1,0,0,-0,0,0.9,5.8
0.5,fragile,174,pre,100.031620941,0.000122512699092,1.01470152389,4.12863833405,1,0,0,-0,0,0.9,5.8
0.5,fragile,175,pre,100.01921055,-0.000124072367532,1.0148886841,4.13027598591,1,0,0,-0,0,0.9,5.8
0.5,fragile,176,pre,100.014114164,-5.0955375419e-05,1.00611464505,4.05350314419,1,0,0,-0,0,0.9,5.8
0.5,fragile,177,pre,99.9858816947,-0.000282324699705,1.03387896396,4.29644093469,1,0,0,-0,0,0.9,5.8
0.5,fragile,178,pre,100.014460948,0.000285792047613,1.03429504571,4.30008164999,1,0,0,-0,0,0.9,5.8
0.5,fragile,179,pre,99.991678306,-0.000227819429654,1.02733833156,4.23921040114,1,0,0,-0,0,0.9,5.8
0.5,fragile,180,pre,99.9816608079,-0.000100188336388,1.01202260037,4.10519775321,1,0,0,-0,0,0.9,5.8
0.5,fragile,181,pre,99.9333060092,-0.000483753672685,1.05805044072,4.50794135632,1,0,0,-0,0,0.9,5.8
0.5,fragile,182,pre,99.9659392976,0.000326497368248,1.03917968419,4.34282223666,1,0,0,-0,0,0.9,5.8
0.5,fragile,183,pre,99.9536996759,-0.000122445416508,1.01469344998,4.12856768733,1,0,0,-0,0,0.9,5.8
0.5,fragile,184,pre,99.996474622,0.000427856058675,1.05134272704,4.44924886161,1,0,0,-0,0,0.9,5.8
0.5,fragile,185,pre,99.9394555415,-0.000570373539608,1.06844482475,4.59889221659,1,0,0,-0,0,0.9,5.8
0.5,fragile,186,pre,99.9767517248,0.00037311816096,1.04477417932,4.39177406901,1,0,0,-0,0,0.9,5.8
0.5,fragile,187,pre,99.9160409944,-0.000607432929342,1.07289195152,4.63780457581,1,0,0,-0,0,0.9,5.8
0.5,fragile,188,pre,99.9375944983,0.000215692888803,1.02588314666,4.22647753324,1,0,0,-0,0,0.9,5.8
0.5,fragile,189,pre,99.9200072996,-0.000175997296201,1.02111967554,4.18479716101,1,0,0,-0,0,0.9,5.8
0.5,fragile,190,pre,99.8976060835,-0.000224216632468,1.0269059959,4.23542746409,1,0,0,-0,0,0.9,5.8
0.5,fragile,191,pre,99.8507342368,-0.000469309006104,1.05631708073,4.49277445641,1,0,0,-0,0,0.9,5.8
0.5,fragile,192,pre,99.8049969862,-0.000458161167099,1.05497934005,4.48106922545,1,0,0,-0,0,0.9,5.8
0.5,fragile,193,pre,99.8440674849,0.000391391758202,1.04696701098,4.41096134611,1,0,0,-0,0,0.9,5.8
0.5,fragile,194,pre,99.8343310228,-9.75214354975e-05,1.01170257226,4.10239750727,1,0,0,-0,0,0.9,5.8
0.5,fragile,195,pre,99.8473512264,0.000130409594161,1.0156491513,4.13693007387,1,0,0,-0,0,0.9,5.8
0.5,fragile,196,pre,99.8331269562,-0.000142470314129,1.0170964377,4.14959382984,1,0,0,-0,0,0.9,5.8
0.5,fragile,197,pre,99.8554068294,0.000223146245307,1.02677754944,4.23430355757,1,0,0,-0,0,0.9,5.8
0.5,fragile,198,pre,99.8365489562,-0.00018886963291,1.02266435595,4.19831311456,1,0,0,-0,0,0.9,5.8
0.5,fragile,199,pre,99.833060418,-3.49431063728e-05,1.00419317276,4.03669026169,1,0,0,-0,0,0.9,5.8
0.5,fragile,200,pre,99.8110974736,-0.000220020909132,1.0264025091,4.23102195459,1,0,0,-0,0,0.9,5.8
0.5,fragile,201,pre,99.8094275762,-1.67307179077e-05,1.00200768615,4.0175672538,1,0,0,-0,0,0.9,5.8
0.5,fragile,202,pre,99.8252180535,0.000158193757285,1.01898325087,4.16610344515,1,0,0,-0,0,0.9,5.8
0.5,fragile,203,pre,99.8124951226,-0.000127460194753,1.01529522337,4.13383320449,1,0,0,-0,0,0.9,5.8
0.5,fragile,204,pre,99.8419438513,0.000294996986131,1.03539963834,4.30974683544,1,0,0,-0,0,0.9,5.8
0.5,fragile,205,pre,99.8857074502,0.000438232756522,1.05258793078,4.46014439435,1,0,0,-0,0,0.9,5.8
0.5,fragile,206,pre,99.9236344544,0.000379631945748,1.04555583349,4.39861354304,1,0,0,-0,0,0.9,5.8
0.5,fragile,207,pre,99.9174315591,-6.20782841608e-05,1.0074493941,4.06518219837,1,0,0,-0,0,0.9,5.8
0.5,fragile,208,pre,99.9692886022,0.000518864326144,1.06226371914,4.54480754245,1,0,0,-0,0,0.9,5.8
0.5,fragile,209,pre,99.9773240259,8.03756927522e-05,1.00964508313,4.08439447739,1,0,0,-0,0,0.9,5.8
0.5,fragile,210,pre,99.9621517106,-0.000151769081397,1.01821228977,4.15935753547,1,0,0,-0,0,0.9,5.8
0.5,fragile,211,pre,99.9477003522,-0.000144578751589,1.01734945019,4.15180768917,1,0,0,-0,0,0.9,5.8
0.5,fragile,212,pre,99.9342268239,-0.00013481487335,1.0161777848,4.14155561702,1,0,0,-0,0,0.9,5.8
0.5,fragile,213,pre,99.9343546785,1.27938655885e-06,1.00015352639,4.00134335589,1,0,0,-0,0,0.9,5.8
0.5,fragile,214,pre,99.8829092634,-0.000514924638475,1.06179095662,4.5406708704,1,0,0,-0,0,0.9,5.8
0.5,fragile,215,pre,99.964753707,0.000819068353795,1.09828820246,4.86002177149,1,0,0,-0,0,0.9,5.8
0.5,fragile,216,pre,99.9475511307,-0.000172101225974,1.02065214712,4.18070628727,1,0,0,-0,0,0.9,5.8
0.5,fragile,217,pre,99.9294351309,-0.000181271492551,1.02175257911,4.19033506718,1,0,0,-0,0,0.9,5.8
0.5,fragile,218,pre,99.9321555123,2.72226526111e-05,1.00326671831,4.02858378524,1,0,0,-0,0,0.9,5.8
0.5,fragile,219,pre,99.9617579675,0.000296181659246,1.03554179911,4.31099074221,1,0,0,-0,0,0.9,5.8
0.5,fragile,220,pre,100.002111711,0.000403610356808,1.04843324282,4.42379087465,1,0,0,-0,0,0.9,5.8
0.5,fragile,221,pre,100.011693045,9.58067244626e-05,1.01149680694,4.10059706069,1,0,0,-0,0,0.9,5.8
0.5,fragile,222,pre,100.047040427,0.000353370051246,1.04240440615,4.37103855381,1,0,0,-0,0,0.9,5.8
0.5,fragile,223,pre,100.042894906,-4.1436580009e-05,1.0049723896,4.04350840901,1,0,0,-0,0,0.9,5.8
0.5,fragile,224,pre,100.027794644,-0.000150949268805,1.01811391226,4.15849673225,1,0,0,-0,0,0.9,5.8
0.5,fragile,225,pre,100.042493689,0.000146938808514,1.01763265702,4.15428574894,1,0,0,-0,0,0.9,5.8
0.5,fragile,226,pre,100.037359087,-5.13255285727e-05,1.00615906343,4.053891805,1,0,0,-0,0,0.9,5.8
0.5,fragile,227,pre,100.013640255,-0.000237127849452,1.02845534193,4.24898424192,1,0,0,-0,0,0.9,5.8
0.5,fragile,228,pre,99.9864101792,-0.000272300691065,1.03267608293,4.28591572562,1,0,0,-0,0,0.9,5.8
0.5,fragile,229,pre,100.007570338,0.000211607959423,1.02539295513,4.22218835739,1,0,0,-0,0,0.9,5.8
0.5,fragile,230,pre,100.060254029,0.00052665831927,1.06319899831,4.55299123523,1,0,0,-0,0,0.9,5.8
0.5,fragile,231,pre,100.136235477,0.000759068774669,1.09108825296,4.7970222134,1,0,0,-0,0,0.9,5.8
0.5,fragile,232,pre,100.112237552,-0.00023968148377,1.02876177805,4.25166555796,1,0,0,-0,0,0.9,5.8
0.5,fragile,233,pre,100.117628916,5.38517497326e-05,1.00646220997,4.05654433722,1,0,0,-0,0,0.9,5.8
0.5,fragile,234,pre,100.132516234,0.000148687208193,1.01784246498,4.1561215686,1,0,0,-0,0,0.9,5.8
0.5,fragile,235,pre,100.054004996,-0.000784380898386,1.09412570781,4.82359994331,1,0,0,-0,0,0.9,5.8
0.5,fragile,236,pre,100.019663374,-0.000343289780337,1.04119477364,4.36045426935,1,0,0,-0,0,0.9,5.8
0.5,fragile,237,pre,100.002152814,-0.0001750865018,1.02101038022,4.18384082689,1,0,0,-0,0,0.9,5.8
0.5,fragile,238,pre,99.997818515,-4.33429916758e-05,1.005201159,4.04551014126,1,0,0,-0,0,0.9,5.8
0.5,fragile,239,pre,100.005109654,7.29103235241e-05,1.00874923882,4.0765558397,1,0,0,-0,0,0.9,5.8
0.5,fragile,240,post,99.8322789993,-0.00172971333446,1.31556560013,7.01619900118,1,-0.210526315789,0,-0,-0.12,0.9,5.8
0.5,fragile,241,post,99.6644074261,-0.00168295138964,1.30995416676,6.96709895912,1,-0.210526315789,0,-0,-0.12,0.9,5.8
0.5,fragile,242,post,99.4973848627,-0.00167725546742,1.30927065609,6.96111824079,1,-0.210526315789,0,-0,-0.12,0.9,5.8
0.5,fragile,243,post,99.2746044342,-0.0022415685688,1.37698822826,7.55364699724,1,-0.210526315789,0,-0,-0.12,0.9,5.8
0.5,fragile,244,post,99.1533580609,-0.00122206958054,1.25464834966,6.48317305956,1,-0.210526315789,0,-0,-0.12,0.9,5.8
0.5,fragile,245,post,99.1969836359,0.000439884048671,1.05278608584,4.4618782511,1,0,0,-0,0,0.9,5.8
0.5,fragile,246,post,99.2977270345,0.00101507397275,1.12180887673,5.06582767139,1,0,0,-0,0,0.9,5.8
0.5,fragile,247,post,99.3284993072,0.000309851055831,1.0371821267,4.32534360862,1,0,0,-0,0,0.9,5.8
0.5,fragile,248,post,99.3941644277,0.000660872007496,1.0793046409,4.69391560787,1,0,0,-0,0,0.9,5.8
0.5,fragile,249,post,99.4025201728,8.40632239336e-05,1.01008758687,4.08826638513,1,0,0,-0,0,0.9,5.8
0.5,fragile,250,post,99.4270151173,0.000246391409116,1.02956696909,4.25871097957,1,0,0,-0,0,0.9,5.8
0.5,fragile,251,post,99.4898486326,0.00063175656606,1.07581078793,4.66334439436,1,0,0,-0,0,0.9,5.8
0.5,fragile,252,post,99.5346011492,0.000449718789957,1.05396625479,4.47220472945,1,0,0,-0,0,0.9,5.8
0.5,fragile,253,post,99.5299940596,-4.62873836288e-05,1.00555448604,4.04860175281,1,0,0,-0,0,0.9,5.8
0.5,fragile,254,post,99.5638498544,0.000340098864576,1.04081186375,4.35710380781,1,0,0,-0,0,0.9,5.8
0.5,fragile,255,post,99.5924639028,0.000287352663664,1.03448231964,4.30172029685,1,0,0,-0,0,0.9,5.8
0.5,fragile,256,post,99.6095392632,0.000171437637324,1.02057251648,4.18000951919,1,0,0,-0,0,0.9,5.8
0.5,fragile,257,post,99.6793626251,0.000700725068849,1.08408700826,4.73576132229,1,0,0,-0,0,0.9,5.8
0.5,fragile,258,post,99.7364009477,0.000572054317166,1.06864651806,4.60065703302,1,0,0,-0,0,0.9,5.8
0.5,fragile,259,post,99.7740871814,0.000377786997543,1.04533443971,4.39667634742,1,0,0,-0,0,0.9,5.8
0.5,fragile,260,post,99.8098088614,0.000357961549653,1.04295538596,4.37585962714,1,0,0,-0,0,0.9,5.8
0.5,fragile,261,post,99.7474185097,-0.000625287838775,1.07503454065,4.65655223071,1,0,0,-0,0,0.9,5.8
0.5,fragile,262,post,99.7947997152,0.000474899064468,1.05698788774,4.49864401769,1,0,0,-0,0,0.9,5.8
0.5,fragile,263,post,99.8494497036,0.00054747371822,1.06569684619,4.57484740413,1,0,0,-0,0,0.9,5.8
0.5,fragile,264,post,99.8982466816,0.000488586149714,1.05863033797,4.5130154572,1,0,0,-0,0,0.9,5.8
0.5,fragile,265,post,99.9431889624,0.00044977941094,1.05397352931,4.47226838149,1,0,0,-0,0,0.9,5.8
0.5,fragile,266,post,99.9455208652,2.33320109319e-05,1.00279984131,4.02449861148,1,0,0,-0,0,0.9,5.8
0.5,fragile,267,post,99.9512882269,5.77033893583e-05,1.00692440672,4.06058855883,1,0,0,-0,0,0.9,5.8
0.5,fragile,268,post,99.9148731443,-0.000364394680758,1.04372736169,4.3826144148,1,0,0,-0,0,0.9,5.8
0.5,fragile,269,post,99.9209067119,6.03852581688e-05,1.00724623098,4.06340452108,1,0,0,-0,0,0.9,5.8
0.5,fragile,270,post,99.9328981166,0.000120001765766,1.01440021189,4.12600185405,1,0,0,-0,0,0.9,5.8
0.5,fragile,271,post,99.9788490966,0.000459712662653,1.05516551952,4.48269829579,1,0,0,-0,0,0.9,5.8
0.5,fragile,272,post,99.9325986824,-0.000462709019504,1.05552508234,4.48584447048,1,0,0,-0,0,0.9,5.8
0.5,fragile,273,post,99.9451688707,0.000125778753962,1.01509345048,4.13206769166,1,0,0,-0,0,0.9,5.8
0.5,fragile,274,post,99.9606877047,0.000155261425047,1.01863137101,4.1630244963,1,0,0,-0,0,0.9,5.8
0.5,fragile,275,post,100.015278396,0.000545972540122,1.06551670481,4.57327116713,1,0,0,-0,0,0.9,5.8
0.5,fragile,276,post,100.000798912,-0.000144783208709,1.01737398505,4.15202236914,1,0,0,-0,0,0.9,5.8
0.5,fragile,277,post,100.01309917,0.0001229940388,1.01475928466,4.12914374074,1,0,0,-0,0,0.9,5.8
0.5,fragile,278,post,100.007084699,-6.01386400792e-05,1.00721663681,4.06314557208,1,0,0,-0,0,0.9,5.8
0.5,fragile,279,post,100.042749649,0.000356560658247,1.04278727899,4.37438869116,1,0,0,-0,0,0.9,5.8
0.5,fragile,280,post,100.104620534,0.000618253305889,1.07419039671,4.64916597118,1,0,0,-0,0,0.9,5.8
0.5,fragile,281,post,100.084890567,-0.000197112899828,1.02365354798,4.20696854482,1,0,0,-0,0,0.9,5.8
0.5,fragile,282,post,100.12676415,0.000418293169677,1.05019518036,4.43920782816,1,0,0,-0,0,0.9,5.8
0.5,fragile,283,post,100.106373908,-0.000203665009102,1.02443980109,4.21384825956,1,0,0,-0,0,0.9,5.8
0.5,fragile,284,post,100.109233431,2.85644391435e-05,1.0034277327,4.0299926611,1,0,0,-0,0,0.9,5.8
0.5,fragile,285,post,100.112862386,3.62492967145e-05,1.00434991561,4.03806176155,1,0,0,-0,0,0.9,5.8
0.5,fragile,286,post,100.064996421,-0.000478234370082,1.05738812441,4.50214608859,1,0,0,-0,0,0.9,5.8
0.5,fragile,287,post,100.104133748,0.000391042593548,1.04692511123,4.41059472322,1,0,0,-0,0,0.9,5.8
0.5,fragile,288,post,100.120989435,0.000168367352148,1.02020408226,4.17678571976,1,0,0,-0,0,0.9,5.8
0.5,fragile,289,post,100.114631115,-6.35083863182e-05,1.00762100636,4.06668380563,1,0,0,-0,0,0.9,5.8
0.5,fragile,290,post,100.116525432,1.89213047897e-05,1.00227055657,4.01986737003,1,0,0,-0,0,0.9,5.8
0.5,fragile,291,post,100.160876928,0.000442900656068,1.05314807873,4.46504568887,1,0,0,-0,0,0.9,5.8
0.5,fragile,292,post,100.135291127,-0.000255479683539,1.03065756202,4.26825366772,1,0,0,-0,0,0.9,5.8
0.5,fragile,293,post,100.056334163,-0.000788813897247,1.09465766767,4.82825459211,1,0,0,-0,0,0.9,5.8
0.5,fragile,294,post,100.033837955,-0.00022486070295,1.02698328435,4.2361037381,1,0,0,-0,0,0.9,5.8
0.5,fragile,295,post,100.076945261,0.000430834418172,1.05170013018,4.45237613908,1,0,0,-0,0,0.9,5.8
0.5,fragile,296,post,100.106877778,0.000299050317063,1.03588603805,4.31400283292,1,0,0,-0,0,0.9,5.8
0.5,fragile,297,post,100.126922557,0.00020021374191,1.02402564903,4.21022442901,1,0,0,-0,0,0.9,5.8
0.5,fragile,298,post,100.140810042,0.000138689187349,1.01664270248,4.14562364672,1,0,0,-0,0,0.9,5.8
0.5,fragile,299,post,100.12005129,-0.000207317117721,1.02487805413,4.21768297361,1,0,0,-0,0,0.9,5.8
0.5,fragile,300,post,100.14131532,0.000212362783651,1.02548353404,4.22298092283,1,0,0,-0,0,0.9,5.8
0.5,fragile,301,post,100.083691884,-0.000575586821498,1.06907041858,4.60436616257,1,0,0,-0,0,0.9,5.8
0.5,fragile,302,post,100.070887491,-0.000127945044626,1.01535340536,4.13434229686,1,0,0,-0,0,0.9,5.8
0.5,fragile,303,post,100.061028025,-9.8529668842e-05,1.01182356026,4.10345615228,1,0,0,-0,0,0.9,5.8
0.5,fragile,304,post,100.098822703,0.000377644947498,1.0453173937,4.39652719487,1,0,0,-0,0,0.9,5.8
0.5,fragile,305,post,100.057473694,-0.000413167215464,1.04958006586,4.43382557624,1,0,0,-0,0,0.9,5.8
0.5,fragile,306,post,100.036756491,-0.000207074468695,1.02484893624,4.21742819213,1,0,0,-0,0,0.9,5.8
0.5,fragile,307,post,100.028164971,-8.58873132717e-05,1.01030647759,4.09018167894,1,0,0,-0,0,0.9,5.8
0.5,fragile,308,post,100.055766133,0.000275895841105,1.03310750093,4.28969063316,1,0,0,-0,0,0.9,5.8
0.5,fragile,309,post,100.059044622,3.2766075907e-05,1.00393192911,4.0344043797,1,0,0,-0,0,0.9,5.8
0.5,fragile,310,post,100.085420246,0.000263565859021,1.03162790308,4.27674415197,1,0,0,-0,0,0.9,5.8
0.5,fragile,311,post,100.087567198,2.14509707947e-05,1.0025741165,4.02252351933,1,0,0,-0,0,0.9,5.8
0.5,fragile,312,post,100.059337471,-0.000282090069841,1.03385080838,4.29619457333,1,0,0,-0,0,0.9,5.8
0.5,fragile,313,post,100.027001228,-0.000323222899068,1.03878674789,4.33938404402,1,0,0,-0,0,0.9,5.8
0.5,fragile,314,post,100.033955096,6.95174872107e-05,1.00834209847,4.07299336157,1,0,0,-0,0,0.9,5.8
0.5,fragile,315,post,100.08404909,0.000500644565078,1.06007734781,4.52567679333,1,0,0,-0,0,0.9,5.8
0.5,fragile,316,post,100.06124015,-0.000227923825033,1.027350859,4.23932001628,1,0,0,-0,0,0.9,5.8
0.5,fragile,317,post,100.061846355,6.05831629686e-06,1.00072699796,4.00636123211,1,0,0,-0,0,0.9,5.8
0.5,fragile,318,post,100.07633049,0.000144741353824,1.01736896246,4.15197842152,1,0,0,-0,0,0.9,5.8
0.5,fragile,319,post,100.0857499,9.41178286942e-05,1.01129413944,4.09882372013,1,0,0,-0,0,0.9,5.8
0.5,fragile,320,post,100.05417585,-0.000315519756057,1.03786237073,4.33129574386,1,0,0,-0,0,0.9,5.8
0.5,fragile,321,post,100.024851838,-0.000293124303289,1.03517491639,4.30778051845,1,0,0,-0,0,0.9,5.8
0.5,fragile,322,post,99.9981129202,-0.000267358477365,1.03208301728,4.28072640123,1,0,0,-0,0,0.9,5.8
0.5,fragile,323,post,99.9820078045,-0.000161067166939,1.01932806003,4.16912052529,1,0,0,-0,0,0.9,5.8
0.5,fragile,324,post,100.011631627,0.000296247650633,1.03554971808,4.31106003316,1,0,0,-0,0,0.9,5.8
0.5,fragile,325,post,99.9908483234,-0.000207830462068,1.02493965545,4.21822198517,1,0,0,-0,0,0.9,5.8
0.5,fragile,326,post,100.010665075,0.000198166015549,1.02377992187,4.20807431633,1,0,0,-0,0,0.9,5.8
0.5,fragile,327,post,99.9455848822,-0.000650944343578,1.07811332123,4.68349156076,1,0,0,-0,0,0.9,5.8
0.5,fragile,328,post,99.9704073942,0.000248329429198,1.0297995315,4.26074590066,1,0,0,-0,0,0.9,5.8
0.5,fragile,329,post,100.000462244,0.000300592284714,1.03607107417,4.31562189895,1,0,0,-0,0,0.9,5.8
0.5,fragile,330,post,99.9872334938,-0.000132295643493,1.01587547722,4.13891042567,1,0,0,-0,0,0.9,5.8
0.5,fragile,331,post,99.959643525,-0.000275972992752,1.03311675913,4.28977164239,1,0,0,-0,0,0.9,5.8
0.5,fragile,332,post,100.012522536,0.000528863724989,1.063463647,4.55530691124,1,0,0,-0,0,0.9,5.8
0.5,fragile,333,post,99.9690479297,-0.000434786134807,1.05217433618,4.45652544155,1,0,0,-0,0,0.9,5.8
0.5,fragile,334,post,99.9279156534,-0.000411534784647,1.04938417416,4.43211152388,1,0,0,-0,0,0.9,5.8
0.5,fragile,335,post,99.9877256335,0.000598352199918,1.07180226399,4.62826980991,1,0,0,-0,0,0.9,5.8
0.5,fragile,336,post,99.9372519783,-0.000504925966222,1.06059111595,4.53017226453,1,0,0,-0,0,0.9,5.8
0.5,fragile,337,post,99.8971295155,-0.000401557159552,1.04818685915,4.42163501753,1,0,0,-0,0,0.9,5.8
0.5,fragile,338,post,99.9536495752,0.000565622625635,1.06787471508,4.59390375692,1,0,0,-0,0,0.9,5.8
0.5,fragile,339,post,99.9524757162,-1.17441025483e-05,1.00140929231,4.01233130768,1,0,0,-0,0,0.9,5.8
0.5,fragile,340,post,99.950953031,-1.52342075684e-05,1.00182810491,4.01599591795,1,0,0,-0,0,0.9,5.8
0.5,fragile,341,post,99.92636746,-0.000246006611577,1.02952079339,4.25830694216,1,0,0,-0,0,0.9,5.8
0.5,fragile,342,post,99.9204539809,-5.91801164546e-05,1.00710161397,4.06213912228,1,0,0,-0,0,0.9,5.8
0.5,fragile,343,post,99.9253139977,4.86376757813e-05,1.00583652109,4.05106955957,1,0,0,-0,0,0.9,5.8
0.5,fragile,344,post,99.9370828487,0.00011776953667,1.0141323444,4.1236580135,1,0,0,-0,0,0.9,5.8
0.5,fragile,345,post,99.940819679,3.73911299302e-05,1.00448693559,4.03926068643,1,0,0,-0,0,0.9,5.8
0.5,fragile,346,post,99.9875807496,0.00046777817855,1.05613338143,4.49116708748,1,0,0,-0,0,0.9,5.8
0.5,fragile,347,post,99.9520395957,-0.000355518873222,1.04266226479,4.37329481688,1,0,0,-0,0,0.9,5.8
0.5,fragile,348,post,99.9262548485,-0.000258004476677,1.0309605372,4.27090470051,1,0,0,-0,0,0.9,5.8
0.5,fragile,349,post,99.9352950872,9.0465011214e-05,1.01085580135,4.09498826177,1,0,0,-0,0,0.9,5.8
0.5,fragile,350,post,99.9046839648,-0.000306356343025,1.03676276116,4.32167416018,1,0,0,-0,0,0.9,5.8
0.5,fragile,351,post,99.9430963798,0.000384416733627,1.04613000804,4.40363757031,1,0,0,-0,0,0.9,5.8
0.5,fragile,352,post,99.9792721526,0.000361898205691,1.04342778468,4.37999311598,1,0,0,-0,0,0.9,5.8
0.5,fragile,353,post,99.9853043456,6.03326150229e-05,1.0072399138,4.06334924577,1,0,0,-0,0,0.9,5.8
0.5,fragile,354,post,99.9747710428,-0.000105354058838,1.01264248706,4.11062176178,1,0,0,-0,0,0.9,5.8
0.5,fragile,355,post,99.991898744,0.000171305560823,1.0205566673,4.17987083886,1,0,0,-0,0,0.9,5.8
0.5,fragile,356,post,99.9882056243,-3.69348714032e-05,1.00443218457,4.03878161497,1,0,0,-0,0,0.9,5.8
0.5,fragile,357,post,100.039628373,0.000514155946929,1.06169871363,4.53986374428,1,0,0,-0,0,0.9,5.8
0.5,fragile,358,post,100.019535127,-0.000200873043209,1.02410476519,4.21091669537,1,0,0,-0,0,0.9,5.8
0.5,fragile,359,post,100.047336495,0.000277920759736,1.03335049117,4.29181679772,1,0,0,-0,0,0.9,5.8
0.5,fragile,360,post,100.078620521,0.00031264336586,1.0375172039,4.32827553415,1,0,0,-0,0,0.9,5.8
1,stable,0,pre,100,0,1,4,1,0,0,0,0,0.42,1.8
1,stable,1,pre,99.9796884672,-0.000203135959128,1.0243763151,4.21329275708,1,0,0,-0,0,0.42,1.8
1,stable,2,pre,99.9367091176,-0.000429973236108,1.05159678833,4.45147189791,1,0,0,-0,0,0.42,1.8
1,stable,3,pre,99.9836965365,0.000470061269141,1.0564073523,4.4935643326,1,0,0,-0,0,0.42,1.8
1,stable,4,pre,99.9856719246,1.97569061406e-05,1.00237082874,4.02074475145,1,0,0,-0,0,0.42,1.8
1,stable,5,pre,100.002234216,0.000165632933468,1.01987595202,4.17391458014,1,0,0,-0,0,0.42,1.8
1,stable,6,pre,100.036102716,0.000338620091482,1.04063441098,4.35555109606,1,0,0,-0,0,0.42,1.8
1,stable,7,pre,100.060668225,0.000245536286088,1.02946435433,4.25781310039,1,0,0,-0,0,0.42,1.8
1,stable,8,pre,100.033125238,-0.000275300763629,1.03303609164,4.28906580181,1,0,0,-0,0,0.42,1.8
1,stable,9,pre,100.02773838,-5.38521943477e-05,1.00646226332,4.05654480407,1,0,0,-0,0,0.42,1.8
1,stable,10,pre,100.003129815,-0.00024604767439,1.02952572093,4.25835005811,1,0,0,-0,0,0.42,1.8
1,stable,11,pre,99.9944741482,-8.65577033217e-05,1.0103869244,4.09088558849,1,0,0,-0,0,0.42,1.8
1,stable,12,pre,100.036424369,0.000419437414838,1.05033248978,4.44040928558,1,0,0,-0,0,0.42,1.8
1,stable,13,pre,100.035773126,-6.51008260179e-06,1.00078120991,4.00683558673,1,0,0,-0,0,0.42,1.8
1,stable,14,pre,99.9799031352,-0.000558656132994,1.06703873596,4.58658893964,1,0,0,-0,0,0.42,1.8
1,stable,15,pre,99.9780786932,-1.82482535905e-05,1.00218979043,4.01916066627,1,0,0,-0,0,0.42,1.8
1,stable,16,pre,99.9506186515,-0.000274698351936,1.03296380223,4.28843326953,1,0,0,-0,0,0.42,1.8
1,stable,17,pre,100.007381526,0.000567747989966,1.0681297588,4.59613538946,1,0,0,-0,0,0.42,1.8
1,stable,18,pre,100.048710566,0.000413174527701,1.04958094332,4.43383325409,1,0,0,-0,0,0.42,1.8
1,stable,19,pre,100.025557682,-0.000231442899248,1.02777314791,4.24301504421,1,0,0,-0,0,0.42,1.8
1,stable,20,pre,99.994148481,-0.000314061069944,1.03768732839,4.32976412344,1,0,0,-0,0,0.42,1.8
1,stable,21,pre,100.042641176,0.000484837770954,1.05818053251,4.5090796595,1,0,0,-0,0,0.42,1.8
1,stable,22,pre,100.014318333,-0.000283147787646,1.03397773452,4.29730517703,1,0,0,-0,0,0.42,1.8
1,stable,23,pre,100.04590304,0.000315751996413,1.03789023957,4.33153959623,1,0,0,-0,0,0.42,1.8
1,stable,24,pre,100.066787843,0.000208730425879,1.02504765111,4.21916694717,1,0,0,-0,0,0.42,1.8
1,stable,25,pre,100.043217585,-0.000235573017939,1.02826876215,4.24735166884,1,0,0,-0,0,0.42,1.8
1,stable,26,pre,100.059771196,0.00016545091753,1.0198541101,4.17372346341,1,0,0,-0,0,0.42,1.8
1,stable,27,pre,100.078771919,0.000189875701577,1.02278508419,4.19936948666,1,0,0,-0,0,0.42,1.8
1,stable,28,pre,100.060720103,-0.000180392349244,1.02164708191,4.18941196671,1,0,0,-0,0,0.42,1.8
1,stable,29,pre,100.069169931,8.44434401138e-05,1.01013321281,4.08866561212,1,0,0,-0,0,0.42,1.8
1,stable,30,pre,100.045171778,-0.000239844407858,1.02878132894,4.25183662825,1,0,0,-0,0,0.42,1.8
1,stable,31,pre,100.016229389,-0.000289335065238,1.03472020783,4.3038018185,1,0,0,-0,0,0.42,1.8
1,stable,32,pre,99.9824994905,-0.000337301132128,1.04047613586,4.35416618873,1,0,0,-0,0,0.42,1.8
1,stable,33,pre,99.9734787212,-9.02275532135e-05,1.01082730639,4.09473893087,1,0,0,-0,0,0.42,1.8
1,stable,34,pre,99.9461952992,-0.000272943844463,1.03275326134,4.28659103669,1,0,0,-0,0,0.42,1.8
1,stable,35,pre,99.9656893478,0.000195026411276,1.02340316935,4.20477773184,1,0,0,-0,0,0.42,1.8
1,stable,36,pre,99.9479574149,-0.000177395923249,1.02128751079,4.18626571941,1,0,0,-0,0,0.42,1.8
1,stable,37,pre,99.9469218052,-1.03615432607e-05,1.00124338519,4.01087962042,1,0,0,-0,0,0.42,1.8
1,stable,38,pre,99.9532108016,6.29213835348e-05,1.00755056602,4.06606745271,1,0,0,-0,0,0.42,1.8
1,stable,39,pre,99.8971935571,-0.000560591770633,1.06727101248,4.58862135916,1,0,0,-0,0,0.42,1.8
1,stable,40,pre,99.9390072179,0.000418479347304,1.05021752168,4.43940331467,1,0,0,-0,0,0.42,1.8
1,stable,41,pre,99.942448441,3.44326404198e-05,1.00413191685,4.03615427244,1,0,0,-0,0,0.42,1.8
1,stable,42,pre,99.9729085968,0.000304730525982,1.03656766312,4.31996705228,1,0,0,-0,0,0.42,1.8
1,stable,43,pre,100.016529197,0.000436229051922,1.05234748623,4.45804050452,1,0,0,-0,0,0.42,1.8
1,stable,44,pre,100.045722826,0.000291845446514,1.03502145358,4.30643771884,1,0,0,-0,0,0.42,1.8
1,stable,45,pre,100.096007067,0.000502486336201,1.06029836034,4.52761065301,1,0,0,-0,0,0.42,1.8
1,stable,46,pre,100.090696959,-5.30515568177e-05,1.00636618682,4.05570413466,1,0,0,-0,0,0.42,1.8
1,stable,47,pre,100.127931023,0.000371934071627,1.0446320886,4.39053077521,1,0,0,-0,0,0.42,1.8
1,stable,48,pre,100.092365295,-0.00035526596607,1.04263191593,4.37302926437,1,0,0,-0,0,0.42,1.8
1,stable,49,pre,100.039358052,-0.000529723562998,1.06356682756,4.55620974115,1,0,0,-0,0,0.42,1.8
1,stable,50,pre,99.9844743554,-0.000548771583878,1.06585259007,4.57621016307,1,0,0,-0,0,0.42,1.8
1,stable,51,pre,100.046108725,0.000616249479165,1.0739499375,4.64706195312,1,0,0,-0,0,0.42,1.8
1,stable,52,pre,100.026963533,-0.000191381998,1.02296583976,4.2009510979,1,0,0,-0,0,0.42,1.8
1,stable,53,pre,100.079070178,0.000520790363494,1.06249484362,4.54682988167,1,0,0,-0,0,0.42,1.8
1,stable,54,pre,100.059442192,-0.000196144025351,1.02353728304,4.20595122662,1,0,0,-0,0,0.42,1.8
1,stable,55,pre,100.087758829,0.000282958116242,1.03395497395,4.29710602205,1,0,0,-0,0,0.42,1.8
1,stable,56,pre,100.087749877,-8.94415484276e-08,1.00001073299,4.00009391363,1,0,0,-0,0,0.42,1.8
1,stable,57,pre,100.040805384,-0.000469143385014,1.0562972062,4.49260055426,1,0,0,-0,0,0.42,1.8
1,stable,58,pre,100.09875034,0.00057904552569,1.06948546308,4.60799780197,1,0,0,-0,0,0.42,1.8
1,stable,59,pre,100.109967449,0.000112054151922,1.01344649823,4.11765685952,1,0,0,-0,0,0.42,1.8
1,stable,60,pre,100.118730749,8.75329107165e-05,1.01050394929,4.09190955625,1,0,0,-0,0,0.42,1.8
1,stable,61,pre,100.058872969,-0.000598046743224,1.07176560919,4.62794908039,1,0,0,-0,0,0.42,1.8
1,stable,62,pre,100.054832571,-4.03810216878e-05,1.0048457226,4.04240007277,1,0,0,-0,0,0.42,1.8
1,stable,63,pre,100.042621522,-0.000122051013148,1.01464612158,4.1281535638,1,0,0,-0,0,0.42,1.8
1,stable,64,pre,99.9645258356,-0.000780928999184,1.0937114799,4.81997544914,1,0,0,-0,0,0.42,1.8
1,stable,65,pre,99.9288223962,-0.000357224890644,1.04286698688,4.37508613518,1,0,0,-0,0,0.42,1.8
1,stable,66,pre,99.9249878806,-3.83732051084e-05,1.00460478461,4.04029186536,1,0,0,-0,0,0.42,1.8
1,stable,67,pre,99.8779574545,-0.000470768104799,1.05649217258,4.49430651004,1,0,0,-0,0,0.42,1.8
1,stable,68,pre,99.8129898575,-0.000650681468011,1.07808177616,4.68321554141,1,0,0,-0,0,0.42,1.8
1,stable,69,pre,99.7561119731,-0.000570006933719,1.06840083205,4.59850728041,1,0,0,-0,0,0.42,1.8
1,stable,70,pre,99.7955286422,0.000395052323358,1.0474062788,4.41480493953,1,0,0,-0,0,0.42,1.8
1,stable,71,pre,99.7819474287,-0.000136099662022,1.01633195944,4.14290464512,1,0,0,-0,0,0.42,1.8
1,stable,72,pre,99.787706062,5.77105108843e-05,1.00692526131,4.06059603643,1,0,0,-0,0,0.42,1.8
1,stable,73,pre,99.8336936457,0.00046074804103,1.05528976492,4.48378544308,1,0,0,-0,0,0.42,1.8
1,stable,74,pre,99.807038921,-0.000267026918377,1.03204323021,4.2803782643,1,0,0,-0,0,0.42,1.8
1,stable,75,pre,99.7743097081,-0.000327978675816,1.0393574411,4.34437760961,1,0,0,-0,0,0.42,1.8
1,stable,76,pre,99.81319508,0.000389657383289,1.04675888599,4.40914025245,1,0,0,-0,0,0.42,1.8
1,stable,77,pre,99.7822536266,-0.000310041675161,1.03720500102,4.32554375892,1,0,0,-0,0,0.42,1.8
1,stable,78,pre,99.7545461518,-0.00027771794537,1.03332615344,4.29160384264,1,0,0,-0,0,0.42,1.8
1,stable,79,pre,99.7698281209,0.000153183982513,1.0183820779,4.16084318164,1,0,0,-0,0,0.42,1.8
1,stable,80,pre,99.7706534119,8.27191598029e-06,1.00099262992,4.00868551178,1,0,0,-0,0,0.42,1.8
1,stable,81,pre,99.7766734458,6.03369033796e-05,1.00724042841,4.06335374855,1,0,0,-0,0,0.42,1.8
1,stable,82,pre,99.7772888713,6.1680104312e-06,1.00074016125,4.00647641095,1,0,0,-0,0,0.42,1.8
1,stable,83,pre,99.8021057826,0.00024869212054,1.02984305446,4.26112672657,1,0,0,-0,0,0.42,1.8
1,stable,84,pre,99.8480608259,0.000460355680686,1.05524268168,4.48337346472,1,0,0,-0,0,0.42,1.8
1,stable,85,pre,99.8497683452,1.71010297344e-05,1.00205212357,4.01795608122,1,0,0,-0,0,0.42,1.8
1,stable,86,pre,99.8207376619,-0.000290785895645,1.03489430748,4.30532519043,1,0,0,-0,0,0.42,1.8
1,stable,87,pre,99.805252913,-0.000155137604698,1.01861651256,4.16289448493,1,0,0,-0,0,0.42,1.8
1,stable,88,pre,99.8217891876,0.000165671689248,1.01988060271,4.17395527371,1,0,0,-0,0,0.42,1.8
1,stable,89,pre,99.8797078285,0.000580052161783,1.06960625941,4.60905476987,1,0,0,-0,0,0.42,1.8
1,stable,90,pre,99.9214943745,0.000418281232792,1.05019374793,4.43919529443,1,0,0,-0,0,0.42,1.8
1,stable,91,pre,99.9218253903,3.31275390172e-06,1.00039753047,4.0034783916,1,0,0,-0,0,0.42,1.8
1,stable,92,pre,99.912754886,-9.0780127395e-05,1.01089361529,4.09531913376,1,0,0,-0,0,0.42,1.8
1,stable,93,pre,99.9284037145,0.000156612668125,1.01879352017,4.16444330153,1,0,0,-0,0,0.42,1.8
1,stable,94,pre,100.001870932,0.000734928422065,1.08819141065,4.77167484317,1,0,0,-0,0,0.42,1.8
1,stable,95,pre,99.9586399231,-0.000432395468246,1.05188745619,4.45401524166,1,0,0,-0,0,0.42,1.8
1,stable,96,pre,99.9857144805,0.000270820924741,1.03249851097,4.28436197098,1,0,0,-0,0,0.42,1.8
1,stable,97,pre,99.9582251859,-0.000274970021648,1.0329964026,4.28871852273,1,0,0,-0,0,0.42,1.8
1,stable,98,pre,99.9279705609,-0.000302718505513,1.03632622066,4.31785443079,1,0,0,-0,0,0.42,1.8
1,stable,99,pre,99.9445642318,0.000166042532121,1.01992510385,4.17434465873,1,0,0,-0,0,0.42,1.8
1,stable,100,pre,100.002157245,0.000576083611986,1.06913003344,4.60488779259,1,0,0,-0,0,0.42,1.8
1,stable,101,pre,99.9745874409,-0.000275730102829,1.03308761234,4.28951660797,1,0,0,-0,0,0.42,1.8
1,stable,102,pre,99.9767810447,2.19413728216e-05,1.00263296474,4.02303844146,1,0,0,-0,0,0.42,1.8
1,stable,103,pre,99.968038189,-8.74526857214e-05,1.01049432229,4.09182532001,1,0,0,-0,0,0.42,1.8
1,stable,104,pre,99.9815114532,0.000134766637466,1.0161719965,4.14150496934,1,0,0,-0,0,0.42,1.8
1,stable,105,pre,99.977407487,-4.10480932131e-05,1.00492577119,4.04310049787,1,0,0,-0,0,0.42,1.8
1,stable,106,pre,100.021322803,0.000439155951548,1.05269871419,4.46111374913,1,0,0,-0,0,0.42,1.8
1,stable,107,pre,100.002773561,-0.000185470068403,1.02225640821,4.19474357182,1,0,0,-0,0,0.42,1.8
1,stable,108,pre,99.9748096715,-0.000279670246073,1.03356042953,4.29365375838,1,0,0,-0,0,0.42,1.8
1,stable,109,pre,99.9945880088,0.000197813640819,1.0237376369,4.20770432286,1,0,0,-0,0,0.42,1.8
1,stable,110,pre,100.025684561,0.000310934007404,1.03731208089,4.32648070777,1,0,0,-0,0,0.42,1.8
1,stable,111,pre,100.021623221,-4.06037979464e-05,1.00487245575,4.04263398784,1,0,0,-0,0,0.42,1.8
1,stable,112,pre,99.9606747918,-0.000609538258721,1.07314459105,4.64001517166,1,0,0,-0,0,0.42,1.8
1,stable,113,pre,99.9457741157,-0.000149076492063,1.01788917905,4.15653031667,1,0,0,-0,0,0.42,1.8
1,stable,114,pre,99.9851945328,0.000394340284685,1.04732083416,4.41405729892,1,0,0,-0,0,0.42,1.8
1,stable,115,pre,99.993499381,8.3057330663e-05,1.00996687968,4.0872101972,1,0,0,-0,0,0.42,1.8
1,stable,116,pre,99.9677976498,-0.000257067059749,1.03084804717,4.26992041274,1,0,0,-0,0,0.42,1.8
1,stable,117,pre,99.934614274,-0.000331995755415,1.03983949065,4.34859554319,1,0,0,-0,0,0.42,1.8
1,stable,118,pre,99.9744136259,0.000398174638134,1.04778095658,4.41808337004,1,0,0,-0,0,0.42,1.8
1,stable,119,pre,99.964076183,-0.000103406231396,1.01240874777,4.10857654297,1,0,0,-0,0,0.42,1.8
1,stable,120,pre,99.9546681322,-9.41187469228e-05,1.01129424963,4.09882468427,1,0,0,-0,0,0.42,1.8
1,stable,121,pre,100.011369921,0.000567114207245,1.06805370487,4.59546991761,1,0,0,-0,0,0.42,1.8
1,stable,122,pre,99.9671938703,-0.000441807869802,1.05301694438,4.46389826329,1,0,0,-0,0,0.42,1.8
1,stable,123,pre,99.959095552,-8.10130411048e-05,1.00972156493,4.08506369316,1,0,0,-0,0,0.42,1.8
1,stable,124,pre,99.9439544877,-0.000151484074997,1.018178089,4.15905827875,1,0,0,-0,0,0.42,1.8
1,stable,125,pre,99.9699671636,0.000260238765415,1.03122865185,4.27325070369,1,0,0,-0,0,0.42,1.8
1,stable,126,pre,99.9851227566,0.000151589969721,1.01819079637,4.15916946821,1,0,0,-0,0,0.42,1.8
1,stable,127,pre,99.9121967196,-0.00072963499854,1.08755619982,4.76611674847,1,0,0,-0,0,0.42,1.8
1,stable,128,pre,99.9176804258,5.48837470108e-05,1.00658604964,4.05762793436,1,0,0,-0,0,0.42,1.8
1,stable,129,pre,99.9498814685,0.000322223802491,1.0386668563,4.33833499262,1,0,0,-0,0,0.42,1.8
1,stable,130,pre,99.9475212019,-2.36147792504e-05,1.00283377351,4.02479551821,1,0,0,-0,0,0.42,1.8
1,stable,131,pre,99.9441607072,-3.36231573614e-05,1.00403477888,4.03530431523,1,0,0,-0,0,0.42,1.8
1,stable,132,pre,99.9754577186,0.00031309595228,1.03757151427,4.32875074989,1,0,0,-0,0,0.42,1.8
1,stable,133,pre,100.009854257,0.000343990646754,1.04127887761,4.36119017909,1,0,0,-0,0,0.42,1.8
1,stable,134,pre,99.9679371899,-0.000419217224495,1.05030606694,4.44017808572,1,0,0,-0,0,0.42,1.8
1,stable,135,pre,100.005307762,0.000373755723927,1.04485068687,4.39244351012,1,0,0,-0,0,0.42,1.8
1,stable,136,pre,99.9859918074,-0.000193167949281,1.02318015391,4.20282634675,1,0,0,-0,0,0.42,1.8
1,stable,137,pre,99.9704016318,-0.000155935755343,1.01871229064,4.16373254311,1,0,0,-0,0,0.42,1.8
1,stable,138,pre,99.9061867073,-0.000642545755378,1.07710549065,4.67467304315,1,0,0,-0,0,0.42,1.8
1,stable,139,pre,99.8787905697,-0.000274256234391,1.03291074813,4.28796904611,1,0,0,-0,0,0.42,1.8
1,stable,140,pre,99.8747434296,-4.05213372097e-05,1.00486256047,4.04254740407,1,0,0,-0,0,0.42,1.8
1,stable,141,pre,99.8696365407,-5.11342429293e-05,1.00613610915,4.05369095508,1,0,0,-0,0,0.42,1.8
1,stable,142,pre,99.9142426885,0.000446544021941,1.05358528263,4.46887122304,1,0,0,-0,0,0.42,1.8
1,stable,143,pre,99.9379421932,0.000237170335292,1.02846044023,4.24902885206,1,0,0,-0,0,0.42,1.8
1,stable,144,pre,99.9706323698,0.000327051272881,1.03924615275,4.34340383652,1,0,0,-0,0,0.42,1.8
1,stable,145,pre,99.9863452754,0.000157162863479,1.01885954362,4.16502100665,1,0,0,-0,0,0.42,1.8
1,stable,146,pre,100.051940652,0.000655828247884,1.07869938975,4.68861966028,1,0,0,-0,0,0.42,1.8
1,stable,147,pre,100.028793291,-0.000231380216426,1.02776562597,4.24294922725,1,0,0,-0,0,0.42,1.8
1,stable,148,pre,100.05838787,0.000295816844113,1.03549802129,4.31060768632,1,0,0,-0,0,0.42,1.8
1,stable,149,pre,100.058913447,5.25269102799e-06,1.00063032292,4.00551532558,1,0,0,-0,0,0.42,1.8
1,stable,150,pre,100.105229115,0.00046277688782,1.05553322654,4.48591573221,1,0,0,-0,0,0.42,1.8
1,stable,151,pre,100.102220634,-3.00536434383e-05,1.00360643721,4.03155632561,1,0,0,-0,0,0.42,1.8
1,stable,152,pre,100.085294469,-0.000169103106256,1.02029237275,4.17755826157,1,0,0,-0,0,0.42,1.8
1,stable,153,pre,100.062859137,-0.000224187243753,1.02690246925,4.23539660594,1,0,0,-0,0,0.42,1.8
1,stable,154,pre,100.059782961,-3.07429120638e-05,1.00368914945,4.03228005767,1,0,0,-0,0,0.42,1.8
1,stable,155,pre,100.033256978,-0.000265136489984,1.0318163788,4.27839331448,1,0,0,-0,0,0.42,1.8
1,stable,156,pre,100.035978707,2.72078763951e-05,1.00326494517,4.02856827021,1,0,0,-0,0,0.42,1.8
1,stable,157,pre,100.021944248,-0.000140303955865,1.0168364747,4.14731915366,1,0,0,-0,0,0.42,1.8
1,stable,158,pre,99.9926005957,-0.000293415189879,1.03520982279,4.30808594937,1,0,0,-0,0,0.42,1.8
1,stable,159,pre,99.9278797508,-0.000647465903622,1.07769590843,4.6798391988,1,0,0,-0,0,0.42,1.8
1,stable,160,pre,99.9209974453,-6.88750975063e-05,1.0082650117,4.07231885238,1,0,0,-0,0,0.42,1.8
1,stable,161,pre,99.9220533577,1.05674169793e-05,1.00126809004,4.01109578783,1,0,0,-0,0,0.42,1.8
1,stable,162,pre,99.9827895606,0.000607651158355,1.072918139,4.63803371627,1,0,0,-0,0,0.42,1.8
1,stable,163,pre,99.9889635905,6.17490205876e-05,1.00740988247,4.06483647162,1,0,0,-0,0,0.42,1.8
1,stable,164,pre,100.008295097,0.000193317712001,1.02319812544,4.2029835976,1,0,0,-0,0,0.42,1.8
1,stable,165,pre,100.063477412,0.000551625209684,1.06619502516,4.57920647017,1,0,0,-0,0,0.42,1.8
1,stable,166,pre,100.068364196,4.88356499548e-05,1.00586027799,4.05127743245,1,0,0,-0,0,0.42,1.8
1,stable,167,pre,100.04246284,-0.000258870114906,1.03106441379,4.27181362065,1,0,0,-0,0,0.42,1.8
1,stable,168,pre,99.9934379491,-0.000490160933039,1.05881931196,4.51466897969,1,0,0,-0,0,0.42,1.8
1,stable,169,pre,99.9729706816,-0.000204707058387,1.02456484701,4.21494241131,1,0,0,-0,0,0.42,1.8
1,stable,170,pre,100.02294297,0.000499733101883,1.05996797223,4.52471975698,1,0,0,-0,0,0.42,1.8
1,stable,171,pre,100.022770623,-1.72307060018e-06,1.00020676847,4.00180922413,1,0,0,-0,0,0.42,1.8
1,stable,172,pre,100.031367148,8.59419853011e-05,1.01031303824,4.09023908457,1,0,0,-0,0,0.42,1.8
1,stable,173,pre,100.019366547,-0.000119975573335,1.0143970688,4.125974352,1,0,0,-0,0,0.42,1.8
1,stable,174,pre,100.031620941,0.000122512699092,1.01470152389,4.12863833405,1,0,0,-0,0,0.42,1.8
1,stable,175,pre,100.01921055,-0.000124072367532,1.0148886841,4.13027598591,1,0,0,-0,0,0.42,1.8
1,stable,176,pre,100.014114164,-5.0955375419e-05,1.00611464505,4.05350314419,1,0,0,-0,0,0.42,1.8
1,stable,177,pre,99.9858816947,-0.000282324699705,1.03387896396,4.29644093469,1,0,0,-0,0,0.42,1.8
1,stable,178,pre,100.014460948,0.000285792047613,1.03429504571,4.30008164999,1,0,0,-0,0,0.42,1.8
1,stable,179,pre,99.991678306,-0.000227819429654,1.02733833156,4.23921040114,1,0,0,-0,0,0.42,1.8
1,stable,180,pre,99.9816608079,-0.000100188336388,1.01202260037,4.10519775321,1,0,0,-0,0,0.42,1.8
1,stable,181,pre,99.9333060092,-0.000483753672685,1.05805044072,4.50794135632,1,0,0,-0,0,0.42,1.8
1,stable,182,pre,99.9659392976,0.000326497368248,1.03917968419,4.34282223666,1,0,0,-0,0,0.42,1.8
1,stable,183,pre,99.9536996759,-0.000122445416508,1.01469344998,4.12856768733,1,0,0,-0,0,0.42,1.8
1,stable,184,pre,99.996474622,0.000427856058675,1.05134272704,4.44924886161,1,0,0,-0,0,0.42,1.8
1,stable,185,pre,99.9394555415,-0.000570373539608,1.06844482475,4.59889221659,1,0,0,-0,0,0.42,1.8
1,stable,186,pre,99.9767517248,0.00037311816096,1.04477417932,4.39177406901,1,0,0,-0,0,0.42,1.8
1,stable,187,pre,99.9160409944,-0.000607432929342,1.07289195152,4.63780457581,1,0,0,-0,0,0.42,1.8
1,stable,188,pre,99.9375944983,0.000215692888803,1.02588314666,4.22647753324,1,0,0,-0,0,0.42,1.8
1,stable,189,pre,99.9200072996,-0.000175997296201,1.02111967554,4.18479716101,1,0,0,-0,0,0.42,1.8
1,stable,190,pre,99.8976060835,-0.000224216632468,1.0269059959,4.23542746409,1,0,0,-0,0,0.42,1.8
1,stable,191,pre,99.8507342368,-0.000469309006104,1.05631708073,4.49277445641,1,0,0,-0,0,0.42,1.8
1,stable,192,pre,99.8049969862,-0.000458161167099,1.05497934005,4.48106922545,1,0,0,-0,0,0.42,1.8
1,stable,193,pre,99.8440674849,0.000391391758202,1.04696701098,4.41096134611,1,0,0,-0,0,0.42,1.8
1,stable,194,pre,99.8343310228,-9.75214354975e-05,1.01170257226,4.10239750727,1,0,0,-0,0,0.42,1.8
1,stable,195,pre,99.8473512264,0.000130409594161,1.0156491513,4.13693007387,1,0,0,-0,0,0.42,1.8
1,stable,196,pre,99.8331269562,-0.000142470314129,1.0170964377,4.14959382984,1,0,0,-0,0,0.42,1.8
1,stable,197,pre,99.8554068294,0.000223146245307,1.02677754944,4.23430355757,1,0,0,-0,0,0.42,1.8
1,stable,198,pre,99.8365489562,-0.00018886963291,1.02266435595,4.19831311456,1,0,0,-0,0,0.42,1.8
1,stable,199,pre,99.833060418,-3.49431063728e-05,1.00419317276,4.03669026169,1,0,0,-0,0,0.42,1.8
1,stable,200,pre,99.8110974736,-0.000220020909132,1.0264025091,4.23102195459,1,0,0,-0,0,0.42,1.8
1,stable,201,pre,99.8094275762,-1.67307179077e-05,1.00200768615,4.0175672538,1,0,0,-0,0,0.42,1.8
1,stable,202,pre,99.8252180535,0.000158193757285,1.01898325087,4.16610344515,1,0,0,-0,0,0.42,1.8
1,stable,203,pre,99.8124951226,-0.000127460194753,1.01529522337,4.13383320449,1,0,0,-0,0,0.42,1.8
1,stable,204,pre,99.8419438513,0.000294996986131,1.03539963834,4.30974683544,1,0,0,-0,0,0.42,1.8
1,stable,205,pre,99.8857074502,0.000438232756522,1.05258793078,4.46014439435,1,0,0,-0,0,0.42,1.8
1,stable,206,pre,99.9236344544,0.000379631945748,1.04555583349,4.39861354304,1,0,0,-0,0,0.42,1.8
1,stable,207,pre,99.9174315591,-6.20782841608e-05,1.0074493941,4.06518219837,1,0,0,-0,0,0.42,1.8
1,stable,208,pre,99.9692886022,0.000518864326144,1.06226371914,4.54480754245,1,0,0,-0,0,0.42,1.8
1,stable,209,pre,99.9773240259,8.03756927522e-05,1.00964508313,4.08439447739,1,0,0,-0,0,0.42,1.8
1,stable,210,pre,99.9621517106,-0.000151769081397,1.01821228977,4.15935753547,1,0,0,-0,0,0.42,1.8
1,stable,211,pre,99.9477003522,-0.000144578751589,1.01734945019,4.15180768917,1,0,0,-0,0,0.42,1.8
1,stable,212,pre,99.9342268239,-0.00013481487335,1.0161777848,4.14155561702,1,0,0,-0,0,0.42,1.8
1,stable,213,pre,99.9343546785,1.27938655885e-06,1.00015352639,4.00134335589,1,0,0,-0,0,0.42,1.8
1,stable,214,pre,99.8829092634,-0.000514924638475,1.06179095662,4.5406708704,1,0,0,-0,0,0.42,1.8
1,stable,215,pre,99.964753707,0.000819068353795,1.09828820246,4.86002177149,1,0,0,-0,0,0.42,1.8
1,stable,216,pre,99.9475511307,-0.000172101225974,1.02065214712,4.18070628727,1,0,0,-0,0,0.42,1.8
1,stable,217,pre,99.9294351309,-0.000181271492551,1.02175257911,4.19033506718,1,0,0,-0,0,0.42,1.8
1,stable,218,pre,99.9321555123,2.72226526111e-05,1.00326671831,4.02858378524,1,0,0,-0,0,0.42,1.8
1,stable,219,pre,99.9617579675,0.000296181659246,1.03554179911,4.31099074221,1,0,0,-0,0,0.42,1.8
1,stable,220,pre,100.002111711,0.000403610356808,1.04843324282,4.42379087465,1,0,0,-0,0,0.42,1.8
1,stable,221,pre,100.011693045,9.58067244626e-05,1.01149680694,4.10059706069,1,0,0,-0,0,0.42,1.8
1,stable,222,pre,100.047040427,0.000353370051246,1.04240440615,4.37103855381,1,0,0,-0,0,0.42,1.8
1,stable,223,pre,100.042894906,-4.1436580009e-05,1.0049723896,4.04350840901,1,0,0,-0,0,0.42,1.8
1,stable,224,pre,100.027794644,-0.000150949268805,1.01811391226,4.15849673225,1,0,0,-0,0,0.42,1.8
1,stable,225,pre,100.042493689,0.000146938808514,1.01763265702,4.15428574894,1,0,0,-0,0,0.42,1.8
1,stable,226,pre,100.037359087,-5.13255285727e-05,1.00615906343,4.053891805,1,0,0,-0,0,0.42,1.8
1,stable,227,pre,100.013640255,-0.000237127849452,1.02845534193,4.24898424192,1,0,0,-0,0,0.42,1.8
1,stable,228,pre,99.9864101792,-0.000272300691065,1.03267608293,4.28591572562,1,0,0,-0,0,0.42,1.8
1,stable,229,pre,100.007570338,0.000211607959423,1.02539295513,4.22218835739,1,0,0,-0,0,0.42,1.8
1,stable,230,pre,100.060254029,0.00052665831927,1.06319899831,4.55299123523,1,0,0,-0,0,0.42,1.8
1,stable,231,pre,100.136235477,0.000759068774669,1.09108825296,4.7970222134,1,0,0,-0,0,0.42,1.8
1,stable,232,pre,100.112237552,-0.00023968148377,1.02876177805,4.25166555796,1,0,0,-0,0,0.42,1.8
1,stable,233,pre,100.117628916,5.38517497326e-05,1.00646220997,4.05654433722,1,0,0,-0,0,0.42,1.8
1,stable,234,pre,100.132516234,0.000148687208193,1.01784246498,4.1561215686,1,0,0,-0,0,0.42,1.8
1,stable,235,pre,100.054004996,-0.000784380898386,1.09412570781,4.82359994331,1,0,0,-0,0,0.42,1.8
1,stable,236,pre,100.019663374,-0.000343289780337,1.04119477364,4.36045426935,1,0,0,-0,0,0.42,1.8
1,stable,237,pre,100.002152814,-0.0001750865018,1.02101038022,4.18384082689,1,0,0,-0,0,0.42,1.8
1,stable,238,pre,99.997818515,-4.33429916758e-05,1.005201159,4.04551014126,1,0,0,-0,0,0.42,1.8
1,stable,239,pre,100.005109654,7.29103235241e-05,1.00874923882,4.0765558397,1,0,0,-0,0,0.42,1.8
1,stable,240,post,99.682642836,-0.00322971333446,1.60356560013,9.79119900118,1,-0.347826086957,0,-0,-0.24,0.42,1.8
1,stable,241,post,99.3688432661,-0.00315295138964,1.59435416676,9.71059895912,1,-0.347826086957,0,-0,-0.24,0.42,1.8
1,stable,242,post,99.0647088173,-0.00306535546742,1.58384265609,9.61862324079,1,-0.347826086957,0,-0,-0.24,0.42,1.8
1,stable,243,post,98.7136075249,-0.0035504565688,1.64205478826,10.1279793972,1,-0.347826086957,0,-0,-0.24,0.42,1.8
1,stable,244,post,98.4714450464,-0.00245619632054,1.51074355846,8.97900613656,1,-0.347826086957,0,-0,-0.24,0.42,1.8
1,stable,245,post,98.547913272,0.000776250923471,1.09315011082,4.81506346964,1,0,0,-0,0,0.42,1.8
1,stable,246,post,98.6847836636,0.00138790794596,1.16654895351,5.45730334325,1,0,0,-0,0,0.42,1.8
1,stable,247,post,98.750278351,0.000663455508953,1.07961466107,4.6966282844,1,0,0,-0,0,0.42,1.8
1,stable,248,post,98.8485200375,0.000994355182494,1.1193226219,5.04407294162,1,0,0,-0,0,0.42,1.8
1,stable,249,post,98.8879190798,0.000398500579572,1.04782006955,4.41842560855,1,0,0,-0,0,0.42,1.8
1,stable,250,post,98.9416167512,0.000542868106517,1.06514417278,4.57001151184,1,0,0,-0,0,0.42,1.8
1,stable,251,post,99.0318231867,0.000911298422065,1.10935581065,4.95686334317,1,0,0,-0,0,0.42,1.8
1,stable,252,post,99.1024871043,0.000713293124433,1.08559517493,4.74895778065,1,0,0,-0,0,0.42,1.8
1,stable,253,post,99.1225307755,0.000202231499198,1.0242677799,4.21234307416,1,0,0,-0,0,0.42,1.8
1,stable,254,post,99.1794853209,0.000574422268039,1.06893067216,4.60314338144,1,0,0,-0,0,0.42,1.8
1,stable,255,post,99.2299102183,0.000508291438159,1.06099497258,4.53370601007,1,0,0,-0,0,0.42,1.8
1,stable,256,post,99.2676005597,0.000379756317208,1.04557075806,4.39874413307,1,0,0,-0,0,0.42,1.8
1,stable,257,post,99.356697904,0.000897144518028,1.10765734216,4.94200174393,1,0,0,-0,0,0.42,1.8
1,stable,258,post,99.4319646775,0.000757254223566,1.09087050683,4.79511693474,1,0,0,-0,0,0.42,1.8
1,stable,259,post,99.4869068865,0.000552408225093,1.06628898701,4.58002863635,1,0,0,-0,0,0.42,1.8
1,stable,260,post,99.5389131637,0.000522608355928,1.06271300271,4.54873877372,1,0,0,-0,0,0.42,1.8
1,stable,261,post,99.4921363189,-0.00047004571159,1.05640548539,4.49354799717,1,0,0,-0,0,0.42,1.8
1,stable,262,post,99.5539673726,0.00062127371089,1.07455284531,4.65233739643,1,0,0,-0,0,0.42,1.8
1,stable,263,post,99.6222337578,0.000685487397262,1.08225848767,4.71976176712,1,0,0,-0,0,0.42,1.8
1,stable,264,post,99.683890744,0.00061871644255,1.07424597311,4.64965226468,1,0,0,-0,0,0.42,1.8
1,stable,265,post,99.7409737786,0.000572476619154,1.0686971943,4.60110045011,1,0,0,-0,0,0.42,1.8
1,stable,266,post,99.7548408039,0.000139020714732,1.01668248577,4.14597175047,1,0,0,-0,0,0.42,1.8
1,stable,267,post,99.7714796945,0.000166783916795,1.02001407002,4.17512311263,1,0,0,-0,0,0.42,1.8
1,stable,268,post,99.7453883881,-0.000261544868504,1.03138538422,4.27462211193,1,0,0,-0,0,0.42,1.8
1,stable,269,post,99.761085583,0.000157360255718,1.01888323069,4.1652282685,1,0,0,-0,0,0.42,1.8
1,stable,270,post,99.7821810496,0.000211437519935,1.02537250239,4.22200939593,1,0,0,-0,0,0.42,1.8
1,stable,271,post,99.8366695663,0.000545925576825,1.06551106922,4.57322185567,1,0,0,-0,0,0.42,1.8
1,stable,272,post,99.7985970637,-0.000381420615012,1.0457704738,4.40049164576,1,0,0,-0,0,0.42,1.8
1,stable,273,post,99.8188007335,0.000202423938369,1.0242908726,4.21254513529,1,0,0,-0,0,0.42,1.8
1,stable,274,post,99.8415149507,0.000227528611608,1.02730343339,4.23890504219,1,0,0,-0,0,0.42,1.8
1,stable,275,post,99.9028476339,0.000614111801497,1.07369341618,4.64481739157,1,0,0,-0,0,0.42,1.8
1,stable,276,post,99.8948021737,-8.05360840905e-05,1.00966433009,4.0845628883,1,0,0,-0,0,0.42,1.8
1,stable,277,post,99.9131416804,0.000183571346778,1.02202856161,4.19274991412,1,0,0,-0,0,0.42,1.8
1,stable,278,post,99.9128397905,-3.0215276224e-06,1.00036258331,4.003172604,1,0,0,-0,0,0.42,1.8
1,stable,279,post,99.9538539567,0.000410415222676,1.04924982672,4.43093598381,1,0,0,-0,0,0.42,1.8
1,stable,280,post,100.020748626,0.000669031680093,1.08028380161,4.7024832641,1,0,0,-0,0,0.42,1.8
1,stable,281,post,100.005823143,-0.000149235002863,1.01790820034,4.15669675301,1,0,0,-0,0,0.42,1.8
1,stable,282,post,100.05218021,0.000463436265605,1.05561235187,4.48660807889,1,0,0,-0,0,0.42,1.8
1,stable,283,post,100.036063051,-0.000161100501486,1.01933206018,4.16915552656,1,0,0,-0,0,0.42,1.8
1,stable,284,post,100.04293553,6.86976482496e-05,1.00824371779,4.07213253066,1,0,0,-0,0,0.42,1.8
1,stable,285,post,100.050347994,7.4090083872e-05,1.00889081006,4.07779458807,1,0,0,-0,0,0.42,1.8
1,stable,286,post,100.006080002,-0.000442555060987,1.05310660732,4.46468281404,1,0,0,-0,0,0.42,1.8
1,stable,287,post,100.048559993,0.000424683888911,1.05096206667,4.44591808336,1,0,0,-0,0,0.42,1.8
1,stable,288,post,100.068580417,0.000200087045786,1.02401044549,4.21009139807,1,0,0,-0,0,0.42,1.8
1,stable,289,post,100.065218115,-3.3600531891e-05,1.00403206383,4.03528055849,1,0,0,-0,0,0.42,1.8
1,stable,290,post,100.069933381,4.71208128511e-05,1.00565449754,4.04947685349,1,0,0,-0,0,0.42,1.8
1,stable,291,post,100.116926184,0.000469489399063,1.05633872789,4.49296386902,1,0,0,-0,0,0.42,1.8
1,stable,292,post,100.093860931,-0.000230409698186,1.02764916378,4.2419301831,1,0,0,-0,0,0.42,1.8
1,stable,293,post,100.017300814,-0.000765175917606,1.09182111011,4.80343471349,1,0,0,-0,0,0.42,1.8
1,stable,294,post,99.9970420678,-0.000202572932389,1.02430875189,4.21270157901,1,0,0,-0,0,0.42,1.8
1,stable,295,post,100.042235851,0.000451849104034,1.05422189248,4.47444155924,1,0,0,-0,0,0.42,1.8
1,stable,296,post,100.074140869,0.000318864637239,1.03826375647,4.3348078691,1,0,0,-0,0,0.42,1.8
1,stable,297,post,100.096049122,0.000218896261677,1.0262675514,4.22984107476,1,0,0,-0,0,0.42,1.8
1,stable,298,post,100.111695813,0.000156304555515,1.01875654666,4.16411978329,1,0,0,-0,0,0.42,1.8
1,stable,299,post,100.092605538,-0.000190707945111,1.02288495341,4.20024334237,1,0,0,-0,0,0.42,1.8
1,stable,300,post,100.11543158,0.000228023234923,1.02736278819,4.23942439667,1,0,0,-0,0,0.42,1.8
1,stable,301,post,100.059300495,-0.000560820900292,1.06729850804,4.58886194531,1,0,0,-0,0,0.42,1.8
1,stable,302,post,100.047892128,-0.000114022557639,1.01368270692,4.11972368552,1,0,0,-0,0,0.42,1.8
1,stable,303,post,100.039348159,-8.54024388373e-05,1.01024829266,4.08967256078,1,0,0,-0,0,0.42,1.8
1,stable,304,post,100.07837335,0.000390022345858,1.0468026815,4.40952346315,1,0,0,-0,0,0.42,1.8
1,stable,305,post,100.038200266,-0.000401496818121,1.04817961817,4.42157165903,1,0,0,-0,0,0.42,1.8
1,stable,306,post,100.01858763,-0.000196070688241,1.02352848259,4.20587422265,1,0,0,-0,0,0.42,1.8
1,stable,307,post,100.011035305,-7.55120723345e-05,1.00906144868,4.07928767595,1,0,0,-0,0,0.42,1.8
1,stable,308,post,100.039610383,0.000285678444907,1.03428141339,4.29996236715,1,0,0,-0,0,0.42,1.8
1,stable,309,post,100.043811124,4.19898942007e-05,1.0050387873,4.04408938891,1,0,0,-0,0,0.42,1.8
1,stable,310,post,100.071053042,0.000272262809816,1.03267153718,4.28587595031,1,0,0,-0,0,0.42,1.8
1,stable,311,post,100.074020307,2.96511489333e-05,1.00355813787,4.03113370638,1,0,0,-0,0,0.42,1.8
1,stable,312,post,100.046567936,-0.000274358288543,1.03292299463,4.28807620297,1,0,0,-0,0,0.42,1.8
1,stable,313,post,100.014964941,-0.00031593275963,1.03791193116,4.33172939761,1,0,0,-0,0,0.42,1.8
1,stable,314,post,100.022605497,7.63912115136e-05,1.00916694538,4.08021077209,1,0,0,-0,0,0.42,1.8
1,stable,315,post,100.07334239,0.000507125660015,1.0608550792,4.53248194302,1,0,0,-0,0,0.42,1.8
1,stable,316,post,100.051147291,-0.000221812932346,1.02661755188,4.23290357896,1,0,0,-0,0,0.42,1.8
1,stable,317,post,100.052329917,1.18201528076e-05,1.00141841834,4.01241116045,1,0,0,-0,0,0.42,1.8
1,stable,318,post,100.067356312,0.00015017407236,1.01802088868,4.15768277598,1,0,0,-0,0,0.42,1.8
1,stable,319,post,100.077287512,9.9240228582e-05,1.01190882743,4.10420224001,1,0,0,-0,0,0.42,1.8
1,stable,320,post,100.046199334,-0.000310689949316,1.03728279392,4.32622444678,1,0,0,-0,0,0.42,1.8
1,stable,321,post,100.01733313,-0.000288570376679,1.0346284452,4.30299889551,1,0,0,-0,0,0.42,1.8
1,stable,322,post,99.9910255631,-0.000263064672523,1.0315677607,4.27621790615,1,0,0,-0,0,0.42,1.8
1,stable,323,post,99.9753263422,-0.000157018625625,1.01884223507,4.16486955691,1,0,0,-0,0,0.42,1.8
1,stable,324,post,100.005329934,0.000300064937951,1.03600779255,4.31506818485,1,0,0,-0,0,0.42,1.8
1,stable,325,post,99.9849078086,-0.000204231219442,1.02450774633,4.21444278041,1,0,0,-0,0,0.42,1.8
1,stable,326,post,100.005062765,0.000201559668266,1.02418716019,4.21163765168,1,0,0,-0,0,0.42,1.8
1,stable,327,post,99.9403060067,-0.000647744537407,1.07772934449,4.68013176428,1,0,0,-0,0,0.42,1.8
1,stable,328,post,99.9654288061,0.000251346461401,1.03016157537,4.26391378447,1,0,0,-0,0,0.42,1.8
1,stable,329,post,99.9957666168,0.000303436983057,1.03641243797,4.31860883221,1,0,0,-0,0,0.42,1.8
1,stable,330,post,99.9828066619,-0.000129613435245,1.01555361223,4.13609410701,1,0,0,-0,0,0.42,1.8
1,stable,331,post,99.9554707016,-0.000273443993111,1.03281327917,4.28711619277,1,0,0,-0,0,0.42,1.8
1,stable,332,post,100.00858598,0.000531248267349,1.06374979208,4.55781068072,1,0,0,-0,0,0.42,1.8
1,stable,333,post,99.96533784,-0.000432537798281,1.05190453579,4.4541646882,1,0,0,-0,0,0.42,1.8
1,stable,334,post,99.9244189208,-0.000409414873835,1.04912978486,4.42988561753,1,0,0,-0,0,0.42,1.8
1,stable,335,post,99.9844266587,0.000600351020735,1.07204212249,4.63036857177,1,0,0,-0,0,0.42,1.8
1,stable,336,post,99.9341430093,-0.000503041318699,1.06036495824,4.52819338463,1,0,0,-0,0,0.42,1.8
1,stable,337,post,99.8941993061,-0.000399780163709,1.04797361965,4.41976917189,1,0,0,-0,0,0.42,1.8
1,stable,338,post,99.9508851749,0.000567298118898,1.06807577427,4.59566302484,1,0,0,-0,0,0.42,1.8
1,stable,339,post,99.9498692478,-1.01643140046e-05,1.00121971768,4.0106725297,1,0,0,-0,0,0.42,1.8
1,stable,340,post,99.9484954806,-1.37446570597e-05,1.00164935885,4.01443188991,1,0,0,-0,0,0.42,1.8
1,stable,341,post,99.924050854,-0.000244602144678,1.02935225736,4.25683225191,1,0,0,-0,0,0.42,1.8
1,stable,342,post,99.918269828,-5.78558731609e-05,1.00694270478,4.06074866682,1,0,0,-0,0,0.42,1.8
1,stable,343,post,99.9232545029,4.98862778676e-05,1.00598635334,4.05238059176,1,0,0,-0,0,0.42,1.8
1,stable,344,post,99.935140763,0.000118946818199,1.01427361818,4.12489415911,1,0,0,-0,0,0.42,1.8
1,stable,345,post,99.9389884564,3.85011647558e-05,1.00462013977,4.04042622299,1,0,0,-0,0,0.42,1.8
1,stable,346,post,99.9858533183,0.000468824807825,1.05625897694,4.49226604822,1,0,0,-0,0,0.42,1.8
1,stable,347,post,99.950411414,-0.00035453202775,1.04254384333,4.37225862914,1,0,0,-0,0,0.42,1.8
1,stable,348,post,99.9247200643,-0.00025707400014,1.03084888002,4.26992770015,1,0,0,-0,0,0.42,1.8
1,stable,349,post,99.9338478388,9.13423386289e-05,1.01096108064,4.09590945556,1,0,0,-0,0,0.42,1.8
1,stable,350,post,99.9033198012,-0.000305529128837,1.03666349546,4.32080558528,1,0,0,-0,0,0.42,1.8
1,stable,351,post,99.9418096426,0.000385196697071,1.04622360365,4.40445653192,1,0,0,-0,0,0.42,1.8
1,stable,352,post,99.9780584747,0.00036263361737,1.04351603408,4.38076529824,1,0,0,-0,0,0.42,1.8
1,stable,353,post,99.9841599238,6.10260197479e-05,1.00732312237,4.06407732074,1,0,0,-0,0,0.42,1.8
1,stable,354,post,99.9736921041,-0.000104700261617,1.01256403139,4.1099352747,1,0,0,-0,0,0.42,1.8
1,stable,355,post,99.9908812601,0.000171922012935,1.02063064155,4.18051811358,1,0,0,-0,0,0.42,1.8
1,stable,356,post,99.9872462945,-3.63536312363e-05,1.00436243575,4.0381713128,1,0,0,-0,0,0.42,1.8
1,stable,357,post,100.038723375,0.000514703986469,1.06176447838,4.54043918579,1,0,0,-0,0,0.42,1.8
1,stable,358,post,100.018681994,-0.000200356307866,1.02404275694,4.21037412326,1,0,0,-0,0,0.42,1.8
1,stable,359,post,100.04653187,0.000278407978988,1.03340895748,4.29232837794,1,0,0,-0,0,0.42,1.8
1,stable,360,post,100.077861619,0.000313102754991,1.0375723306,4.32875789274,1,0,0,-0,0,0.42,1.8
1,fragile,0,pre,100,0,1,4,1,0,0,0,0,0.9,5.8
1,fragile,1,pre,99.9796884672,-0.000203135959128,1.0243763151,4.21329275708,1,0,0,-0,0,0.9,5.8
1,fragile,2,pre,99.9367091176,-0.000429973236108,1.05159678833,4.45147189791,1,0,0,-0,0,0.9,5.8
1,fragile,3,pre,99.9836965365,0.000470061269141,1.0564073523,4.4935643326,1,0,0,-0,0,0.9,5.8
1,fragile,4,pre,99.9856719246,1.97569061406e-05,1.00237082874,4.02074475145,1,0,0,-0,0,0.9,5.8
1,fragile,5,pre,100.002234216,0.000165632933468,1.01987595202,4.17391458014,1,0,0,-0,0,0.9,5.8
1,fragile,6,pre,100.036102716,0.000338620091482,1.04063441098,4.35555109606,1,0,0,-0,0,0.9,5.8
1,fragile,7,pre,100.060668225,0.000245536286088,1.02946435433,4.25781310039,1,0,0,-0,0,0.9,5.8
1,fragile,8,pre,100.033125238,-0.000275300763629,1.03303609164,4.28906580181,1,0,0,-0,0,0.9,5.8
1,fragile,9,pre,100.02773838,-5.38521943477e-05,1.00646226332,4.05654480407,1,0,0,-0,0,0.9,5.8
1,fragile,10,pre,100.003129815,-0.00024604767439,1.02952572093,4.25835005811,1,0,0,-0,0,0.9,5.8
1,fragile,11,pre,99.9944741482,-8.65577033217e-05,1.0103869244,4.09088558849,1,0,0,-0,0,0.9,5.8
1,fragile,12,pre,100.036424369,0.000419437414838,1.05033248978,4.44040928558,1,0,0,-0,0,0.9,5.8
1,fragile,13,pre,100.035773126,-6.51008260179e-06,1.00078120991,4.00683558673,1,0,0,-0,0,0.9,5.8
1,fragile,14,pre,99.9799031352,-0.000558656132994,1.06703873596,4.58658893964,1,0,0,-0,0,0.9,5.8
1,fragile,15,pre,99.9780786932,-1.82482535905e-05,1.00218979043,4.01916066627,1,0,0,-0,0,0.9,5.8
1,fragile,16,pre,99.9506186515,-0.000274698351936,1.03296380223,4.28843326953,1,0,0,-0,0,0.9,5.8
1,fragile,17,pre,100.007381526,0.000567747989966,1.0681297588,4.59613538946,1,0,0,-0,0,0.9,5.8
1,fragile,18,pre,100.048710566,0.000413174527701,1.04958094332,4.43383325409,1,0,0,-0,0,0.9,5.8
1,fragile,19,pre,100.025557682,-0.000231442899248,1.02777314791,4.24301504421,1,0,0,-0,0,0.9,5.8
1,fragile,20,pre,99.994148481,-0.000314061069944,1.03768732839,4.32976412344,1,0,0,-0,0,0.9,5.8
1,fragile,21,pre,100.042641176,0.000484837770954,1.05818053251,4.5090796595,1,0,0,-0,0,0.9,5.8
1,fragile,22,pre,100.014318333,-0.000283147787646,1.03397773452,4.29730517703,1,0,0,-0,0,0.9,5.8
1,fragile,23,pre,100.04590304,0.000315751996413,1.03789023957,4.33153959623,1,0,0,-0,0,0.9,5.8
1,fragile,24,pre,100.066787843,0.000208730425879,1.02504765111,4.21916694717,1,0,0,-0,0,0.9,5.8
1,fragile,25,pre,100.043217585,-0.000235573017939,1.02826876215,4.24735166884,1,0,0,-0,0,0.9,5.8
1,fragile,26,pre,100.059771196,0.00016545091753,1.0198541101,4.17372346341,1,0,0,-0,0,0.9,5.8
1,fragile,27,pre,100.078771919,0.000189875701577,1.02278508419,4.19936948666,1,0,0,-0,0,0.9,5.8
1,fragile,28,pre,100.060720103,-0.000180392349244,1.02164708191,4.18941196671,1,0,0,-0,0,0.9,5.8
1,fragile,29,pre,100.069169931,8.44434401138e-05,1.01013321281,4.08866561212,1,0,0,-0,0,0.9,5.8
1,fragile,30,pre,100.045171778,-0.000239844407858,1.02878132894,4.25183662825,1,0,0,-0,0,0.9,5.8
1,fragile,31,pre,100.016229389,-0.000289335065238,1.03472020783,4.3038018185,1,0,0,-0,0,0.9,5.8
1,fragile,32,pre,99.9824994905,-0.000337301132128,1.04047613586,4.35416618873,1,0,0,-0,0,0.9,5.8
1,fragile,33,pre,99.9734787212,-9.02275532135e-05,1.01082730639,4.09473893087,1,0,0,-0,0,0.9,5.8
1,fragile,34,pre,99.9461952992,-0.000272943844463,1.03275326134,4.28659103669,1,0,0,-0,0,0.9,5.8
1,fragile,35,pre,99.9656893478,0.000195026411276,1.02340316935,4.20477773184,1,0,0,-0,0,0.9,5.8
1,fragile,36,pre,99.9479574149,-0.000177395923249,1.02128751079,4.18626571941,1,0,0,-0,0,0.9,5.8
1,fragile,37,pre,99.9469218052,-1.03615432607e-05,1.00124338519,4.01087962042,1,0,0,-0,0,0.9,5.8
1,fragile,38,pre,99.9532108016,6.29213835348e-05,1.00755056602,4.06606745271,1,0,0,-0,0,0.9,5.8
1,fragile,39,pre,99.8971935571,-0.000560591770633,1.06727101248,4.58862135916,1,0,0,-0,0,0.9,5.8
1,fragile,40,pre,99.9390072179,0.000418479347304,1.05021752168,4.43940331467,1,0,0,-0,0,0.9,5.8
1,fragile,41,pre,99.942448441,3.44326404198e-05,1.00413191685,4.03615427244,1,0,0,-0,0,0.9,5.8
1,fragile,42,pre,99.9729085968,0.000304730525982,1.03656766312,4.31996705228,1,0,0,-0,0,0.9,5.8
1,fragile,43,pre,100.016529197,0.000436229051922,1.05234748623,4.45804050452,1,0,0,-0,0,0.9,5.8
1,fragile,44,pre,100.045722826,0.000291845446514,1.03502145358,4.30643771884,1,0,0,-0,0,0.9,5.8
1,fragile,45,pre,100.096007067,0.000502486336201,1.06029836034,4.52761065301,1,0,0,-0,0,0.9,5.8
1,fragile,46,pre,100.090696959,-5.30515568177e-05,1.00636618682,4.05570413466,1,0,0,-0,0,0.9,5.8
1,fragile,47,pre,100.127931023,0.000371934071627,1.0446320886,4.39053077521,1,0,0,-0,0,0.9,5.8
1,fragile,48,pre,100.092365295,-0.00035526596607,1.04263191593,4.37302926437,1,0,0,-0,0,0.9,5.8
1,fragile,49,pre,100.039358052,-0.000529723562998,1.06356682756,4.55620974115,1,0,0,-0,0,0.9,5.8
1,fragile,50,pre,99.9844743554,-0.000548771583878,1.06585259007,4.57621016307,1,0,0,-0,0,0.9,5.8
1,fragile,51,pre,100.046108725,0.000616249479165,1.0739499375,4.64706195312,1,0,0,-0,0,0.9,5.8
1,fragile,52,pre,100.026963533,-0.000191381998,1.02296583976,4.2009510979,1,0,0,-0,0,0.9,5.8
1,fragile,53,pre,100.079070178,0.000520790363494,1.06249484362,4.54682988167,1,0,0,-0,0,0.9,5.8
1,fragile,54,pre,100.059442192,-0.000196144025351,1.02353728304,4.20595122662,1,0,0,-0,0,0.9,5.8
1,fragile,55,pre,100.087758829,0.000282958116242,1.03395497395,4.29710602205,1,0,0,-0,0,0.9,5.8
1,fragile,56,pre,100.087749877,-8.94415484276e-08,1.00001073299,4.00009391363,1,0,0,-0,0,0.9,5.8
1,fragile,57,pre,100.040805384,-0.000469143385014,1.0562972062,4.49260055426,1,0,0,-0,0,0.9,5.8
1,fragile,58,pre,100.09875034,0.00057904552569,1.06948546308,4.60799780197,1,0,0,-0,0,0.9,5.8
1,fragile,59,pre,100.109967449,0.000112054151922,1.01344649823,4.11765685952,1,0,0,-0,0,0.9,5.8
1,fragile,60,pre,100.118730749,8.75329107165e-05,1.01050394929,4.09190955625,1,0,0,-0,0,0.9,5.8
1,fragile,61,pre,100.058872969,-0.000598046743224,1.07176560919,4.62794908039,1,0,0,-0,0,0.9,5.8
1,fragile,62,pre,100.054832571,-4.03810216878e-05,1.0048457226,4.04240007277,1,0,0,-0,0,0.9,5.8
1,fragile,63,pre,100.042621522,-0.000122051013148,1.01464612158,4.1281535638,1,0,0,-0,0,0.9,5.8
1,fragile,64,pre,99.9645258356,-0.000780928999184,1.0937114799,4.81997544914,1,0,0,-0,0,0.9,5.8
1,fragile,65,pre,99.9288223962,-0.000357224890644,1.04286698688,4.37508613518,1,0,0,-0,0,0.9,5.8
1,fragile,66,pre,99.9249878806,-3.83732051084e-05,1.00460478461,4.04029186536,1,0,0,-0,0,0.9,5.8
1,fragile,67,pre,99.8779574545,-0.000470768104799,1.05649217258,4.49430651004,1,0,0,-0,0,0.9,5.8
1,fragile,68,pre,99.8129898575,-0.000650681468011,1.07808177616,4.68321554141,1,0,0,-0,0,0.9,5.8
1,fragile,69,pre,99.7561119731,-0.000570006933719,1.06840083205,4.59850728041,1,0,0,-0,0,0.9,5.8
1,fragile,70,pre,99.7955286422,0.000395052323358,1.0474062788,4.41480493953,1,0,0,-0,0,0.9,5.8
1,fragile,71,pre,99.7819474287,-0.000136099662022,1.01633195944,4.14290464512,1,0,0,-0,0,0.9,5.8
1,fragile,72,pre,99.787706062,5.77105108843e-05,1.00692526131,4.06059603643,1,0,0,-0,0,0.9,5.8
1,fragile,73,pre,99.8336936457,0.00046074804103,1.05528976492,4.48378544308,1,0,0,-0,0,0.9,5.8
1,fragile,74,pre,99.807038921,-0.000267026918377,1.03204323021,4.2803782643,1,0,0,-0,0,0.9,5.8
1,fragile,75,pre,99.7743097081,-0.000327978675816,1.0393574411,4.34437760961,1,0,0,-0,0,0.9,5.8
1,fragile,76,pre,99.81319508,0.000389657383289,1.04675888599,4.40914025245,1,0,0,-0,0,0.9,5.8
1,fragile,77,pre,99.7822536266,-0.000310041675161,1.03720500102,4.32554375892,1,0,0,-0,0,0.9,5.8
1,fragile,78,pre,99.7545461518,-0.00027771794537,1.03332615344,4.29160384264,1,0,0,-0,0,0.9,5.8
1,fragile,79,pre,99.7698281209,0.000153183982513,1.0183820779,4.16084318164,1,0,0,-0,0,0.9,5.8
1,fragile,80,pre,99.7706534119,8.27191598029e-06,1.00099262992,4.00868551178,1,0,0,-0,0,0.9,5.8
1,fragile,81,pre,99.7766734458,6.03369033796e-05,1.00724042841,4.06335374855,1,0,0,-0,0,0.9,5.8
1,fragile,82,pre,99.7772888713,6.1680104312e-06,1.00074016125,4.00647641095,1,0,0,-0,0,0.9,5.8
1,fragile,83,pre,99.8021057826,0.00024869212054,1.02984305446,4.26112672657,1,0,0,-0,0,0.9,5.8
1,fragile,84,pre,99.8480608259,0.000460355680686,1.05524268168,4.48337346472,1,0,0,-0,0,0.9,5.8
1,fragile,85,pre,99.8497683452,1.71010297344e-05,1.00205212357,4.01795608122,1,0,0,-0,0,0.9,5.8
1,fragile,86,pre,99.8207376619,-0.000290785895645,1.03489430748,4.30532519043,1,0,0,-0,0,0.9,5.8
1,fragile,87,pre,99.805252913,-0.000155137604698,1.01861651256,4.16289448493,1,0,0,-0,0,0.9,5.8
1,fragile,88,pre,99.8217891876,0.000165671689248,1.01988060271,4.17395527371,1,0,0,-0,0,0.9,5.8
1,fragile,89,pre,99.8797078285,0.000580052161783,1.06960625941,4.60905476987,1,0,0,-0,0,0.9,5.8
1,fragile,90,pre,99.9214943745,0.000418281232792,1.05019374793,4.43919529443,1,0,0,-0,0,0.9,5.8
1,fragile,91,pre,99.9218253903,3.31275390172e-06,1.00039753047,4.0034783916,1,0,0,-0,0,0.9,5.8
1,fragile,92,pre,99.912754886,-9.0780127395e-05,1.01089361529,4.09531913376,1,0,0,-0,0,0.9,5.8
1,fragile,93,pre,99.9284037145,0.000156612668125,1.01879352017,4.16444330153,1,0,0,-0,0,0.9,5.8
1,fragile,94,pre,100.001870932,0.000734928422065,1.08819141065,4.77167484317,1,0,0,-0,0,0.9,5.8
1,fragile,95,pre,99.9586399231,-0.000432395468246,1.05188745619,4.45401524166,1,0,0,-0,0,0.9,5.8
1,fragile,96,pre,99.9857144805,0.000270820924741,1.03249851097,4.28436197098,1,0,0,-0,0,0.9,5.8
1,fragile,97,pre,99.9582251859,-0.000274970021648,1.0329964026,4.28871852273,1,0,0,-0,0,0.9,5.8
1,fragile,98,pre,99.9279705609,-0.000302718505513,1.03632622066,4.31785443079,1,0,0,-0,0,0.9,5.8
1,fragile,99,pre,99.9445642318,0.000166042532121,1.01992510385,4.17434465873,1,0,0,-0,0,0.9,5.8
1,fragile,100,pre,100.002157245,0.000576083611986,1.06913003344,4.60488779259,1,0,0,-0,0,0.9,5.8
1,fragile,101,pre,99.9745874409,-0.000275730102829,1.03308761234,4.28951660797,1,0,0,-0,0,0.9,5.8
1,fragile,102,pre,99.9767810447,2.19413728216e-05,1.00263296474,4.02303844146,1,0,0,-0,0,0.9,5.8
1,fragile,103,pre,99.968038189,-8.74526857214e-05,1.01049432229,4.09182532001,1,0,0,-0,0,0.9,5.8
1,fragile,104,pre,99.9815114532,0.000134766637466,1.0161719965,4.14150496934,1,0,0,-0,0,0.9,5.8
1,fragile,105,pre,99.977407487,-4.10480932131e-05,1.00492577119,4.04310049787,1,0,0,-0,0,0.9,5.8
1,fragile,106,pre,100.021322803,0.000439155951548,1.05269871419,4.46111374913,1,0,0,-0,0,0.9,5.8
1,fragile,107,pre,100.002773561,-0.000185470068403,1.02225640821,4.19474357182,1,0,0,-0,0,0.9,5.8
1,fragile,108,pre,99.9748096715,-0.000279670246073,1.03356042953,4.29365375838,1,0,0,-0,0,0.9,5.8
1,fragile,109,pre,99.9945880088,0.000197813640819,1.0237376369,4.20770432286,1,0,0,-0,0,0.9,5.8
1,fragile,110,pre,100.025684561,0.000310934007404,1.03731208089,4.32648070777,1,0,0,-0,0,0.9,5.8
1,fragile,111,pre,100.021623221,-4.06037979464e-05,1.00487245575,4.04263398784,1,0,0,-0,0,0.9,5.8
1,fragile,112,pre,99.9606747918,-0.000609538258721,1.07314459105,4.64001517166,1,0,0,-0,0,0.9,5.8
1,fragile,113,pre,99.9457741157,-0.000149076492063,1.01788917905,4.15653031667,1,0,0,-0,0,0.9,5.8
1,fragile,114,pre,99.9851945328,0.000394340284685,1.04732083416,4.41405729892,1,0,0,-0,0,0.9,5.8
1,fragile,115,pre,99.993499381,8.3057330663e-05,1.00996687968,4.0872101972,1,0,0,-0,0,0.9,5.8
1,fragile,116,pre,99.9677976498,-0.000257067059749,1.03084804717,4.26992041274,1,0,0,-0,0,0.9,5.8
1,fragile,117,pre,99.934614274,-0.000331995755415,1.03983949065,4.34859554319,1,0,0,-0,0,0.9,5.8
1,fragile,118,pre,99.9744136259,0.000398174638134,1.04778095658,4.41808337004,1,0,0,-0,0,0.9,5.8
1,fragile,119,pre,99.964076183,-0.000103406231396,1.01240874777,4.10857654297,1,0,0,-0,0,0.9,5.8
1,fragile,120,pre,99.9546681322,-9.41187469228e-05,1.01129424963,4.09882468427,1,0,0,-0,0,0.9,5.8
1,fragile,121,pre,100.011369921,0.000567114207245,1.06805370487,4.59546991761,1,0,0,-0,0,0.9,5.8
1,fragile,122,pre,99.9671938703,-0.000441807869802,1.05301694438,4.46389826329,1,0,0,-0,0,0.9,5.8
1,fragile,123,pre,99.959095552,-8.10130411048e-05,1.00972156493,4.08506369316,1,0,0,-0,0,0.9,5.8
1,fragile,124,pre,99.9439544877,-0.000151484074997,1.018178089,4.15905827875,1,0,0,-0,0,0.9,5.8
1,fragile,125,pre,99.9699671636,0.000260238765415,1.03122865185,4.27325070369,1,0,0,-0,0,0.9,5.8
1,fragile,126,pre,99.9851227566,0.000151589969721,1.01819079637,4.15916946821,1,0,0,-0,0,0.9,5.8
1,fragile,127,pre,99.9121967196,-0.00072963499854,1.08755619982,4.76611674847,1,0,0,-0,0,0.9,5.8
1,fragile,128,pre,99.9176804258,5.48837470108e-05,1.00658604964,4.05762793436,1,0,0,-0,0,0.9,5.8
1,fragile,129,pre,99.9498814685,0.000322223802491,1.0386668563,4.33833499262,1,0,0,-0,0,0.9,5.8
1,fragile,130,pre,99.9475212019,-2.36147792504e-05,1.00283377351,4.02479551821,1,0,0,-0,0,0.9,5.8
1,fragile,131,pre,99.9441607072,-3.36231573614e-05,1.00403477888,4.03530431523,1,0,0,-0,0,0.9,5.8
1,fragile,132,pre,99.9754577186,0.00031309595228,1.03757151427,4.32875074989,1,0,0,-0,0,0.9,5.8
1,fragile,133,pre,100.009854257,0.000343990646754,1.04127887761,4.36119017909,1,0,0,-0,0,0.9,5.8
1,fragile,134,pre,99.9679371899,-0.000419217224495,1.05030606694,4.44017808572,1,0,0,-0,0,0.9,5.8
1,fragile,135,pre,100.005307762,0.000373755723927,1.04485068687,4.39244351012,1,0,0,-0,0,0.9,5.8
1,fragile,136,pre,99.9859918074,-0.000193167949281,1.02318015391,4.20282634675,1,0,0,-0,0,0.9,5.8
1,fragile,137,pre,99.9704016318,-0.000155935755343,1.01871229064,4.16373254311,1,0,0,-0,0,0.9,5.8
1,fragile,138,pre,99.9061867073,-0.000642545755378,1.07710549065,4.67467304315,1,0,0,-0,0,0.9,5.8
1,fragile,139,pre,99.8787905697,-0.000274256234391,1.03291074813,4.28796904611,1,0,0,-0,0,0.9,5.8
1,fragile,140,pre,99.8747434296,-4.05213372097e-05,1.00486256047,4.04254740407,1,0,0,-0,0,0.9,5.8
1,fragile,141,pre,99.8696365407,-5.11342429293e-05,1.00613610915,4.05369095508,1,0,0,-0,0,0.9,5.8
1,fragile,142,pre,99.9142426885,0.000446544021941,1.05358528263,4.46887122304,1,0,0,-0,0,0.9,5.8
1,fragile,143,pre,99.9379421932,0.000237170335292,1.02846044023,4.24902885206,1,0,0,-0,0,0.9,5.8
1,fragile,144,pre,99.9706323698,0.000327051272881,1.03924615275,4.34340383652,1,0,0,-0,0,0.9,5.8
1,fragile,145,pre,99.9863452754,0.000157162863479,1.01885954362,4.16502100665,1,0,0,-0,0,0.9,5.8
1,fragile,146,pre,100.051940652,0.000655828247884,1.07869938975,4.68861966028,1,0,0,-0,0,0.9,5.8
1,fragile,147,pre,100.028793291,-0.000231380216426,1.02776562597,4.24294922725,1,0,0,-0,0,0.9,5.8
1,fragile,148,pre,100.05838787,0.000295816844113,1.03549802129,4.31060768632,1,0,0,-0,0,0.9,5.8
1,fragile,149,pre,100.058913447,5.25269102799e-06,1.00063032292,4.00551532558,1,0,0,-0,0,0.9,5.8
1,fragile,150,pre,100.105229115,0.00046277688782,1.05553322654,4.48591573221,1,0,0,-0,0,0.9,5.8
1,fragile,151,pre,100.102220634,-3.00536434383e-05,1.00360643721,4.03155632561,1,0,0,-0,0,0.9,5.8
1,fragile,152,pre,100.085294469,-0.000169103106256,1.02029237275,4.17755826157,1,0,0,-0,0,0.9,5.8
1,fragile,153,pre,100.062859137,-0.000224187243753,1.02690246925,4.23539660594,1,0,0,-0,0,0.9,5.8
1,fragile,154,pre,100.059782961,-3.07429120638e-05,1.00368914945,4.03228005767,1,0,0,-0,0,0.9,5.8
1,fragile,155,pre,100.033256978,-0.000265136489984,1.0318163788,4.27839331448,1,0,0,-0,0,0.9,5.8
1,fragile,156,pre,100.035978707,2.72078763951e-05,1.00326494517,4.02856827021,1,0,0,-0,0,0.9,5.8
1,fragile,157,pre,100.021944248,-0.000140303955865,1.0168364747,4.14731915366,1,0,0,-0,0,0.9,5.8
1,fragile,158,pre,99.9926005957,-0.000293415189879,1.03520982279,4.30808594937,1,0,0,-0,0,0.9,5.8
1,fragile,159,pre,99.9278797508,-0.000647465903622,1.07769590843,4.6798391988,1,0,0,-0,0,0.9,5.8
1,fragile,160,pre,99.9209974453,-6.88750975063e-05,1.0082650117,4.07231885238,1,0,0,-0,0,0.9,5.8
1,fragile,161,pre,99.9220533577,1.05674169793e-05,1.00126809004,4.01109578783,1,0,0,-0,0,0.9,5.8
1,fragile,162,pre,99.9827895606,0.000607651158355,1.072918139,4.63803371627,1,0,0,-0,0,0.9,5.8
1,fragile,163,pre,99.9889635905,6.17490205876e-05,1.00740988247,4.06483647162,1,0,0,-0,0,0.9,5.8
1,fragile,164,pre,100.008295097,0.000193317712001,1.02319812544,4.2029835976,1,0,0,-0,0,0.9,5.8
1,fragile,165,pre,100.063477412,0.000551625209684,1.06619502516,4.57920647017,1,0,0,-0,0,0.9,5.8
1,fragile,166,pre,100.068364196,4.88356499548e-05,1.00586027799,4.05127743245,1,0,0,-0,0,0.9,5.8
1,fragile,167,pre,100.04246284,-0.000258870114906,1.03106441379,4.27181362065,1,0,0,-0,0,0.9,5.8
1,fragile,168,pre,99.9934379491,-0.000490160933039,1.05881931196,4.51466897969,1,0,0,-0,0,0.9,5.8
1,fragile,169,pre,99.9729706816,-0.000204707058387,1.02456484701,4.21494241131,1,0,0,-0,0,0.9,5.8
1,fragile,170,pre,100.02294297,0.000499733101883,1.05996797223,4.52471975698,1,0,0,-0,0,0.9,5.8
1,fragile,171,pre,100.022770623,-1.72307060018e-06,1.00020676847,4.00180922413,1,0,0,-0,0,0.9,5.8
1,fragile,172,pre,100.031367148,8.59419853011e-05,1.01031303824,4.09023908457,1,0,0,-0,0,0.9,5.8
1,fragile,173,pre,100.019366547,-0.000119975573335,1.0143970688,4.125974352,1,0,0,-0,0,0.9,5.8
1,fragile,174,pre,100.031620941,0.000122512699092,1.01470152389,4.12863833405,1,0,0,-0,0,0.9,5.8
1,fragile,175,pre,100.01921055,-0.000124072367532,1.0148886841,4.13027598591,1,0,0,-0,0,0.9,5.8
1,fragile,176,pre,100.014114164,-5.0955375419e-05,1.00611464505,4.05350314419,1,0,0,-0,0,0.9,5.8
1,fragile,177,pre,99.9858816947,-0.000282324699705,1.03387896396,4.29644093469,1,0,0,-0,0,0.9,5.8
1,fragile,178,pre,100.014460948,0.000285792047613,1.03429504571,4.30008164999,1,0,0,-0,0,0.9,5.8
1,fragile,179,pre,99.991678306,-0.000227819429654,1.02733833156,4.23921040114,1,0,0,-0,0,0.9,5.8
1,fragile,180,pre,99.9816608079,-0.000100188336388,1.01202260037,4.10519775321,1,0,0,-0,0,0.9,5.8
1,fragile,181,pre,99.9333060092,-0.000483753672685,1.05805044072,4.50794135632,1,0,0,-0,0,0.9,5.8
1,fragile,182,pre,99.9659392976,0.000326497368248,1.03917968419,4.34282223666,1,0,0,-0,0,0.9,5.8
1,fragile,183,pre,99.9536996759,-0.000122445416508,1.01469344998,4.12856768733,1,0,0,-0,0,0.9,5.8
1,fragile,184,pre,99.996474622,0.000427856058675,1.05134272704,4.44924886161,1,0,0,-0,0,0.9,5.8
1,fragile,185,pre,99.9394555415,-0.000570373539608,1.06844482475,4.59889221659,1,0,0,-0,0,0.9,5.8
1,fragile,186,pre,99.9767517248,0.00037311816096,1.04477417932,4.39177406901,1,0,0,-0,0,0.9,5.8
1,fragile,187,pre,99.9160409944,-0.000607432929342,1.07289195152,4.63780457581,1,0,0,-0,0,0.9,5.8
1,fragile,188,pre,99.9375944983,0.000215692888803,1.02588314666,4.22647753324,1,0,0,-0,0,0.9,5.8
1,fragile,189,pre,99.9200072996,-0.000175997296201,1.02111967554,4.18479716101,1,0,0,-0,0,0.9,5.8
1,fragile,190,pre,99.8976060835,-0.000224216632468,1.0269059959,4.23542746409,1,0,0,-0,0,0.9,5.8
1,fragile,191,pre,99.8507342368,-0.000469309006104,1.05631708073,4.49277445641,1,0,0,-0,0,0.9,5.8
1,fragile,192,pre,99.8049969862,-0.000458161167099,1.05497934005,4.48106922545,1,0,0,-0,0,0.9,5.8
1,fragile,193,pre,99.8440674849,0.000391391758202,1.04696701098,4.41096134611,1,0,0,-0,0,0.9,5.8
1,fragile,194,pre,99.8343310228,-9.75214354975e-05,1.01170257226,4.10239750727,1,0,0,-0,0,0.9,5.8
1,fragile,195,pre,99.8473512264,0.000130409594161,1.0156491513,4.13693007387,1,0,0,-0,0,0.9,5.8
1,fragile,196,pre,99.8331269562,-0.000142470314129,1.0170964377,4.14959382984,1,0,0,-0,0,0.9,5.8
1,fragile,197,pre,99.8554068294,0.000223146245307,1.02677754944,4.23430355757,1,0,0,-0,0,0.9,5.8
1,fragile,198,pre,99.8365489562,-0.00018886963291,1.02266435595,4.19831311456,1,0,0,-0,0,0.9,5.8
1,fragile,199,pre,99.833060418,-3.49431063728e-05,1.00419317276,4.03669026169,1,0,0,-0,0,0.9,5.8
1,fragile,200,pre,99.8110974736,-0.000220020909132,1.0264025091,4.23102195459,1,0,0,-0,0,0.9,5.8
1,fragile,201,pre,99.8094275762,-1.67307179077e-05,1.00200768615,4.0175672538,1,0,0,-0,0,0.9,5.8
1,fragile,202,pre,99.8252180535,0.000158193757285,1.01898325087,4.16610344515,1,0,0,-0,0,0.9,5.8
1,fragile,203,pre,99.8124951226,-0.000127460194753,1.01529522337,4.13383320449,1,0,0,-0,0,0.9,5.8
1,fragile,204,pre,99.8419438513,0.000294996986131,1.03539963834,4.30974683544,1,0,0,-0,0,0.9,5.8
1,fragile,205,pre,99.8857074502,0.000438232756522,1.05258793078,4.46014439435,1,0,0,-0,0,0.9,5.8
1,fragile,206,pre,99.9236344544,0.000379631945748,1.04555583349,4.39861354304,1,0,0,-0,0,0.9,5.8
1,fragile,207,pre,99.9174315591,-6.20782841608e-05,1.0074493941,4.06518219837,1,0,0,-0,0,0.9,5.8
1,fragile,208,pre,99.9692886022,0.000518864326144,1.06226371914,4.54480754245,1,0,0,-0,0,0.9,5.8
1,fragile,209,pre,99.9773240259,8.03756927522e-05,1.00964508313,4.08439447739,1,0,0,-0,0,0.9,5.8
1,fragile,210,pre,99.9621517106,-0.000151769081397,1.01821228977,4.15935753547,1,0,0,-0,0,0.9,5.8
1,fragile,211,pre,99.9477003522,-0.000144578751589,1.01734945019,4.15180768917,1,0,0,-0,0,0.9,5.8
1,fragile,212,pre,99.9342268239,-0.00013481487335,1.0161777848,4.14155561702,1,0,0,-0,0,0.9,5.8
1,fragile,213,pre,99.9343546785,1.27938655885e-06,1.00015352639,4.00134335589,1,0,0,-0,0,0.9,5.8
1,fragile,214,pre,99.8829092634,-0.000514924638475,1.06179095662,4.5406708704,1,0,0,-0,0,0.9,5.8
1,fragile,215,pre,99.964753707,0.000819068353795,1.09828820246,4.86002177149,1,0,0,-0,0,0.9,5.8
1,fragile,216,pre,99.9475511307,-0.000172101225974,1.02065214712,4.18070628727,1,0,0,-0,0,0.9,5.8
1,fragile,217,pre,99.9294351309,-0.000181271492551,1.02175257911,4.19033506718,1,0,0,-0,0,0.9,5.8
1,fragile,218,pre,99.9321555123,2.72226526111e-05,1.00326671831,4.02858378524,1,0,0,-0,0,0.9,5.8
1,fragile,219,pre,99.9617579675,0.000296181659246,1.03554179911,4.31099074221,1,0,0,-0,0,0.9,5.8
1,fragile,220,pre,100.002111711,0.000403610356808,1.04843324282,4.42379087465,1,0,0,-0,0,0.9,5.8
1,fragile,221,pre,100.011693045,9.58067244626e-05,1.01149680694,4.10059706069,1,0,0,-0,0,0.9,5.8
1,fragile,222,pre,100.047040427,0.000353370051246,1.04240440615,4.37103855381,1,0,0,-0,0,0.9,5.8
1,fragile,223,pre,100.042894906,-4.1436580009e-05,1.0049723896,4.04350840901,1,0,0,-0,0,0.9,5.8
1,fragile,224,pre,100.027794644,-0.000150949268805,1.01811391226,4.15849673225,1,0,0,-0,0,0.9,5.8
1,fragile,225,pre,100.042493689,0.000146938808514,1.01763265702,4.15428574894,1,0,0,-0,0,0.9,5.8
1,fragile,226,pre,100.037359087,-5.13255285727e-05,1.00615906343,4.053891805,1,0,0,-0,0,0.9,5.8
1,fragile,227,pre,100.013640255,-0.000237127849452,1.02845534193,4.24898424192,1,0,0,-0,0,0.9,5.8
1,fragile,228,pre,99.9864101792,-0.000272300691065,1.03267608293,4.28591572562,1,0,0,-0,0,0.9,5.8
1,fragile,229,pre,100.007570338,0.000211607959423,1.02539295513,4.22218835739,1,0,0,-0,0,0.9,5.8
1,fragile,230,pre,100.060254029,0.00052665831927,1.06319899831,4.55299123523,1,0,0,-0,0,0.9,5.8
1,fragile,231,pre,100.136235477,0.000759068774669,1.09108825296,4.7970222134,1,0,0,-0,0,0.9,5.8
1,fragile,232,pre,100.112237552,-0.00023968148377,1.02876177805,4.25166555796,1,0,0,-0,0,0.9,5.8
1,fragile,233,pre,100.117628916,5.38517497326e-05,1.00646220997,4.05654433722,1,0,0,-0,0,0.9,5.8
1,fragile,234,pre,100.132516234,0.000148687208193,1.01784246498,4.1561215686,1,0,0,-0,0,0.9,5.8
1,fragile,235,pre,100.054004996,-0.000784380898386,1.09412570781,4.82359994331,1,0,0,-0,0,0.9,5.8
1,fragile,236,pre,100.019663374,-0.000343289780337,1.04119477364,4.36045426935,1,0,0,-0,0,0.9,5.8
1,fragile,237,pre,100.002152814,-0.0001750865018,1.02101038022,4.18384082689,1,0,0,-0,0,0.9,5.8
1,fragile,238,pre,99.997818515,-4.33429916758e-05,1.005201159,4.04551014126,1,0,0,-0,0,0.9,5.8
1,fragile,239,pre,100.005109654,7.29103235241e-05,1.00874923882,4.0765558397,1,0,0,-0,0,0.9,5.8
1,fragile,240,post,99.682642836,-0.00322971333446,1.60356560013,9.79119900118,1,-0.347826086957,0,-0,-0.24,0.9,5.8
1,fragile,241,post,99.3688432661,-0.00315295138964,1.59435416676,9.71059895912,1,-0.347826086957,0,-0,-0.24,0.9,5.8
1,fragile,242,post,99.0647088173,-0.00306535546742,1.58384265609,9.61862324079,1,-0.347826086957,0,-0,-0.24,0.9,5.8
1,fragile,243,post,98.7136075249,-0.0035504565688,1.64205478826,10.1279793972,1,-0.347826086957,0,-0,-0.24,0.9,5.8
1,fragile,244,post,98.4714450464,-0.00245619632054,1.51074355846,8.97900613656,1,-0.347826086957,0,-0,-0.24,0.9,5.8
1,fragile,245,post,98.547913272,0.000776250923471,1.09315011082,4.81506346964,1,0,0,-0,0,0.9,5.8
1,fragile,246,post,98.6847836636,0.00138790794596,1.16654895351,5.45730334325,1,0,0,-0,0,0.9,5.8
1,fragile,247,post,98.750278351,0.000663455508953,1.07961466107,4.6966282844,1,0,0,-0,0,0.9,5.8
1,fragile,248,post,98.8485200375,0.000994355182494,1.1193226219,5.04407294162,1,0,0,-0,0,0.9,5.8
1,fragile,249,post,98.8879190798,0.000398500579572,1.04782006955,4.41842560855,1,0,0,-0,0,0.9,5.8
1,fragile,250,post,98.9416167512,0.000542868106517,1.06514417278,4.57001151184,1,0,0,-0,0,0.9,5.8
1,fragile,251,post,99.0318231867,0.000911298422065,1.10935581065,4.95686334317,1,0,0,-0,0,0.9,5.8
1,fragile,252,post,99.1024871043,0.000713293124433,1.08559517493,4.74895778065,1,0,0,-0,0,0.9,5.8
1,fragile,253,post,99.1225307755,0.000202231499198,1.0242677799,4.21234307416,1,0,0,-0,0,0.9,5.8
1,fragile,254,post,99.1794853209,0.000574422268039,1.06893067216,4.60314338144,1,0,0,-0,0,0.9,5.8
1,fragile,255,post,99.2299102183,0.000508291438159,1.06099497258,4.53370601007,1,0,0,-0,0,0.9,5.8
1,fragile,256,post,99.2676005597,0.000379756317208,1.04557075806,4.39874413307,1,0,0,-0,0,0.9,5.8
1,fragile,257,post,99.356697904,0.000897144518028,1.10765734216,4.94200174393,1,0,0,-0,0,0.9,5.8
1,fragile,258,post,99.4319646775,0.000757254223566,1.09087050683,4.79511693474,1,0,0,-0,0,0.9,5.8
1,fragile,259,post,99.4869068865,0.000552408225093,1.06628898701,4.58002863635,1,0,0,-0,0,0.9,5.8
1,fragile,260,post,99.5389131637,0.000522608355928,1.06271300271,4.54873877372,1,0,0,-0,0,0.9,5.8
1,fragile,261,post,99.4921363189,-0.00047004571159,1.05640548539,4.49354799717,1,0,0,-0,0,0.9,5.8
1,fragile,262,post,99.5539673726,0.00062127371089,1.07455284531,4.65233739643,1,0,0,-0,0,0.9,5.8
1,fragile,263,post,99.6222337578,0.000685487397262,1.08225848767,4.71976176712,1,0,0,-0,0,0.9,5.8
1,fragile,264,post,99.683890744,0.00061871644255,1.07424597311,4.64965226468,1,0,0,-0,0,0.9,5.8
1,fragile,265,post,99.7409737786,0.000572476619154,1.0686971943,4.60110045011,1,0,0,-0,0,0.9,5.8
1,fragile,266,post,99.7548408039,0.000139020714732,1.01668248577,4.14597175047,1,0,0,-0,0,0.9,5.8
1,fragile,267,post,99.7714796945,0.000166783916795,1.02001407002,4.17512311263,1,0,0,-0,0,0.9,5.8
1,fragile,268,post,99.7453883881,-0.000261544868504,1.03138538422,4.27462211193,1,0,0,-0,0,0.9,5.8
1,fragile,269,post,99.761085583,0.000157360255718,1.01888323069,4.1652282685,1,0,0,-0,0,0.9,5.8
1,fragile,270,post,99.7821810496,0.000211437519935,1.02537250239,4.22200939593,1,0,0,-0,0,0.9,5.8
1,fragile,271,post,99.8366695663,0.000545925576825,1.06551106922,4.57322185567,1,0,0,-0,0,0.9,5.8
1,fragile,272,post,99.7985970637,-0.000381420615012,1.0457704738,4.40049164576,1,0,0,-0,0,0.9,5.8
1,fragile,273,post,99.8188007335,0.000202423938369,1.0242908726,4.21254513529,1,0,0,-0,0,0.9,5.8
1,fragile,274,post,99.8415149507,0.000227528611608,1.02730343339,4.23890504219,1,0,0,-0,0,0.9,5.8
1,fragile,275,post,99.9028476339,0.000614111801497,1.07369341618,4.64481739157,1,0,0,-0,0,0.9,5.8
1,fragile,276,post,99.8948021737,-8.05360840905e-05,1.00966433009,4.0845628883,1,0,0,-0,0,0.9,5.8
1,fragile,277,post,99.9131416804,0.000183571346778,1.02202856161,4.19274991412,1,0,0,-0,0,0.9,5.8
1,fragile,278,post,99.9128397905,-3.0215276224e-06,1.00036258331,4.003172604,1,0,0,-0,0,0.9,5.8
1,fragile,279,post,99.9538539567,0.000410415222676,1.04924982672,4.43093598381,1,0,0,-0,0,0.9,5.8
1,fragile,280,post,100.020748626,0.000669031680093,1.08028380161,4.7024832641,1,0,0,-0,0,0.9,5.8
1,fragile,281,post,100.005823143,-0.000149235002863,1.01790820034,4.15669675301,1,0,0,-0,0,0.9,5.8
1,fragile,282,post,100.05218021,0.000463436265605,1.05561235187,4.48660807889,1,0,0,-0,0,0.9,5.8
1,fragile,283,post,100.036063051,-0.000161100501486,1.01933206018,4.16915552656,1,0,0,-0,0,0.9,5.8
1,fragile,284,post,100.04293553,6.86976482496e-05,1.00824371779,4.07213253066,1,0,0,-0,0,0.9,5.8
1,fragile,285,post,100.050347994,7.4090083872e-05,1.00889081006,4.07779458807,1,0,0,-0,0,0.9,5.8
1,fragile,286,post,100.006080002,-0.000442555060987,1.05310660732,4.46468281404,1,0,0,-0,0,0.9,5.8
1,fragile,287,post,100.048559993,0.000424683888911,1.05096206667,4.44591808336,1,0,0,-0,0,0.9,5.8
1,fragile,288,post,100.068580417,0.000200087045786,1.02401044549,4.21009139807,1,0,0,-0,0,0.9,5.8
1,fragile,289,post,100.065218115,-3.3600531891e-05,1.00403206383,4.03528055849,1,0,0,-0,0,0.9,5.8
1,fragile,290,post,100.069933381,4.71208128511e-05,1.00565449754,4.04947685349,1,0,0,-0,0,0.9,5.8
1,fragile,291,post,100.116926184,0.000469489399063,1.05633872789,4.49296386902,1,0,0,-0,0,0.9,5.8
1,fragile,292,post,100.093860931,-0.000230409698186,1.02764916378,4.2419301831,1,0,0,-0,0,0.9,5.8
1,fragile,293,post,100.017300814,-0.000765175917606,1.09182111011,4.80343471349,1,0,0,-0,0,0.9,5.8
1,fragile,294,post,99.9970420678,-0.000202572932389,1.02430875189,4.21270157901,1,0,0,-0,0,0.9,5.8
1,fragile,295,post,100.042235851,0.000451849104034,1.05422189248,4.47444155924,1,0,0,-0,0,0.9,5.8
1,fragile,296,post,100.074140869,0.000318864637239,1.03826375647,4.3348078691,1,0,0,-0,0,0.9,5.8
1,fragile,297,post,100.096049122,0.000218896261677,1.0262675514,4.22984107476,1,0,0,-0,0,0.9,5.8
1,fragile,298,post,100.111695813,0.000156304555515,1.01875654666,4.16411978329,1,0,0,-0,0,0.9,5.8
1,fragile,299,post,100.092605538,-0.000190707945111,1.02288495341,4.20024334237,1,0,0,-0,0,0.9,5.8
1,fragile,300,post,100.11543158,0.000228023234923,1.02736278819,4.23942439667,1,0,0,-0,0,0.9,5.8
1,fragile,301,post,100.059300495,-0.000560820900292,1.06729850804,4.58886194531,1,0,0,-0,0,0.9,5.8
1,fragile,302,post,100.047892128,-0.000114022557639,1.01368270692,4.11972368552,1,0,0,-0,0,0.9,5.8
1,fragile,303,post,100.039348159,-8.54024388373e-05,1.01024829266,4.08967256078,1,0,0,-0,0,0.9,5.8
1,fragile,304,post,100.07837335,0.000390022345858,1.0468026815,4.40952346315,1,0,0,-0,0,0.9,5.8
1,fragile,305,post,100.038200266,-0.000401496818121,1.04817961817,4.42157165903,1,0,0,-0,0,0.9,5.8
1,fragile,306,post,100.01858763,-0.000196070688241,1.02352848259,4.20587422265,1,0,0,-0,0,0.9,5.8
1,fragile,307,post,100.011035305,-7.55120723345e-05,1.00906144868,4.07928767595,1,0,0,-0,0,0.9,5.8
1,fragile,308,post,100.039610383,0.000285678444907,1.03428141339,4.29996236715,1,0,0,-0,0,0.9,5.8
1,fragile,309,post,100.043811124,4.19898942007e-05,1.0050387873,4.04408938891,1,0,0,-0,0,0.9,5.8
1,fragile,310,post,100.071053042,0.000272262809816,1.03267153718,4.28587595031,1,0,0,-0,0,0.9,5.8
1,fragile,311,post,100.074020307,2.96511489333e-05,1.00355813787,4.03113370638,1,0,0,-0,0,0.9,5.8
1,fragile,312,post,100.046567936,-0.000274358288543,1.03292299463,4.28807620297,1,0,0,-0,0,0.9,5.8
1,fragile,313,post,100.014964941,-0.00031593275963,1.03791193116,4.33172939761,1,0,0,-0,0,0.9,5.8
1,fragile,314,post,100.022605497,7.63912115136e-05,1.00916694538,4.08021077209,1,0,0,-0,0,0.9,5.8
1,fragile,315,post,100.07334239,0.000507125660015,1.0608550792,4.53248194302,1,0,0,-0,0,0.9,5.8
1,fragile,316,post,100.051147291,-0.000221812932346,1.02661755188,4.23290357896,1,0,0,-0,0,0.9,5.8
1,fragile,317,post,100.052329917,1.18201528076e-05,1.00141841834,4.01241116045,1,0,0,-0,0,0.9,5.8
1,fragile,318,post,100.067356312,0.00015017407236,1.01802088868,4.15768277598,1,0,0,-0,0,0.9,5.8
1,fragile,319,post,100.077287512,9.9240228582e-05,1.01190882743,4.10420224001,1,0,0,-0,0,0.9,5.8
1,fragile,320,post,100.046199334,-0.000310689949316,1.03728279392,4.32622444678,1,0,0,-0,0,0.9,5.8
1,fragile,321,post,100.01733313,-0.000288570376679,1.0346284452,4.30299889551,1,0,0,-0,0,0.9,5.8
1,fragile,322,post,99.9910255631,-0.000263064672523,1.0315677607,4.27621790615,1,0,0,-0,0,0.9,5.8
1,fragile,323,post,99.9753263422,-0.000157018625625,1.01884223507,4.16486955691,1,0,0,-0,0,0.9,5.8
1,fragile,324,post,100.005329934,0.000300064937951,1.03600779255,4.31506818485,1,0,0,-0,0,0.9,5.8
1,fragile,325,post,99.9849078086,-0.000204231219442,1.02450774633,4.21444278041,1,0,0,-0,0,0.9,5.8
1,fragile,326,post,100.005062765,0.000201559668266,1.02418716019,4.21163765168,1,0,0,-0,0,0.9,5.8
1,fragile,327,post,99.9403060067,-0.000647744537407,1.07772934449,4.68013176428,1,0,0,-0,0,0.9,5.8
1,fragile,328,post,99.9654288061,0.000251346461401,1.03016157537,4.26391378447,1,0,0,-0,0,0.9,5.8
1,fragile,329,post,99.9957666168,0.000303436983057,1.03641243797,4.31860883221,1,0,0,-0,0,0.9,5.8
1,fragile,330,post,99.9828066619,-0.000129613435245,1.01555361223,4.13609410701,1,0,0,-0,0,0.9,5.8
1,fragile,331,post,99.9554707016,-0.000273443993111,1.03281327917,4.28711619277,1,0,0,-0,0,0.9,5.8
1,fragile,332,post,100.00858598,0.000531248267349,1.06374979208,4.55781068072,1,0,0,-0,0,0.9,5.8
1,fragile,333,post,99.96533784,-0.000432537798281,1.05190453579,4.4541646882,1,0,0,-0,0,0.9,5.8
1,fragile,334,post,99.9244189208,-0.000409414873835,1.04912978486,4.42988561753,1,0,0,-0,0,0.9,5.8
1,fragile,335,post,99.9844266587,0.000600351020735,1.07204212249,4.63036857177,1,0,0,-0,0,0.9,5.8
1,fragile,336,post,99.9341430093,-0.000503041318699,1.06036495824,4.52819338463,1,0,0,-0,0,0.9,5.8
1,fragile,337,post,99.8941993061,-0.000399780163709,1.04797361965,4.41976917189,1,0,0,-0,0,0.9,5.8
1,fragile,338,post,99.9508851749,0.000567298118898,1.06807577427,4.59566302484,1,0,0,-0,0,0.9,5.8
1,fragile,339,post,99.9498692478,-1.01643140046e-05,1.00121971768,4.0106725297,1,0,0,-0,0,0.9,5.8
1,fragile,340,post,99.9484954806,-1.37446570597e-05,1.00164935885,4.01443188991,1,0,0,-0,0,0.9,5.8
1,fragile,341,post,99.924050854,-0.000244602144678,1.02935225736,4.25683225191,1,0,0,-0,0,0.9,5.8
1,fragile,342,post,99.918269828,-5.78558731609e-05,1.00694270478,4.06074866682,1,0,0,-0,0,0.9,5.8
1,fragile,343,post,99.9232545029,4.98862778676e-05,1.00598635334,4.05238059176,1,0,0,-0,0,0.9,5.8
1,fragile,344,post,99.935140763,0.000118946818199,1.01427361818,4.12489415911,1,0,0,-0,0,0.9,5.8
1,fragile,345,post,99.9389884564,3.85011647558e-05,1.00462013977,4.04042622299,1,0,0,-0,0,0.9,5.8
1,fragile,346,post,99.9858533183,0.000468824807825,1.05625897694,4.49226604822,1,0,0,-0,0,0.9,5.8
1,fragile,347,post,99.950411414,-0.00035453202775,1.04254384333,4.37225862914,1,0,0,-0,0,0.9,5.8
1,fragile,348,post,99.9247200643,-0.00025707400014,1.03084888002,4.26992770015,1,0,0,-0,0,0.9,5.8
1,fragile,349,post,99.9338478388,9.13423386289e-05,1.01096108064,4.09590945556,1,0,0,-0,0,0.9,5.8
1,fragile,350,post,99.9033198012,-0.000305529128837,1.03666349546,4.32080558528,1,0,0,-0,0,0.9,5.8
1,fragile,351,post,99.9418096426,0.000385196697071,1.04622360365,4.40445653192,1,0,0,-0,0,0.9,5.8
1,fragile,352,post,99.9780584747,0.00036263361737,1.04351603408,4.38076529824,1,0,0,-0,0,0.9,5.8
1,fragile,353,post,99.9841599238,6.10260197479e-05,1.00732312237,4.06407732074,1,0,0,-0,0,0.9,5.8
1,fragile,354,post,99.9736921041,-0.000104700261617,1.01256403139,4.1099352747,1,0,0,-0,0,0.9,5.8
1,fragile,355,post,99.9908812601,0.000171922012935,1.02063064155,4.18051811358,1,0,0,-0,0,0.9,5.8
1,fragile,356,post,99.9872462945,-3.63536312363e-05,1.00436243575,4.0381713128,1,0,0,-0,0,0.9,5.8
1,fragile,357,post,100.038723375,0.000514703986469,1.06176447838,4.54043918579,1,0,0,-0,0,0.9,5.8
1,fragile,358,post,100.018681994,-0.000200356307866,1.02404275694,4.21037412326,1,0,0,-0,0,0.9,5.8
1,fragile,359,post,100.04653187,0.000278407978988,1.03340895748,4.29232837794,1,0,0,-0,0,0.9,5.8
1,fragile,360,post,100.077861619,0.000313102754991,1.0375723306,4.32875789274,1,0,0,-0,0,0.9,5.8
2,stable,0,pre,100,0,1,4,1,0,0,0,0,0.42,1.8
2,stable,1,pre,99.9796884672,-0.000203135959128,1.0243763151,4.21329275708,1,0,0,-0,0,0.42,1.8
2,stable,2,pre,99.9367091176,-0.000429973236108,1.05159678833,4.45147189791,1,0,0,-0,0,0.42,1.8
2,stable,3,pre,99.9836965365,0.000470061269141,1.0564073523,4.4935643326,1,0,0,-0,0,0.42,1.8
2,stable,4,pre,99.9856719246,1.97569061406e-05,1.00237082874,4.02074475145,1,0,0,-0,0,0.42,1.8
2,stable,5,pre,100.002234216,0.000165632933468,1.01987595202,4.17391458014,1,0,0,-0,0,0.42,1.8
2,stable,6,pre,100.036102716,0.000338620091482,1.04063441098,4.35555109606,1,0,0,-0,0,0.42,1.8
2,stable,7,pre,100.060668225,0.000245536286088,1.02946435433,4.25781310039,1,0,0,-0,0,0.42,1.8
2,stable,8,pre,100.033125238,-0.000275300763629,1.03303609164,4.28906580181,1,0,0,-0,0,0.42,1.8
2,stable,9,pre,100.02773838,-5.38521943477e-05,1.00646226332,4.05654480407,1,0,0,-0,0,0.42,1.8
2,stable,10,pre,100.003129815,-0.00024604767439,1.02952572093,4.25835005811,1,0,0,-0,0,0.42,1.8
2,stable,11,pre,99.9944741482,-8.65577033217e-05,1.0103869244,4.09088558849,1,0,0,-0,0,0.42,1.8
2,stable,12,pre,100.036424369,0.000419437414838,1.05033248978,4.44040928558,1,0,0,-0,0,0.42,1.8
2,stable,13,pre,100.035773126,-6.51008260179e-06,1.00078120991,4.00683558673,1,0,0,-0,0,0.42,1.8
2,stable,14,pre,99.9799031352,-0.000558656132994,1.06703873596,4.58658893964,1,0,0,-0,0,0.42,1.8
2,stable,15,pre,99.9780786932,-1.82482535905e-05,1.00218979043,4.01916066627,1,0,0,-0,0,0.42,1.8
2,stable,16,pre,99.9506186515,-0.000274698351936,1.03296380223,4.28843326953,1,0,0,-0,0,0.42,1.8
2,stable,17,pre,100.007381526,0.000567747989966,1.0681297588,4.59613538946,1,0,0,-0,0,0.42,1.8
2,stable,18,pre,100.048710566,0.000413174527701,1.04958094332,4.43383325409,1,0,0,-0,0,0.42,1.8
2,stable,19,pre,100.025557682,-0.000231442899248,1.02777314791,4.24301504421,1,0,0,-0,0,0.42,1.8
2,stable,20,pre,99.994148481,-0.000314061069944,1.03768732839,4.32976412344,1,0,0,-0,0,0.42,1.8
2,stable,21,pre,100.042641176,0.000484837770954,1.05818053251,4.5090796595,1,0,0,-0,0,0.42,1.8
2,stable,22,pre,100.014318333,-0.000283147787646,1.03397773452,4.29730517703,1,0,0,-0,0,0.42,1.8
2,stable,23,pre,100.04590304,0.000315751996413,1.03789023957,4.33153959623,1,0,0,-0,0,0.42,1.8
2,stable,24,pre,100.066787843,0.000208730425879,1.02504765111,4.21916694717,1,0,0,-0,0,0.42,1.8
2,stable,25,pre,100.043217585,-0.000235573017939,1.02826876215,4.24735166884,1,0,0,-0,0,0.42,1.8
2,stable,26,pre,100.059771196,0.00016545091753,1.0198541101,4.17372346341,1,0,0,-0,0,0.42,1.8
2,stable,27,pre,100.078771919,0.000189875701577,1.02278508419,4.19936948666,1,0,0,-0,0,0.42,1.8
2,stable,28,pre,100.060720103,-0.000180392349244,1.02164708191,4.18941196671,1,0,0,-0,0,0.42,1.8
2,stable,29,pre,100.069169931,8.44434401138e-05,1.01013321281,4.08866561212,1,0,0,-0,0,0.42,1.8
2,stable,30,pre,100.045171778,-0.000239844407858,1.02878132894,4.25183662825,1,0,0,-0,0,0.42,1.8
2,stable,31,pre,100.016229389,-0.000289335065238,1.03472020783,4.3038018185,1,0,0,-0,0,0.42,1.8
2,stable,32,pre,99.9824994905,-0.000337301132128,1.04047613586,4.35416618873,1,0,0,-0,0,0.42,1.8
2,stable,33,pre,99.9734787212,-9.02275532135e-05,1.01082730639,4.09473893087,1,0,0,-0,0,0.42,1.8
2,stable,34,pre,99.9461952992,-0.000272943844463,1.03275326134,4.28659103669,1,0,0,-0,0,0.42,1.8
2,stable,35,pre,99.9656893478,0.000195026411276,1.02340316935,4.20477773184,1,0,0,-0,0,0.42,1.8
2,stable,36,pre,99.9479574149,-0.000177395923249,1.02128751079,4.18626571941,1,0,0,-0,0,0.42,1.8
2,stable,37,pre,99.9469218052,-1.03615432607e-05,1.00124338519,4.01087962042,1,0,0,-0,0,0.42,1.8
2,stable,38,pre,99.9532108016,6.29213835348e-05,1.00755056602,4.06606745271,1,0,0,-0,0,0.42,1.8
2,stable,39,pre,99.8971935571,-0.000560591770633,1.06727101248,4.58862135916,1,0,0,-0,0,0.42,1.8
2,stable,40,pre,99.9390072179,0.000418479347304,1.05021752168,4.43940331467,1,0,0,-0,0,0.42,1.8
2,stable,41,pre,99.942448441,3.44326404198e-05,1.00413191685,4.03615427244,1,0,0,-0,0,0.42,1.8
2,stable,42,pre,99.9729085968,0.000304730525982,1.03656766312,4.31996705228,1,0,0,-0,0,0.42,1.8
2,stable,43,pre,100.016529197,0.000436229051922,1.05234748623,4.45804050452,1,0,0,-0,0,0.42,1.8
2,stable,44,pre,100.045722826,0.000291845446514,1.03502145358,4.30643771884,1,0,0,-0,0,0.42,1.8
2,stable,45,pre,100.096007067,0.000502486336201,1.06029836034,4.52761065301,1,0,0,-0,0,0.42,1.8
2,stable,46,pre,100.090696959,-5.30515568177e-05,1.00636618682,4.05570413466,1,0,0,-0,0,0.42,1.8
2,stable,47,pre,100.127931023,0.000371934071627,1.0446320886,4.39053077521,1,0,0,-0,0,0.42,1.8
2,stable,48,pre,100.092365295,-0.00035526596607,1.04263191593,4.37302926437,1,0,0,-0,0,0.42,1.8
2,stable,49,pre,100.039358052,-0.000529723562998,1.06356682756,4.55620974115,1,0,0,-0,0,0.42,1.8
2,stable,50,pre,99.9844743554,-0.000548771583878,1.06585259007,4.57621016307,1,0,0,-0,0,0.42,1.8
2,stable,51,pre,100.046108725,0.000616249479165,1.0739499375,4.64706195312,1,0,0,-0,0,0.42,1.8
2,stable,52,pre,100.026963533,-0.000191381998,1.02296583976,4.2009510979,1,0,0,-0,0,0.42,1.8
2,stable,53,pre,100.079070178,0.000520790363494,1.06249484362,4.54682988167,1,0,0,-0,0,0.42,1.8
2,stable,54,pre,100.059442192,-0.000196144025351,1.02353728304,4.20595122662,1,0,0,-0,0,0.42,1.8
2,stable,55,pre,100.087758829,0.000282958116242,1.03395497395,4.29710602205,1,0,0,-0,0,0.42,1.8
2,stable,56,pre,100.087749877,-8.94415484276e-08,1.00001073299,4.00009391363,1,0,0,-0,0,0.42,1.8
2,stable,57,pre,100.040805384,-0.000469143385014,1.0562972062,4.49260055426,1,0,0,-0,0,0.42,1.8
2,stable,58,pre,100.09875034,0.00057904552569,1.06948546308,4.60799780197,1,0,0,-0,0,0.42,1.8
2,stable,59,pre,100.109967449,0.000112054151922,1.01344649823,4.11765685952,1,0,0,-0,0,0.42,1.8
2,stable,60,pre,100.118730749,8.75329107165e-05,1.01050394929,4.09190955625,1,0,0,-0,0,0.42,1.8
2,stable,61,pre,100.058872969,-0.000598046743224,1.07176560919,4.62794908039,1,0,0,-0,0,0.42,1.8
2,stable,62,pre,100.054832571,-4.03810216878e-05,1.0048457226,4.04240007277,1,0,0,-0,0,0.42,1.8
2,stable,63,pre,100.042621522,-0.000122051013148,1.01464612158,4.1281535638,1,0,0,-0,0,0.42,1.8
2,stable,64,pre,99.9645258356,-0.000780928999184,1.0937114799,4.81997544914,1,0,0,-0,0,0.42,1.8
2,stable,65,pre,99.9288223962,-0.000357224890644,1.04286698688,4.37508613518,1,0,0,-0,0,0.42,1.8
2,stable,66,pre,99.9249878806,-3.83732051084e-05,1.00460478461,4.04029186536,1,0,0,-0,0,0.42,1.8
2,stable,67,pre,99.8779574545,-0.000470768104799,1.05649217258,4.49430651004,1,0,0,-0,0,0.42,1.8
2,stable,68,pre,99.8129898575,-0.000650681468011,1.07808177616,4.68321554141,1,0,0,-0,0,0.42,1.8
2,stable,69,pre,99.7561119731,-0.000570006933719,1.06840083205,4.59850728041,1,0,0,-0,0,0.42,1.8
2,stable,70,pre,99.7955286422,0.000395052323358,1.0474062788,4.41480493953,1,0,0,-0,0,0.42,1.8
2,stable,71,pre,99.7819474287,-0.000136099662022,1.01633195944,4.14290464512,1,0,0,-0,0,0.42,1.8
2,stable,72,pre,99.787706062,5.77105108843e-05,1.00692526131,4.06059603643,1,0,0,-0,0,0.42,1.8
2,stable,73,pre,99.8336936457,0.00046074804103,1.05528976492,4.48378544308,1,0,0,-0,0,0.42,1.8
2,stable,74,pre,99.807038921,-0.000267026918377,1.03204323021,4.2803782643,1,0,0,-0,0,0.42,1.8
2,stable,75,pre,99.7743097081,-0.000327978675816,1.0393574411,4.34437760961,1,0,0,-0,0,0.42,1.8
2,stable,76,pre,99.81319508,0.000389657383289,1.04675888599,4.40914025245,1,0,0,-0,0,0.42,1.8
2,stable,77,pre,99.7822536266,-0.000310041675161,1.03720500102,4.32554375892,1,0,0,-0,0,0.42,1.8
2,stable,78,pre,99.7545461518,-0.00027771794537,1.03332615344,4.29160384264,1,0,0,-0,0,0.42,1.8
2,stable,79,pre,99.7698281209,0.000153183982513,1.0183820779,4.16084318164,1,0,0,-0,0,0.42,1.8
2,stable,80,pre,99.7706534119,8.27191598029e-06,1.00099262992,4.00868551178,1,0,0,-0,0,0.42,1.8
2,stable,81,pre,99.7766734458,6.03369033796e-05,1.00724042841,4.06335374855,1,0,0,-0,0,0.42,1.8
2,stable,82,pre,99.7772888713,6.1680104312e-06,1.00074016125,4.00647641095,1,0,0,-0,0,0.42,1.8
2,stable,83,pre,99.8021057826,0.00024869212054,1.02984305446,4.26112672657,1,0,0,-0,0,0.42,1.8
2,stable,84,pre,99.8480608259,0.000460355680686,1.05524268168,4.48337346472,1,0,0,-0,0,0.42,1.8
2,stable,85,pre,99.8497683452,1.71010297344e-05,1.00205212357,4.01795608122,1,0,0,-0,0,0.42,1.8
2,stable,86,pre,99.8207376619,-0.000290785895645,1.03489430748,4.30532519043,1,0,0,-0,0,0.42,1.8
2,stable,87,pre,99.805252913,-0.000155137604698,1.01861651256,4.16289448493,1,0,0,-0,0,0.42,1.8
2,stable,88,pre,99.8217891876,0.000165671689248,1.01988060271,4.17395527371,1,0,0,-0,0,0.42,1.8
2,stable,89,pre,99.8797078285,0.000580052161783,1.06960625941,4.60905476987,1,0,0,-0,0,0.42,1.8
2,stable,90,pre,99.9214943745,0.000418281232792,1.05019374793,4.43919529443,1,0,0,-0,0,0.42,1.8
2,stable,91,pre,99.9218253903,3.31275390172e-06,1.00039753047,4.0034783916,1,0,0,-0,0,0.42,1.8
2,stable,92,pre,99.912754886,-9.0780127395e-05,1.01089361529,4.09531913376,1,0,0,-0,0,0.42,1.8
2,stable,93,pre,99.9284037145,0.000156612668125,1.01879352017,4.16444330153,1,0,0,-0,0,0.42,1.8
2,stable,94,pre,100.001870932,0.000734928422065,1.08819141065,4.77167484317,1,0,0,-0,0,0.42,1.8
2,stable,95,pre,99.9586399231,-0.000432395468246,1.05188745619,4.45401524166,1,0,0,-0,0,0.42,1.8
2,stable,96,pre,99.9857144805,0.000270820924741,1.03249851097,4.28436197098,1,0,0,-0,0,0.42,1.8
2,stable,97,pre,99.9582251859,-0.000274970021648,1.0329964026,4.28871852273,1,0,0,-0,0,0.42,1.8
2,stable,98,pre,99.9279705609,-0.000302718505513,1.03632622066,4.31785443079,1,0,0,-0,0,0.42,1.8
2,stable,99,pre,99.9445642318,0.000166042532121,1.01992510385,4.17434465873,1,0,0,-0,0,0.42,1.8
2,stable,100,pre,100.002157245,0.000576083611986,1.06913003344,4.60488779259,1,0,0,-0,0,0.42,1.8
2,stable,101,pre,99.9745874409,-0.000275730102829,1.03308761234,4.28951660797,1,0,0,-0,0,0.42,1.8
2,stable,102,pre,99.9767810447,2.19413728216e-05,1.00263296474,4.02303844146,1,0,0,-0,0,0.42,1.8
2,stable,103,pre,99.968038189,-8.74526857214e-05,1.01049432229,4.09182532001,1,0,0,-0,0,0.42,1.8
2,stable,104,pre,99.9815114532,0.000134766637466,1.0161719965,4.14150496934,1,0,0,-0,0,0.42,1.8
2,stable,105,pre,99.977407487,-4.10480932131e-05,1.00492577119,4.04310049787,1,0,0,-0,0,0.42,1.8
2,stable,106,pre,100.021322803,0.000439155951548,1.05269871419,4.46111374913,1,0,0,-0,0,0.42,1.8
2,stable,107,pre,100.002773561,-0.000185470068403,1.02225640821,4.19474357182,1,0,0,-0,0,0.42,1.8
2,stable,108,pre,99.9748096715,-0.000279670246073,1.03356042953,4.29365375838,1,0,0,-0,0,0.42,1.8
2,stable,109,pre,99.9945880088,0.000197813640819,1.0237376369,4.20770432286,1,0,0,-0,0,0.42,1.8
2,stable,110,pre,100.025684561,0.000310934007404,1.03731208089,4.32648070777,1,0,0,-0,0,0.42,1.8
2,stable,111,pre,100.021623221,-4.06037979464e-05,1.00487245575,4.04263398784,1,0,0,-0,0,0.42,1.8
2,stable,112,pre,99.9606747918,-0.000609538258721,1.07314459105,4.64001517166,1,0,0,-0,0,0.42,1.8
2,stable,113,pre,99.9457741157,-0.000149076492063,1.01788917905,4.15653031667,1,0,0,-0,0,0.42,1.8
2,stable,114,pre,99.9851945328,0.000394340284685,1.04732083416,4.41405729892,1,0,0,-0,0,0.42,1.8
2,stable,115,pre,99.993499381,8.3057330663e-05,1.00996687968,4.0872101972,1,0,0,-0,0,0.42,1.8
2,stable,116,pre,99.9677976498,-0.000257067059749,1.03084804717,4.26992041274,1,0,0,-0,0,0.42,1.8
2,stable,117,pre,99.934614274,-0.000331995755415,1.03983949065,4.34859554319,1,0,0,-0,0,0.42,1.8
2,stable,118,pre,99.9744136259,0.000398174638134,1.04778095658,4.41808337004,1,0,0,-0,0,0.42,1.8
2,stable,119,pre,99.964076183,-0.000103406231396,1.01240874777,4.10857654297,1,0,0,-0,0,0.42,1.8
2,stable,120,pre,99.9546681322,-9.41187469228e-05,1.01129424963,4.09882468427,1,0,0,-0,0,0.42,1.8
2,stable,121,pre,100.011369921,0.000567114207245,1.06805370487,4.59546991761,1,0,0,-0,0,0.42,1.8
2,stable,122,pre,99.9671938703,-0.000441807869802,1.05301694438,4.46389826329,1,0,0,-0,0,0.42,1.8
2,stable,123,pre,99.959095552,-8.10130411048e-05,1.00972156493,4.08506369316,1,0,0,-0,0,0.42,1.8
2,stable,124,pre,99.9439544877,-0.000151484074997,1.018178089,4.15905827875,1,0,0,-0,0,0.42,1.8
2,stable,125,pre,99.9699671636,0.000260238765415,1.03122865185,4.27325070369,1,0,0,-0,0,0.42,1.8
2,stable,126,pre,99.9851227566,0.000151589969721,1.01819079637,4.15916946821,1,0,0,-0,0,0.42,1.8
2,stable,127,pre,99.9121967196,-0.00072963499854,1.08755619982,4.76611674847,1,0,0,-0,0,0.42,1.8
2,stable,128,pre,99.9176804258,5.48837470108e-05,1.00658604964,4.05762793436,1,0,0,-0,0,0.42,1.8
2,stable,129,pre,99.9498814685,0.000322223802491,1.0386668563,4.33833499262,1,0,0,-0,0,0.42,1.8
2,stable,130,pre,99.9475212019,-2.36147792504e-05,1.00283377351,4.02479551821,1,0,0,-0,0,0.42,1.8
2,stable,131,pre,99.9441607072,-3.36231573614e-05,1.00403477888,4.03530431523,1,0,0,-0,0,0.42,1.8
2,stable,132,pre,99.9754577186,0.00031309595228,1.03757151427,4.32875074989,1,0,0,-0,0,0.42,1.8
2,stable,133,pre,100.009854257,0.000343990646754,1.04127887761,4.36119017909,1,0,0,-0,0,0.42,1.8
2,stable,134,pre,99.9679371899,-0.000419217224495,1.05030606694,4.44017808572,1,0,0,-0,0,0.42,1.8
2,stable,135,pre,100.005307762,0.000373755723927,1.04485068687,4.39244351012,1,0,0,-0,0,0.42,1.8
2,stable,136,pre,99.9859918074,-0.000193167949281,1.02318015391,4.20282634675,1,0,0,-0,0,0.42,1.8
2,stable,137,pre,99.9704016318,-0.000155935755343,1.01871229064,4.16373254311,1,0,0,-0,0,0.42,1.8
2,stable,138,pre,99.9061867073,-0.000642545755378,1.07710549065,4.67467304315,1,0,0,-0,0,0.42,1.8
2,stable,139,pre,99.8787905697,-0.000274256234391,1.03291074813,4.28796904611,1,0,0,-0,0,0.42,1.8
2,stable,140,pre,99.8747434296,-4.05213372097e-05,1.00486256047,4.04254740407,1,0,0,-0,0,0.42,1.8
2,stable,141,pre,99.8696365407,-5.11342429293e-05,1.00613610915,4.05369095508,1,0,0,-0,0,0.42,1.8
2,stable,142,pre,99.9142426885,0.000446544021941,1.05358528263,4.46887122304,1,0,0,-0,0,0.42,1.8
2,stable,143,pre,99.9379421932,0.000237170335292,1.02846044023,4.24902885206,1,0,0,-0,0,0.42,1.8
2,stable,144,pre,99.9706323698,0.000327051272881,1.03924615275,4.34340383652,1,0,0,-0,0,0.42,1.8
2,stable,145,pre,99.9863452754,0.000157162863479,1.01885954362,4.16502100665,1,0,0,-0,0,0.42,1.8
2,stable,146,pre,100.051940652,0.000655828247884,1.07869938975,4.68861966028,1,0,0,-0,0,0.42,1.8
2,stable,147,pre,100.028793291,-0.000231380216426,1.02776562597,4.24294922725,1,0,0,-0,0,0.42,1.8
2,stable,148,pre,100.05838787,0.000295816844113,1.03549802129,4.31060768632,1,0,0,-0,0,0.42,1.8
2,stable,149,pre,100.058913447,5.25269102799e-06,1.00063032292,4.00551532558,1,0,0,-0,0,0.42,1.8
2,stable,150,pre,100.105229115,0.00046277688782,1.05553322654,4.48591573221,1,0,0,-0,0,0.42,1.8
2,stable,151,pre,100.102220634,-3.00536434383e-05,1.00360643721,4.03155632561,1,0,0,-0,0,0.42,1.8
2,stable,152,pre,100.085294469,-0.000169103106256,1.02029237275,4.17755826157,1,0,0,-0,0,0.42,1.8
2,stable,153,pre,100.062859137,-0.000224187243753,1.02690246925,4.23539660594,1,0,0,-0,0,0.42,1.8
2,stable,154,pre,100.059782961,-3.07429120638e-05,1.00368914945,4.03228005767,1,0,0,-0,0,0.42,1.8
2,stable,155,pre,100.033256978,-0.000265136489984,1.0318163788,4.27839331448,1,0,0,-0,0,0.42,1.8
2,stable,156,pre,100.035978707,2.72078763951e-05,1.00326494517,4.02856827021,1,0,0,-0,0,0.42,1.8
2,stable,157,pre,100.021944248,-0.000140303955865,1.0168364747,4.14731915366,1,0,0,-0,0,0.42,1.8
2,stable,158,pre,99.9926005957,-0.000293415189879,1.03520982279,4.30808594937,1,0,0,-0,0,0.42,1.8
2,stable,159,pre,99.9278797508,-0.000647465903622,1.07769590843,4.6798391988,1,0,0,-0,0,0.42,1.8
2,stable,160,pre,99.9209974453,-6.88750975063e-05,1.0082650117,4.07231885238,1,0,0,-0,0,0.42,1.8
2,stable,161,pre,99.9220533577,1.05674169793e-05,1.00126809004,4.01109578783,1,0,0,-0,0,0.42,1.8
2,stable,162,pre,99.9827895606,0.000607651158355,1.072918139,4.63803371627,1,0,0,-0,0,0.42,1.8
2,stable,163,pre,99.9889635905,6.17490205876e-05,1.00740988247,4.06483647162,1,0,0,-0,0,0.42,1.8
2,stable,164,pre,100.008295097,0.000193317712001,1.02319812544,4.2029835976,1,0,0,-0,0,0.42,1.8
2,stable,165,pre,100.063477412,0.000551625209684,1.06619502516,4.57920647017,1,0,0,-0,0,0.42,1.8
2,stable,166,pre,100.068364196,4.88356499548e-05,1.00586027799,4.05127743245,1,0,0,-0,0,0.42,1.8
2,stable,167,pre,100.04246284,-0.000258870114906,1.03106441379,4.27181362065,1,0,0,-0,0,0.42,1.8
2,stable,168,pre,99.9934379491,-0.000490160933039,1.05881931196,4.51466897969,1,0,0,-0,0,0.42,1.8
2,stable,169,pre,99.9729706816,-0.000204707058387,1.02456484701,4.21494241131,1,0,0,-0,0,0.42,1.8
2,stable,170,pre,100.02294297,0.000499733101883,1.05996797223,4.52471975698,1,0,0,-0,0,0.42,1.8
2,stable,171,pre,100.022770623,-1.72307060018e-06,1.00020676847,4.00180922413,1,0,0,-0,0,0.42,1.8
2,stable,172,pre,100.031367148,8.59419853011e-05,1.01031303824,4.09023908457,1,0,0,-0,0,0.42,1.8
2,stable,173,pre,100.019366547,-0.000119975573335,1.0143970688,4.125974352,1,0,0,-0,0,0.42,1.8
2,stable,174,pre,100.031620941,0.000122512699092,1.01470152389,4.12863833405,1,0,0,-0,0,0.42,1.8
2,stable,175,pre,100.01921055,-0.000124072367532,1.0148886841,4.13027598591,1,0,0,-0,0,0.42,1.8
2,stable,176,pre,100.014114164,-5.0955375419e-05,1.00611464505,4.05350314419,1,0,0,-0,0,0.42,1.8
2,stable,177,pre,99.9858816947,-0.000282324699705,1.03387896396,4.29644093469,1,0,0,-0,0,0.42,1.8
2,stable,178,pre,100.014460948,0.000285792047613,1.03429504571,4.30008164999,1,0,0,-0,0,0.42,1.8
2,stable,179,pre,99.991678306,-0.000227819429654,1.02733833156,4.23921040114,1,0,0,-0,0,0.42,1.8
2,stable,180,pre,99.9816608079,-0.000100188336388,1.01202260037,4.10519775321,1,0,0,-0,0,0.42,1.8
2,stable,181,pre,99.9333060092,-0.000483753672685,1.05805044072,4.50794135632,1,0,0,-0,0,0.42,1.8
2,stable,182,pre,99.9659392976,0.000326497368248,1.03917968419,4.34282223666,1,0,0,-0,0,0.42,1.8
2,stable,183,pre,99.9536996759,-0.000122445416508,1.01469344998,4.12856768733,1,0,0,-0,0,0.42,1.8
2,stable,184,pre,99.996474622,0.000427856058675,1.05134272704,4.44924886161,1,0,0,-0,0,0.42,1.8
2,stable,185,pre,99.9394555415,-0.000570373539608,1.06844482475,4.59889221659,1,0,0,-0,0,0.42,1.8
2,stable,186,pre,99.9767517248,0.00037311816096,1.04477417932,4.39177406901,1,0,0,-0,0,0.42,1.8
2,stable,187,pre,99.9160409944,-0.000607432929342,1.07289195152,4.63780457581,1,0,0,-0,0,0.42,1.8
2,stable,188,pre,99.9375944983,0.000215692888803,1.02588314666,4.22647753324,1,0,0,-0,0,0.42,1.8
2,stable,189,pre,99.9200072996,-0.000175997296201,1.02111967554,4.18479716101,1,0,0,-0,0,0.42,1.8
2,stable,190,pre,99.8976060835,-0.000224216632468,1.0269059959,4.23542746409,1,0,0,-0,0,0.42,1.8
2,stable,191,pre,99.8507342368,-0.000469309006104,1.05631708073,4.49277445641,1,0,0,-0,0,0.42,1.8
2,stable,192,pre,99.8049969862,-0.000458161167099,1.05497934005,4.48106922545,1,0,0,-0,0,0.42,1.8
2,stable,193,pre,99.8440674849,0.000391391758202,1.04696701098,4.41096134611,1,0,0,-0,0,0.42,1.8
2,stable,194,pre,99.8343310228,-9.75214354975e-05,1.01170257226,4.10239750727,1,0,0,-0,0,0.42,1.8
2,stable,195,pre,99.8473512264,0.000130409594161,1.0156491513,4.13693007387,1,0,0,-0,0,0.42,1.8
2,stable,196,pre,99.8331269562,-0.000142470314129,1.0170964377,4.14959382984,1,0,0,-0,0,0.42,1.8
2,stable,197,pre,99.8554068294,0.000223146245307,1.02677754944,4.23430355757,1,0,0,-0,0,0.42,1.8
2,stable,198,pre,99.8365489562,-0.00018886963291,1.02266435595,4.19831311456,1,0,0,-0,0,0.42,1.8
2,stable,199,pre,99.833060418,-3.49431063728e-05,1.00419317276,4.03669026169,1,0,0,-0,0,0.42,1.8
2,stable,200,pre,99.8110974736,-0.000220020909132,1.0264025091,4.23102195459,1,0,0,-0,0,0.42,1.8
2,stable,201,pre,99.8094275762,-1.67307179077e-05,1.00200768615,4.0175672538,1,0,0,-0,0,0.42,1.8
2,stable,202,pre,99.8252180535,0.000158193757285,1.01898325087,4.16610344515,1,0,0,-0,0,0.42,1.8
2,stable,203,pre,99.8124951226,-0.000127460194753,1.01529522337,4.13383320449,1,0,0,-0,0,0.42,1.8
2,stable,204,pre,99.8419438513,0.000294996986131,1.03539963834,4.30974683544,1,0,0,-0,0,0.42,1.8
2,stable,205,pre,99.8857074502,0.000438232756522,1.05258793078,4.46014439435,1,0,0,-0,0,0.42,1.8
2,stable,206,pre,99.9236344544,0.000379631945748,1.04555583349,4.39861354304,1,0,0,-0,0,0.42,1.8
2,stable,207,pre,99.9174315591,-6.20782841608e-05,1.0074493941,4.06518219837,1,0,0,-0,0,0.42,1.8
2,stable,208,pre,99.9692886022,0.000518864326144,1.06226371914,4.54480754245,1,0,0,-0,0,0.42,1.8
2,stable,209,pre,99.9773240259,8.03756927522e-05,1.00964508313,4.08439447739,1,0,0,-0,0,0.42,1.8
2,stable,210,pre,99.9621517106,-0.000151769081397,1.01821228977,4.15935753547,1,0,0,-0,0,0.42,1.8
2,stable,211,pre,99.9477003522,-0.000144578751589,1.01734945019,4.15180768917,1,0,0,-0,0,0.42,1.8
2,stable,212,pre,99.9342268239,-0.00013481487335,1.0161777848,4.14155561702,1,0,0,-0,0,0.42,1.8
2,stable,213,pre,99.9343546785,1.27938655885e-06,1.00015352639,4.00134335589,1,0,0,-0,0,0.42,1.8
2,stable,214,pre,99.8829092634,-0.000514924638475,1.06179095662,4.5406708704,1,0,0,-0,0,0.42,1.8
2,stable,215,pre,99.964753707,0.000819068353795,1.09828820246,4.86002177149,1,0,0,-0,0,0.42,1.8
2,stable,216,pre,99.9475511307,-0.000172101225974,1.02065214712,4.18070628727,1,0,0,-0,0,0.42,1.8
2,stable,217,pre,99.9294351309,-0.000181271492551,1.02175257911,4.19033506718,1,0,0,-0,0,0.42,1.8
2,stable,218,pre,99.9321555123,2.72226526111e-05,1.00326671831,4.02858378524,1,0,0,-0,0,0.42,1.8
2,stable,219,pre,99.9617579675,0.000296181659246,1.03554179911,4.31099074221,1,0,0,-0,0,0.42,1.8
2,stable,220,pre,100.002111711,0.000403610356808,1.04843324282,4.42379087465,1,0,0,-0,0,0.42,1.8
2,stable,221,pre,100.011693045,9.58067244626e-05,1.01149680694,4.10059706069,1,0,0,-0,0,0.42,1.8
2,stable,222,pre,100.047040427,0.000353370051246,1.04240440615,4.37103855381,1,0,0,-0,0,0.42,1.8
2,stable,223,pre,100.042894906,-4.1436580009e-05,1.0049723896,4.04350840901,1,0,0,-0,0,0.42,1.8
2,stable,224,pre,100.027794644,-0.000150949268805,1.01811391226,4.15849673225,1,0,0,-0,0,0.42,1.8
2,stable,225,pre,100.042493689,0.000146938808514,1.01763265702,4.15428574894,1,0,0,-0,0,0.42,1.8
2,stable,226,pre,100.037359087,-5.13255285727e-05,1.00615906343,4.053891805,1,0,0,-0,0,0.42,1.8
2,stable,227,pre,100.013640255,-0.000237127849452,1.02845534193,4.24898424192,1,0,0,-0,0,0.42,1.8
2,stable,228,pre,99.9864101792,-0.000272300691065,1.03267608293,4.28591572562,1,0,0,-0,0,0.42,1.8
2,stable,229,pre,100.007570338,0.000211607959423,1.02539295513,4.22218835739,1,0,0,-0,0,0.42,1.8
2,stable,230,pre,100.060254029,0.00052665831927,1.06319899831,4.55299123523,1,0,0,-0,0,0.42,1.8
2,stable,231,pre,100.136235477,0.000759068774669,1.09108825296,4.7970222134,1,0,0,-0,0,0.42,1.8
2,stable,232,pre,100.112237552,-0.00023968148377,1.02876177805,4.25166555796,1,0,0,-0,0,0.42,1.8
2,stable,233,pre,100.117628916,5.38517497326e-05,1.00646220997,4.05654433722,1,0,0,-0,0,0.42,1.8
2,stable,234,pre,100.132516234,0.000148687208193,1.01784246498,4.1561215686,1,0,0,-0,0,0.42,1.8
2,stable,235,pre,100.054004996,-0.000784380898386,1.09412570781,4.82359994331,1,0,0,-0,0,0.42,1.8
2,stable,236,pre,100.019663374,-0.000343289780337,1.04119477364,4.36045426935,1,0,0,-0,0,0.42,1.8
2,stable,237,pre,100.002152814,-0.0001750865018,1.02101038022,4.18384082689,1,0,0,-0,0,0.42,1.8
2,stable,238,pre,99.997818515,-4.33429916758e-05,1.005201159,4.04551014126,1,0,0,-0,0,0.42,1.8
2,stable,239,pre,100.005109654,7.29103235241e-05,1.00874923882,4.0765558397,1,0,0,-0,0,0.42,1.8
2,stable,240,post,99.3840430311,-0.00622971333446,2.17956560013,15.3411990012,1,-0.516129032258,0,-0,-0.48,0.42,1.8
2,stable,241,post,98.7803419164,-0.00609295138964,2.16315416676,15.1975989591,1,-0.516129032258,0,-0,-0.48,0.42,1.8
2,stable,242,post,98.2049931719,-0.00584155546742,2.13298665609,14.9336332408,1,-0.516129032258,0,-0,-0.48,0.42,1.8
2,stable,243,post,97.6011063066,-0.0061682325688,2.17218790826,15.2766441972,1,-0.516129032258,0,-0,-0.48,0.42,1.8
2,stable,244,post,97.1216560414,-0.00492444980054,2.02293397606,13.9706722906,1,-0.516129032258,0,-0,-0.48,0.42,1.8
2,stable,245,post,97.2624858379,0.00144898467307,1.17387816077,5.52143390672,1,0,0,-0,0,0.42,1.8
2,stable,246,post,97.470224267,0.00213357589236,1.25602910708,6.24025468698,1,0,0,-0,0,0.42,1.8
2,stable,247,post,97.6039148365,0.0013706644152,1.16447972982,5.43919763596,1,0,0,-0,0,0.42,1.8
2,stable,248,post,97.7662010893,0.00166132153249,1.1993585839,5.74438760911,1,0,0,-0,0,0.42,1.8
2,stable,249,post,97.8666952824,0.00102737529085,1.1232850349,5.07874405539,1,0,0,-0,0,0.42,1.8
2,stable,250,post,97.9779175315,0.00113582150132,1.13629858016,5.19261257638,1,0,0,-0,0,0.42,1.8
2,stable,251,post,98.1220884782,0.00147038213408,1.17644585609,5.54390124078,1,0,0,-0,0,0.42,1.8
2,stable,252,post,98.2438787388,0.00124044179338,1.14885301521,5.30246388305,1,0,0,-0,0,0.42,1.8
2,stable,253,post,98.3126016888,0.00069926926485,1.08391231178,4.73423272809,1,0,0,-0,0,0.42,1.8
2,stable,254,post,98.4152020236,0.00104306907497,1.125168289,5.09522252871,1,0,0,-0,0,0.42,1.8
2,stable,255,post,98.5087575362,0.000950168987149,1.11402027846,4.99767743651,1,0,0,-0,0,0.42,1.8
2,stable,256,post,98.5872405354,0.000796393676976,1.09556724124,4.83621336082,1,0,0,-0,0,0.42,1.8
2,stable,257,post,98.7144985034,0.00128998341639,1.15479800997,5.35448258721,1,0,0,-0,0,0.42,1.8
2,stable,258,post,98.8258770926,0.00112765403636,1.13531848436,5.18403673818,1,0,0,-0,0,0.42,1.8
2,stable,259,post,98.9150236954,0.000901650680194,1.10819808162,4.9467332142,1,0,0,-0,0,0.42,1.8
2,stable,260,post,98.9993255021,0.000851901968478,1.10222823622,4.8944970669,1,0,0,-0,0,0.42,1.8
2,stable,261,post,98.9835302856,-0.000159561457219,1.01914737487,4.16753953008,1,0,0,-0,0,0.42,1.8
2,stable,262,post,99.0740448692,0.000914023003734,1.10968276045,4.95972415392,1,0,0,-0,0,0.42,1.8
2,stable,263,post,99.1693518374,0.000961514755346,1.11538177064,5.00959049311,1,0,0,-0,0,0.42,1.8
2,stable,264,post,99.25655774,0.000878977028223,1.10547724339,4.92292587963,1,0,0,-0,0,0.42,1.8
2,stable,265,post,99.3377700097,0.00081787103558,1.09814452427,4.85876458736,1,0,0,-0,0,0.42,1.8
2,stable,266,post,99.3745713483,0.000370398122331,1.04444777468,4.38891802845,1,0,0,-0,0,0.42,1.8
2,stable,267,post,99.4128324536,0.000384944971667,1.0461933966,4.40419222025,1,0,0,-0,0,0.42,1.8
2,stable,268,post,99.4072808748,-5.58452439947e-05,1.00670142928,4.05863750619,1,0,0,-0,0,0.42,1.8
2,stable,269,post,99.4422098066,0.000351310250816,1.0421572301,4.36887576336,1,0,0,-0,0,0.42,1.8
2,stable,270,post,99.4814284994,0.000394309028273,1.04731708339,4.41402447969,1,0,0,-0,0,0.42,1.8
2,stable,271,post,99.5529167971,0.000718351405169,1.08620216862,4.75426897543,1,0,0,-0,0,0.42,1.8
2,stable,272,post,99.5311326416,-0.000218843806027,1.02626125672,4.22978599633,1,0,0,-0,0,0.42,1.8
2,stable,273,post,99.5665435873,0.000355714307182,1.04268571686,4.37350002254,1,0,0,-0,0,0.42,1.8
2,stable,274,post,99.603595505,0.00037206298473,1.04464755817,4.39066613397,1,0,0,-0,0,0.42,1.8
2,stable,275,post,99.6783651291,0.000750390324249,1.09004683891,4.78790984046,1,0,0,-0,0,0.42,1.8
2,stable,276,post,99.6831456352,4.79581651465e-05,1.00575497982,4.0503560734,1,0,0,-0,0,0.42,1.8
2,stable,277,post,99.7135263064,0.000304725962734,1.03656711553,4.31996226087,1,0,0,-0,0,0.42,1.8
2,stable,278,post,99.7246163332,0.000111212697291,1.01334552367,4.11677333216,1,0,0,-0,0,0.42,1.8
2,stable,279,post,99.7762994734,0.000518124351532,1.06217492218,4.54403056911,1,0,0,-0,0,0.42,1.8
2,stable,280,post,99.8532155667,0.0007705884285,1.09247061142,4.80911784993,1,0,0,-0,0,0.42,1.8
2,stable,281,post,99.8478756385,-5.34792089336e-05,1.00641750507,4.05615316938,1,0,0,-0,0,0.42,1.8
2,stable,282,post,99.9031789595,0.000553722457462,1.0664466949,4.58140858034,1,0,0,-0,0,0.42,1.8
2,stable,283,post,99.8955894549,-7.59714862535e-05,1.00911657835,4.07977006057,1,0,0,-0,0,0.42,1.8
2,stable,284,post,99.9104714165,0.000148964066462,1.01787568798,4.15641226979,1,0,0,-0,0,0.42,1.8
2,stable,285,post,99.9254362941,0.000149771658187,1.01797259898,4.1572602411,1,0,0,-0,0,0.42,1.8
2,stable,286,post,99.888351211,-0.000371196442795,1.04454357314,4.38975626494,1,0,0,-0,0,0.42,1.8
2,stable,287,post,99.9375050215,0.000491966479637,1.05903597756,4.51656480362,1,0,0,-0,0,0.42,1.8
2,stable,288,post,99.9638446661,0.000263526433061,1.03162317197,4.27670275471,1,0,0,-0,0,0.42,1.8
2,stable,289,post,99.9664652704,2.62151769633e-05,1.00314582124,4.02752593581,1,0,0,-0,0,0.42,1.8
2,stable,290,post,99.9768143174,0.000103519828974,1.01242237948,4.10869582042,1,0,0,-0,0,0.42,1.8
2,stable,291,post,100.029082546,0.000522666885053,1.06272002621,4.54880022931,1,0,0,-0,0,0.42,1.8
2,stable,292,post,100.011051956,-0.00018026972748,1.0216323673,4.18928321385,1,0,0,-0,0,0.42,1.8
2,stable,293,post,99.9392797912,-0.000717899958324,1.086147995,4.75379495624,1,0,0,-0,0,0.42,1.8
2,stable,294,post,99.9234908931,-0.000157997391267,1.01895968695,4.16589726083,1,0,0,-0,0,0.42,1.8
2,stable,295,post,99.9728531429,0.000493878475759,1.05926541709,4.51857239955,1,0,0,-0,0,0.42,1.8
2,stable,296,post,100.008699164,0.00035849327759,1.04301919331,4.37641794147,1,0,0,-0,0,0.42,1.8
2,stable,297,post,100.034330807,0.000256261301211,1.03075135615,4.26907436627,1,0,0,-0,0,0.42,1.8
2,stable,298,post,100.053492747,0.000191535291845,1.02298423502,4.20111205644,1,0,0,-0,0,0.42,1.8
2,stable,299,post,100.037736603,-0.000157489599891,1.01889875199,4.16536407989,1,0,0,-0,0,0.42,1.8
2,stable,300,post,100.063684168,0.000259344137467,1.0311212965,4.27231134434,1,0,0,-0,0,0.42,1.8
2,stable,301,post,100.010535547,-0.000531289057882,1.06375468695,4.55785351078,1,0,0,-0,0,0.42,1.8
2,stable,302,post,100.001917253,-8.6177583666e-05,1.01034131004,4.09048646285,1,0,0,-0,0,0.42,1.8
2,stable,303,post,99.9960025162,-5.91479788277e-05,1.00709775746,4.06210537777,1,0,0,-0,0,0.42,1.8
2,stable,304,post,100.037487175,0.000414777142578,1.04977325711,4.43551599971,1,0,0,-0,0,0.42,1.8
2,stable,305,post,99.9996645488,-0.000378156023436,1.04537872281,4.39706382461,1,0,0,-0,0,0.42,1.8
2,stable,306,post,99.9822598092,-0.000174063127335,1.02088757528,4.1827662837,1,0,0,-0,0,0.42,1.8
2,stable,307,post,99.9767847716,-5.47615904599e-05,1.00657139086,4.05749966998,1,0,0,-0,0,0.42,1.8
2,stable,308,post,100.007306709,0.000305243652513,1.0366292383,4.32050583514,1,0,0,-0,0,0.42,1.8
2,stable,309,post,100.013351086,6.04375307884e-05,1.00725250369,4.06345940733,1,0,0,-0,0,0.42,1.8
2,stable,310,post,100.04232482,0.000289656711406,1.03475880537,4.30413954698,1,0,0,-0,0,0.42,1.8
2,stable,311,post,100.046932026,4.60515052107e-05,1.00552618063,4.04835408047,1,0,0,-0,0,0.42,1.8
2,stable,312,post,100.021033756,-0.000258894725946,1.03106736711,4.27183946224,1,0,0,-0,0,0.42,1.8
2,stable,313,post,99.9908967101,-0.000301352480756,1.03616229769,4.31642010479,1,0,0,-0,0,0.42,1.8
2,stable,314,post,99.9999101618,9.01386601198e-05,1.01081663921,4.09464559313,1,0,0,-0,0,0.42,1.8
2,stable,315,post,100.051932427,0.000520087849888,1.06241054199,4.54609224238,1,0,0,-0,0,0.42,1.8
2,stable,316,post,100.030964625,-0.000209591146971,1.02515093764,4.22007070432,1,0,0,-0,0,0.42,1.8
2,stable,317,post,100.033299758,2.33438258293e-05,1.0028012591,4.02451101712,1,0,0,-0,0,0.42,1.8
2,stable,318,post,100.049410368,0.000161039509433,1.01932474113,4.16909148491,1,0,0,-0,0,0.42,1.8
2,stable,319,post,100.060364881,0.000109485028358,1.0131382034,4.11495927978,1,0,0,-0,0,0.42,1.8
2,stable,320,post,100.030248209,-0.000301030335833,1.0361236403,4.31608185262,1,0,0,-0,0,0.42,1.8
2,stable,321,post,100.002297409,-0.000279462523458,1.03353550281,4.29343564963,1,0,0,-0,0,0.42,1.8
2,stable,322,post,99.9768523557,-0.000254477062838,1.03053724754,4.26720091598,1,0,0,-0,0,0.42,1.8
2,stable,323,post,99.9619647571,-0.000148921542996,1.01787058516,4.15636762015,1,0,0,-0,0,0.42,1.8
2,stable,324,post,99.9927277376,0.000307699512587,1.03692394151,4.32308448822,1,0,0,-0,0,0.42,1.8
2,stable,325,post,99.9730278379,-0.00019703273419,1.0236439281,4.2068843709,1,0,0,-0,0,0.42,1.8
2,stable,326,post,99.9938590857,0.000208346973701,1.02500163684,4.21876432239,1,0,0,-0,0,0.42,1.8
2,stable,327,post,99.9297490921,-0.000641344925065,1.07696139101,4.67341217132,1,0,0,-0,0,0.42,1.8
2,stable,328,post,99.9554723737,0.000257380525806,1.0308856631,4.2702495521,1,0,0,-0,0,0.42,1.8
2,stable,329,post,99.9863760233,0.000309126379742,1.03709516557,4.32458269873,1,0,0,-0,0,0.42,1.8
2,stable,330,post,99.9739535859,-0.000124249018748,1.01490988225,4.13046146968,1,0,0,-0,0,0.42,1.8
2,stable,331,post,99.9471255773,-0.000268385993827,1.03220631926,4.28180529352,1,0,0,-0,0,0.42,1.8
2,stable,332,post,100.000713332,0.000536017352069,1.06432208225,4.56281821967,1,0,0,-0,0,0.42,1.8
2,stable,333,post,99.9579180735,-0.00042804112523,1.05136493503,4.44944318149,1,0,0,-0,0,0.42,1.8
2,stable,334,post,99.9174258226,-0.00040517505221,1.04862100627,4.42543380482,1,0,0,-0,0,0.42,1.8
2,stable,335,post,99.9778290357,0.000604348662371,1.07252183948,4.63456609549,1,0,0,-0,0,0.42,1.8
2,stable,336,post,99.9279253615,-0.000499272023653,1.05991264284,4.52423562484,1,0,0,-0,0,0.42,1.8
2,stable,337,post,99.8883391452,-0.000396226172021,1.04754714064,4.41603748062,1,0,0,-0,0,0.42,1.8
2,stable,338,post,99.9453566035,0.000570649105426,1.06847789265,4.5991815607,1,0,0,-0,0,0.42,1.8
2,stable,339,post,99.944656515,-7.00473691688e-06,1.00084056843,4.00735497376,1,0,0,-0,0,0.42,1.8
2,stable,340,post,99.943580561,-1.07655560423e-05,1.00129186673,4.01130383384,1,0,0,-0,0,0.42,1.8
2,stable,341,post,99.9194178031,-0.000241793210879,1.02901518531,4.25388287142,1,0,0,-0,0,0.42,1.8
2,stable,342,post,99.9139016654,-5.52073865734e-05,1.00662488639,4.0579677559,1,0,0,-0,0,0.42,1.8
2,stable,343,post,99.9191356406,5.23834820403e-05,1.00628601784,4.05500265614,1,0,0,-0,0,0.42,1.8
2,stable,344,post,99.9312567049,0.000121301381258,1.01455616575,4.12736645032,1,0,0,-0,0,0.42,1.8
2,stable,345,post,99.9353261119,4.07212344074e-05,1.00488654813,4.04275729613,1,0,0,-0,0,0.42,1.8
2,stable,346,post,99.9823985452,0.000470918066377,1.05651016797,4.4944639697,1,0,0,-0,0,0.42,1.8
2,stable,347,post,99.9471551301,-0.000352558336808,1.04230700042,4.37018625365,1,0,0,-0,0,0.42,1.8
2,stable,348,post,99.9216505668,-0.000255213047065,1.03062556565,4.26797369942,1,0,0,-0,0,0.42,1.8
2,stable,349,post,99.930953405,9.30969934588e-05,1.01117163922,4.09775184313,1,0,0,-0,0,0.42,1.8
2,stable,350,post,99.9005915298,-0.000303874700461,1.03646496406,4.31906843548,1,0,0,-0,0,0.42,1.8
2,stable,351,post,99.9392362179,0.00038675662396,1.04641079488,4.40609445516,1,0,0,-0,0,0.42,1.8
2,stable,352,post,99.975631163,0.000364104440728,1.04369253289,4.38230966276,1,0,0,-0,0,0.42,1.8
2,stable,353,post,99.9818711197,6.24128291978e-05,1.0074895395,4.06553347066,1,0,0,-0,0,0.42,1.8
2,stable,354,post,99.9715342618,-0.000103392667173,1.01240712006,4.10856230053,1,0,0,-0,0,0.42,1.8
2,stable,355,post,99.9888463233,0.000173154917159,1.02077859006,4.18181266302,1,0,0,-0,0,0.42,1.8
2,stable,356,post,99.9853276626,-3.51911509025e-05,1.00422293811,4.03695070845,1,0,0,-0,0,0.42,1.8
2,stable,357,post,100.036913404,0.000515800065548,1.06189600787,4.54159006883,1,0,0,-0,0,0.42,1.8
2,stable,358,post,100.01697575,-0.00019932283718,1.02391874046,4.20928897904,1,0,0,-0,0,0.42,1.8
2,stable,359,post,100.044922638,0.000279382417492,1.0335258901,4.29335153837,1,0,0,-0,0,0.42,1.8
2,stable,360,post,100.076343831,0.000314021533251,1.03768258399,4.32972260991,1,0,0,-0,0,0.42,1.8
2,fragile,0,pre,100,0,1,4,1,0,0,0,0,0.9,5.8
2,fragile,1,pre,99.9796884672,-0.000203135959128,1.0243763151,4.21329275708,1,0,0,-0,0,0.9,5.8
2,fragile,2,pre,99.9367091176,-0.000429973236108,1.05159678833,4.45147189791,1,0,0,-0,0,0.9,5.8
2,fragile,3,pre,99.9836965365,0.000470061269141,1.0564073523,4.4935643326,1,0,0,-0,0,0.9,5.8
2,fragile,4,pre,99.9856719246,1.97569061406e-05,1.00237082874,4.02074475145,1,0,0,-0,0,0.9,5.8
2,fragile,5,pre,100.002234216,0.000165632933468,1.01987595202,4.17391458014,1,0,0,-0,0,0.9,5.8
2,fragile,6,pre,100.036102716,0.000338620091482,1.04063441098,4.35555109606,1,0,0,-0,0,0.9,5.8
2,fragile,7,pre,100.060668225,0.000245536286088,1.02946435433,4.25781310039,1,0,0,-0,0,0.9,5.8
2,fragile,8,pre,100.033125238,-0.000275300763629,1.03303609164,4.28906580181,1,0,0,-0,0,0.9,5.8
2,fragile,9,pre,100.02773838,-5.38521943477e-05,1.00646226332,4.05654480407,1,0,0,-0,0,0.9,5.8
2,fragile,10,pre,100.003129815,-0.00024604767439,1.02952572093,4.25835005811,1,0,0,-0,0,0.9,5.8
2,fragile,11,pre,99.9944741482,-8.65577033217e-05,1.0103869244,4.09088558849,1,0,0,-0,0,0.9,5.8
2,fragile,12,pre,100.036424369,0.000419437414838,1.05033248978,4.44040928558,1,0,0,-0,0,0.9,5.8
2,fragile,13,pre,100.035773126,-6.51008260179e-06,1.00078120991,4.00683558673,1,0,0,-0,0,0.9,5.8
2,fragile,14,pre,99.9799031352,-0.000558656132994,1.06703873596,4.58658893964,1,0,0,-0,0,0.9,5.8
2,fragile,15,pre,99.9780786932,-1.82482535905e-05,1.00218979043,4.01916066627,1,0,0,-0,0,0.9,5.8
2,fragile,16,pre,99.9506186515,-0.000274698351936,1.03296380223,4.28843326953,1,0,0,-0,0,0.9,5.8
2,fragile,17,pre,100.007381526,0.000567747989966,1.0681297588,4.59613538946,1,0,0,-0,0,0.9,5.8
2,fragile,18,pre,100.048710566,0.000413174527701,1.04958094332,4.43383325409,1,0,0,-0,0,0.9,5.8
2,fragile,19,pre,100.025557682,-0.000231442899248,1.02777314791,4.24301504421,1,0,0,-0,0,0.9,5.8
2,fragile,20,pre,99.994148481,-0.000314061069944,1.03768732839,4.32976412344,1,0,0,-0,0,0.9,5.8
2,fragile,21,pre,100.042641176,0.000484837770954,1.05818053251,4.5090796595,1,0,0,-0,0,0.9,5.8
2,fragile,22,pre,100.014318333,-0.000283147787646,1.03397773452,4.29730517703,1,0,0,-0,0,0.9,5.8
2,fragile,23,pre,100.04590304,0.000315751996413,1.03789023957,4.33153959623,1,0,0,-0,0,0.9,5.8
2,fragile,24,pre,100.066787843,0.000208730425879,1.02504765111,4.21916694717,1,0,0,-0,0,0.9,5.8
2,fragile,25,pre,100.043217585,-0.000235573017939,1.02826876215,4.24735166884,1,0,0,-0,0,0.9,5.8
2,fragile,26,pre,100.059771196,0.00016545091753,1.0198541101,4.17372346341,1,0,0,-0,0,0.9,5.8
2,fragile,27,pre,100.078771919,0.000189875701577,1.02278508419,4.19936948666,1,0,0,-0,0,0.9,5.8
2,fragile,28,pre,100.060720103,-0.000180392349244,1.02164708191,4.18941196671,1,0,0,-0,0,0.9,5.8
2,fragile,29,pre,100.069169931,8.44434401138e-05,1.01013321281,4.08866561212,1,0,0,-0,0,0.9,5.8
2,fragile,30,pre,100.045171778,-0.000239844407858,1.02878132894,4.25183662825,1,0,0,-0,0,0.9,5.8
2,fragile,31,pre,100.016229389,-0.000289335065238,1.03472020783,4.3038018185,1,0,0,-0,0,0.9,5.8
2,fragile,32,pre,99.9824994905,-0.000337301132128,1.04047613586,4.35416618873,1,0,0,-0,0,0.9,5.8
2,fragile,33,pre,99.9734787212,-9.02275532135e-05,1.01082730639,4.09473893087,1,0,0,-0,0,0.9,5.8
2,fragile,34,pre,99.9461952992,-0.000272943844463,1.03275326134,4.28659103669,1,0,0,-0,0,0.9,5.8
2,fragile,35,pre,99.9656893478,0.000195026411276,1.02340316935,4.20477773184,1,0,0,-0,0,0.9,5.8
2,fragile,36,pre,99.9479574149,-0.000177395923249,1.02128751079,4.18626571941,1,0,0,-0,0,0.9,5.8
2,fragile,37,pre,99.9469218052,-1.03615432607e-05,1.00124338519,4.01087962042,1,0,0,-0,0,0.9,5.8
2,fragile,38,pre,99.9532108016,6.29213835348e-05,1.00755056602,4.06606745271,1,0,0,-0,0,0.9,5.8
2,fragile,39,pre,99.8971935571,-0.000560591770633,1.06727101248,4.58862135916,1,0,0,-0,0,0.9,5.8
2,fragile,40,pre,99.9390072179,0.000418479347304,1.05021752168,4.43940331467,1,0,0,-0,0,0.9,5.8
2,fragile,41,pre,99.942448441,3.44326404198e-05,1.00413191685,4.03615427244,1,0,0,-0,0,0.9,5.8
2,fragile,42,pre,99.9729085968,0.000304730525982,1.03656766312,4.31996705228,1,0,0,-0,0,0.9,5.8
2,fragile,43,pre,100.016529197,0.000436229051922,1.05234748623,4.45804050452,1,0,0,-0,0,0.9,5.8
2,fragile,44,pre,100.045722826,0.000291845446514,1.03502145358,4.30643771884,1,0,0,-0,0,0.9,5.8
2,fragile,45,pre,100.096007067,0.000502486336201,1.06029836034,4.52761065301,1,0,0,-0,0,0.9,5.8
2,fragile,46,pre,100.090696959,-5.30515568177e-05,1.00636618682,4.05570413466,1,0,0,-0,0,0.9,5.8
2,fragile,47,pre,100.127931023,0.000371934071627,1.0446320886,4.39053077521,1,0,0,-0,0,0.9,5.8
2,fragile,48,pre,100.092365295,-0.00035526596607,1.04263191593,4.37302926437,1,0,0,-0,0,0.9,5.8
2,fragile,49,pre,100.039358052,-0.000529723562998,1.06356682756,4.55620974115,1,0,0,-0,0,0.9,5.8
2,fragile,50,pre,99.9844743554,-0.000548771583878,1.06585259007,4.57621016307,1,0,0,-0,0,0.9,5.8
2,fragile,51,pre,100.046108725,0.000616249479165,1.0739499375,4.64706195312,1,0,0,-0,0,0.9,5.8
2,fragile,52,pre,100.026963533,-0.000191381998,1.02296583976,4.2009510979,1,0,0,-0,0,0.9,5.8
2,fragile,53,pre,100.079070178,0.000520790363494,1.06249484362,4.54682988167,1,0,0,-0,0,0.9,5.8
2,fragile,54,pre,100.059442192,-0.000196144025351,1.02353728304,4.20595122662,1,0,0,-0,0,0.9,5.8
2,fragile,55,pre,100.087758829,0.000282958116242,1.03395497395,4.29710602205,1,0,0,-0,0,0.9,5.8
2,fragile,56,pre,100.087749877,-8.94415484276e-08,1.00001073299,4.00009391363,1,0,0,-0,0,0.9,5.8
2,fragile,57,pre,100.040805384,-0.000469143385014,1.0562972062,4.49260055426,1,0,0,-0,0,0.9,5.8
2,fragile,58,pre,100.09875034,0.00057904552569,1.06948546308,4.60799780197,1,0,0,-0,0,0.9,5.8
2,fragile,59,pre,100.109967449,0.000112054151922,1.01344649823,4.11765685952,1,0,0,-0,0,0.9,5.8
2,fragile,60,pre,100.118730749,8.75329107165e-05,1.01050394929,4.09190955625,1,0,0,-0,0,0.9,5.8
2,fragile,61,pre,100.058872969,-0.000598046743224,1.07176560919,4.62794908039,1,0,0,-0,0,0.9,5.8
2,fragile,62,pre,100.054832571,-4.03810216878e-05,1.0048457226,4.04240007277,1,0,0,-0,0,0.9,5.8
2,fragile,63,pre,100.042621522,-0.000122051013148,1.01464612158,4.1281535638,1,0,0,-0,0,0.9,5.8
2,fragile,64,pre,99.9645258356,-0.000780928999184,1.0937114799,4.81997544914,1,0,0,-0,0,0.9,5.8
2,fragile,65,pre,99.9288223962,-0.000357224890644,1.04286698688,4.37508613518,1,0,0,-0,0,0.9,5.8
2,fragile,66,pre,99.9249878806,-3.83732051084e-05,1.00460478461,4.04029186536,1,0,0,-0,0,0.9,5.8
2,fragile,67,pre,99.8779574545,-0.000470768104799,1.05649217258,4.49430651004,1,0,0,-0,0,0.9,5.8
2,fragile,68,pre,99.8129898575,-0.000650681468011,1.07808177616,4.68321554141,1,0,0,-0,0,0.9,5.8
2,fragile,69,pre,99.7561119731,-0.000570006933719,1.06840083205,4.59850728041,1,0,0,-0,0,0.9,5.8
2,fragile,70,pre,99.7955286422,0.000395052323358,1.0474062788,4.41480493953,1,0,0,-0,0,0.9,5.8
2,fragile,71,pre,99.7819474287,-0.000136099662022,1.01633195944,4.14290464512,1,0,0,-0,0,0.9,5.8
2,fragile,72,pre,99.787706062,5.77105108843e-05,1.00692526131,4.06059603643,1,0,0,-0,0,0.9,5.8
2,fragile,73,pre,99.8336936457,0.00046074804103,1.05528976492,4.48378544308,1,0,0,-0,0,0.9,5.8
2,fragile,74,pre,99.807038921,-0.000267026918377,1.03204323021,4.2803782643,1,0,0,-0,0,0.9,5.8
2,fragile,75,pre,99.7743097081,-0.000327978675816,1.0393574411,4.34437760961,1,0,0,-0,0,0.9,5.8
2,fragile,76,pre,99.81319508,0.000389657383289,1.04675888599,4.40914025245,1,0,0,-0,0,0.9,5.8
2,fragile,77,pre,99.7822536266,-0.000310041675161,1.03720500102,4.32554375892,1,0,0,-0,0,0.9,5.8
2,fragile,78,pre,99.7545461518,-0.00027771794537,1.03332615344,4.29160384264,1,0,0,-0,0,0.9,5.8
2,fragile,79,pre,99.7698281209,0.000153183982513,1.0183820779,4.16084318164,1,0,0,-0,0,0.9,5.8
2,fragile,80,pre,99.7706534119,8.27191598029e-06,1.00099262992,4.00868551178,1,0,0,-0,0,0.9,5.8
2,fragile,81,pre,99.7766734458,6.03369033796e-05,1.00724042841,4.06335374855,1,0,0,-0,0,0.9,5.8
2,fragile,82,pre,99.7772888713,6.1680104312e-06,1.00074016125,4.00647641095,1,0,0,-0,0,0.9,5.8
2,fragile,83,pre,99.8021057826,0.00024869212054,1.02984305446,4.26112672657,1,0,0,-0,0,0.9,5.8
2,fragile,84,pre,99.8480608259,0.000460355680686,1.05524268168,4.48337346472,1,0,0,-0,0,0.9,5.8
2,fragile,85,pre,99.8497683452,1.71010297344e-05,1.00205212357,4.01795608122,1,0,0,-0,0,0.9,5.8
2,fragile,86,pre,99.8207376619,-0.000290785895645,1.03489430748,4.30532519043,1,0,0,-0,0,0.9,5.8
2,fragile,87,pre,99.805252913,-0.000155137604698,1.01861651256,4.16289448493,1,0,0,-0,0,0.9,5.8
2,fragile,88,pre,99.8217891876,0.000165671689248,1.01988060271,4.17395527371,1,0,0,-0,0,0.9,5.8
2,fragile,89,pre,99.8797078285,0.000580052161783,1.06960625941,4.60905476987,1,0,0,-0,0,0.9,5.8
2,fragile,90,pre,99.9214943745,0.000418281232792,1.05019374793,4.43919529443,1,0,0,-0,0,0.9,5.8
2,fragile,91,pre,99.9218253903,3.31275390172e-06,1.00039753047,4.0034783916,1,0,0,-0,0,0.9,5.8
2,fragile,92,pre,99.912754886,-9.0780127395e-05,1.01089361529,4.09531913376,1,0,0,-0,0,0.9,5.8
2,fragile,93,pre,99.9284037145,0.000156612668125,1.01879352017,4.16444330153,1,0,0,-0,0,0.9,5.8
2,fragile,94,pre,100.001870932,0.000734928422065,1.08819141065,4.77167484317,1,0,0,-0,0,0.9,5.8
2,fragile,95,pre,99.9586399231,-0.000432395468246,1.05188745619,4.45401524166,1,0,0,-0,0,0.9,5.8
2,fragile,96,pre,99.9857144805,0.000270820924741,1.03249851097,4.28436197098,1,0,0,-0,0,0.9,5.8
2,fragile,97,pre,99.9582251859,-0.000274970021648,1.0329964026,4.28871852273,1,0,0,-0,0,0.9,5.8
2,fragile,98,pre,99.9279705609,-0.000302718505513,1.03632622066,4.31785443079,1,0,0,-0,0,0.9,5.8
2,fragile,99,pre,99.9445642318,0.000166042532121,1.01992510385,4.17434465873,1,0,0,-0,0,0.9,5.8
2,fragile,100,pre,100.002157245,0.000576083611986,1.06913003344,4.60488779259,1,0,0,-0,0,0.9,5.8
2,fragile,101,pre,99.9745874409,-0.000275730102829,1.03308761234,4.28951660797,1,0,0,-0,0,0.9,5.8
2,fragile,102,pre,99.9767810447,2.19413728216e-05,1.00263296474,4.02303844146,1,0,0,-0,0,0.9,5.8
2,fragile,103,pre,99.968038189,-8.74526857214e-05,1.01049432229,4.09182532001,1,0,0,-0,0,0.9,5.8
2,fragile,104,pre,99.9815114532,0.000134766637466,1.0161719965,4.14150496934,1,0,0,-0,0,0.9,5.8
2,fragile,105,pre,99.977407487,-4.10480932131e-05,1.00492577119,4.04310049787,1,0,0,-0,0,0.9,5.8
2,fragile,106,pre,100.021322803,0.000439155951548,1.05269871419,4.46111374913,1,0,0,-0,0,0.9,5.8
2,fragile,107,pre,100.002773561,-0.000185470068403,1.02225640821,4.19474357182,1,0,0,-0,0,0.9,5.8
2,fragile,108,pre,99.9748096715,-0.000279670246073,1.03356042953,4.29365375838,1,0,0,-0,0,0.9,5.8
2,fragile,109,pre,99.9945880088,0.000197813640819,1.0237376369,4.20770432286,1,0,0,-0,0,0.9,5.8
2,fragile,110,pre,100.025684561,0.000310934007404,1.03731208089,4.32648070777,1,0,0,-0,0,0.9,5.8
2,fragile,111,pre,100.021623221,-4.06037979464e-05,1.00487245575,4.04263398784,1,0,0,-0,0,0.9,5.8
2,fragile,112,pre,99.9606747918,-0.000609538258721,1.07314459105,4.64001517166,1,0,0,-0,0,0.9,5.8
2,fragile,113,pre,99.9457741157,-0.000149076492063,1.01788917905,4.15653031667,1,0,0,-0,0,0.9,5.8
2,fragile,114,pre,99.9851945328,0.000394340284685,1.04732083416,4.41405729892,1,0,0,-0,0,0.9,5.8
2,fragile,115,pre,99.993499381,8.3057330663e-05,1.00996687968,4.0872101972,1,0,0,-0,0,0.9,5.8
2,fragile,116,pre,99.9677976498,-0.000257067059749,1.03084804717,4.26992041274,1,0,0,-0,0,0.9,5.8
2,fragile,117,pre,99.934614274,-0.000331995755415,1.03983949065,4.34859554319,1,0,0,-0,0,0.9,5.8
2,fragile,118,pre,99.9744136259,0.000398174638134,1.04778095658,4.41808337004,1,0,0,-0,0,0.9,5.8
2,fragile,119,pre,99.964076183,-0.000103406231396,1.01240874777,4.10857654297,1,0,0,-0,0,0.9,5.8
2,fragile,120,pre,99.9546681322,-9.41187469228e-05,1.01129424963,4.09882468427,1,0,0,-0,0,0.9,5.8
2,fragile,121,pre,100.011369921,0.000567114207245,1.06805370487,4.59546991761,1,0,0,-0,0,0.9,5.8
2,fragile,122,pre,99.9671938703,-0.000441807869802,1.05301694438,4.46389826329,1,0,0,-0,0,0.9,5.8
2,fragile,123,pre,99.959095552,-8.10130411048e-05,1.00972156493,4.08506369316,1,0,0,-0,0,0.9,5.8
2,fragile,124,pre,99.9439544877,-0.000151484074997,1.018178089,4.15905827875,1,0,0,-0,0,0.9,5.8
2,fragile,125,pre,99.9699671636,0.000260238765415,1.03122865185,4.27325070369,1,0,0,-0,0,0.9,5.8
2,fragile,126,pre,99.9851227566,0.000151589969721,1.01819079637,4.15916946821,1,0,0,-0,0,0.9,5.8
2,fragile,127,pre,99.9121967196,-0.00072963499854,1.08755619982,4.76611674847,1,0,0,-0,0,0.9,5.8
2,fragile,128,pre,99.9176804258,5.48837470108e-05,1.00658604964,4.05762793436,1,0,0,-0,0,0.9,5.8
2,fragile,129,pre,99.9498814685,0.000322223802491,1.0386668563,4.33833499262,1,0,0,-0,0,0.9,5.8
2,fragile,130,pre,99.9475212019,-2.36147792504e-05,1.00283377351,4.02479551821,1,0,0,-0,0,0.9,5.8
2,fragile,131,pre,99.9441607072,-3.36231573614e-05,1.00403477888,4.03530431523,1,0,0,-0,0,0.9,5.8
2,fragile,132,pre,99.9754577186,0.00031309595228,1.03757151427,4.32875074989,1,0,0,-0,0,0.9,5.8
2,fragile,133,pre,100.009854257,0.000343990646754,1.04127887761,4.36119017909,1,0,0,-0,0,0.9,5.8
2,fragile,134,pre,99.9679371899,-0.000419217224495,1.05030606694,4.44017808572,1,0,0,-0,0,0.9,5.8
2,fragile,135,pre,100.005307762,0.000373755723927,1.04485068687,4.39244351012,1,0,0,-0,0,0.9,5.8
2,fragile,136,pre,99.9859918074,-0.000193167949281,1.02318015391,4.20282634675,1,0,0,-0,0,0.9,5.8
2,fragile,137,pre,99.9704016318,-0.000155935755343,1.01871229064,4.16373254311,1,0,0,-0,0,0.9,5.8
2,fragile,138,pre,99.9061867073,-0.000642545755378,1.07710549065,4.67467304315,1,0,0,-0,0,0.9,5.8
2,fragile,139,pre,99.8787905697,-0.000274256234391,1.03291074813,4.28796904611,1,0,0,-0,0,0.9,5.8
2,fragile,140,pre,99.8747434296,-4.05213372097e-05,1.00486256047,4.04254740407,1,0,0,-0,0,0.9,5.8
2,fragile,141,pre,99.8696365407,-5.11342429293e-05,1.00613610915,4.05369095508,1,0,0,-0,0,0.9,5.8
2,fragile,142,pre,99.9142426885,0.000446544021941,1.05358528263,4.46887122304,1,0,0,-0,0,0.9,5.8
2,fragile,143,pre,99.9379421932,0.000237170335292,1.02846044023,4.24902885206,1,0,0,-0,0,0.9,5.8
2,fragile,144,pre,99.9706323698,0.000327051272881,1.03924615275,4.34340383652,1,0,0,-0,0,0.9,5.8
2,fragile,145,pre,99.9863452754,0.000157162863479,1.01885954362,4.16502100665,1,0,0,-0,0,0.9,5.8
2,fragile,146,pre,100.051940652,0.000655828247884,1.07869938975,4.68861966028,1,0,0,-0,0,0.9,5.8
2,fragile,147,pre,100.028793291,-0.000231380216426,1.02776562597,4.24294922725,1,0,0,-0,0,0.9,5.8
2,fragile,148,pre,100.05838787,0.000295816844113,1.03549802129,4.31060768632,1,0,0,-0,0,0.9,5.8
2,fragile,149,pre,100.058913447,5.25269102799e-06,1.00063032292,4.00551532558,1,0,0,-0,0,0.9,5.8
2,fragile,150,pre,100.105229115,0.00046277688782,1.05553322654,4.48591573221,1,0,0,-0,0,0.9,5.8
2,fragile,151,pre,100.102220634,-3.00536434383e-05,1.00360643721,4.03155632561,1,0,0,-0,0,0.9,5.8
2,fragile,152,pre,100.085294469,-0.000169103106256,1.02029237275,4.17755826157,1,0,0,-0,0,0.9,5.8
2,fragile,153,pre,100.062859137,-0.000224187243753,1.02690246925,4.23539660594,1,0,0,-0,0,0.9,5.8
2,fragile,154,pre,100.059782961,-3.07429120638e-05,1.00368914945,4.03228005767,1,0,0,-0,0,0.9,5.8
2,fragile,155,pre,100.033256978,-0.000265136489984,1.0318163788,4.27839331448,1,0,0,-0,0,0.9,5.8
2,fragile,156,pre,100.035978707,2.72078763951e-05,1.00326494517,4.02856827021,1,0,0,-0,0,0.9,5.8
2,fragile,157,pre,100.021944248,-0.000140303955865,1.0168364747,4.14731915366,1,0,0,-0,0,0.9,5.8
2,fragile,158,pre,99.9926005957,-0.000293415189879,1.03520982279,4.30808594937,1,0,0,-0,0,0.9,5.8
2,fragile,159,pre,99.9278797508,-0.000647465903622,1.07769590843,4.6798391988,1,0,0,-0,0,0.9,5.8
2,fragile,160,pre,99.9209974453,-6.88750975063e-05,1.0082650117,4.07231885238,1,0,0,-0,0,0.9,5.8
2,fragile,161,pre,99.9220533577,1.05674169793e-05,1.00126809004,4.01109578783,1,0,0,-0,0,0.9,5.8
2,fragile,162,pre,99.9827895606,0.000607651158355,1.072918139,4.63803371627,1,0,0,-0,0,0.9,5.8
2,fragile,163,pre,99.9889635905,6.17490205876e-05,1.00740988247,4.06483647162,1,0,0,-0,0,0.9,5.8
2,fragile,164,pre,100.008295097,0.000193317712001,1.02319812544,4.2029835976,1,0,0,-0,0,0.9,5.8
2,fragile,165,pre,100.063477412,0.000551625209684,1.06619502516,4.57920647017,1,0,0,-0,0,0.9,5.8
2,fragile,166,pre,100.068364196,4.88356499548e-05,1.00586027799,4.05127743245,1,0,0,-0,0,0.9,5.8
2,fragile,167,pre,100.04246284,-0.000258870114906,1.03106441379,4.27181362065,1,0,0,-0,0,0.9,5.8
2,fragile,168,pre,99.9934379491,-0.000490160933039,1.05881931196,4.51466897969,1,0,0,-0,0,0.9,5.8
2,fragile,169,pre,99.9729706816,-0.000204707058387,1.02456484701,4.21494241131,1,0,0,-0,0,0.9,5.8
2,fragile,170,pre,100.02294297,0.000499733101883,1.05996797223,4.52471975698,1,0,0,-0,0,0.9,5.8
2,fragile,171,pre,100.022770623,-1.72307060018e-06,1.00020676847,4.00180922413,1,0,0,-0,0,0.9,5.8
2,fragile,172,pre,100.031367148,8.59419853011e-05,1.01031303824,4.09023908457,1,0,0,-0,0,0.9,5.8
2,fragile,173,pre,100.019366547,-0.000119975573335,1.0143970688,4.125974352,1,0,0,-0,0,0.9,5.8
2,fragile,174,pre,100.031620941,0.000122512699092,1.01470152389,4.12863833405,1,0,0,-0,0,0.9,5.8
2,fragile,175,pre,100.01921055,-0.000124072367532,1.0148886841,4.13027598591,1,0,0,-0,0,0.9,5.8
2,fragile,176,pre,100.014114164,-5.0955375419e-05,1.00611464505,4.05350314419,1,0,0,-0,0,0.9,5.8
2,fragile,177,pre,99.9858816947,-0.000282324699705,1.03387896396,4.29644093469,1,0,0,-0,0,0.9,5.8
2,fragile,178,pre,100.014460948,0.000285792047613,1.03429504571,4.30008164999,1,0,0,-0,0,0.9,5.8
2,fragile,179,pre,99.991678306,-0.000227819429654,1.02733833156,4.23921040114,1,0,0,-0,0,0.9,5.8
2,fragile,180,pre,99.9816608079,-0.000100188336388,1.01202260037,4.10519775321,1,0,0,-0,0,0.9,5.8
2,fragile,181,pre,99.9333060092,-0.000483753672685,1.05805044072,4.50794135632,1,0,0,-0,0,0.9,5.8
2,fragile,182,pre,99.9659392976,0.000326497368248,1.03917968419,4.34282223666,1,0,0,-0,0,0.9,5.8
2,fragile,183,pre,99.9536996759,-0.000122445416508,1.01469344998,4.12856768733,1,0,0,-0,0,0.9,5.8
2,fragile,184,pre,99.996474622,0.000427856058675,1.05134272704,4.44924886161,1,0,0,-0,0,0.9,5.8
2,fragile,185,pre,99.9394555415,-0.000570373539608,1.06844482475,4.59889221659,1,0,0,-0,0,0.9,5.8
2,fragile,186,pre,99.9767517248,0.00037311816096,1.04477417932,4.39177406901,1,0,0,-0,0,0.9,5.8
2,fragile,187,pre,99.9160409944,-0.000607432929342,1.07289195152,4.63780457581,1,0,0,-0,0,0.9,5.8
2,fragile,188,pre,99.9375944983,0.000215692888803,1.02588314666,4.22647753324,1,0,0,-0,0,0.9,5.8
2,fragile,189,pre,99.9200072996,-0.000175997296201,1.02111967554,4.18479716101,1,0,0,-0,0,0.9,5.8
2,fragile,190,pre,99.8976060835,-0.000224216632468,1.0269059959,4.23542746409,1,0,0,-0,0,0.9,5.8
2,fragile,191,pre,99.8507342368,-0.000469309006104,1.05631708073,4.49277445641,1,0,0,-0,0,0.9,5.8
2,fragile,192,pre,99.8049969862,-0.000458161167099,1.05497934005,4.48106922545,1,0,0,-0,0,0.9,5.8
2,fragile,193,pre,99.8440674849,0.000391391758202,1.04696701098,4.41096134611,1,0,0,-0,0,0.9,5.8
2,fragile,194,pre,99.8343310228,-9.75214354975e-05,1.01170257226,4.10239750727,1,0,0,-0,0,0.9,5.8
2,fragile,195,pre,99.8473512264,0.000130409594161,1.0156491513,4.13693007387,1,0,0,-0,0,0.9,5.8
2,fragile,196,pre,99.8331269562,-0.000142470314129,1.0170964377,4.14959382984,1,0,0,-0,0,0.9,5.8
2,fragile,197,pre,99.8554068294,0.000223146245307,1.02677754944,4.23430355757,1,0,0,-0,0,0.9,5.8
2,fragile,198,pre,99.8365489562,-0.00018886963291,1.02266435595,4.19831311456,1,0,0,-0,0,0.9,5.8
2,fragile,199,pre,99.833060418,-3.49431063728e-05,1.00419317276,4.03669026169,1,0,0,-0,0,0.9,5.8
2,fragile,200,pre,99.8110974736,-0.000220020909132,1.0264025091,4.23102195459,1,0,0,-0,0,0.9,5.8
2,fragile,201,pre,99.8094275762,-1.67307179077e-05,1.00200768615,4.0175672538,1,0,0,-0,0,0.9,5.8
2,fragile,202,pre,99.8252180535,0.000158193757285,1.01898325087,4.16610344515,1,0,0,-0,0,0.9,5.8
2,fragile,203,pre,99.8124951226,-0.000127460194753,1.01529522337,4.13383320449,1,0,0,-0,0,0.9,5.8
2,fragile,204,pre,99.8419438513,0.000294996986131,1.03539963834,4.30974683544,1,0,0,-0,0,0.9,5.8
2,fragile,205,pre,99.8857074502,0.000438232756522,1.05258793078,4.46014439435,1,0,0,-0,0,0.9,5.8
2,fragile,206,pre,99.9236344544,0.000379631945748,1.04555583349,4.39861354304,1,0,0,-0,0,0.9,5.8
2,fragile,207,pre,99.9174315591,-6.20782841608e-05,1.0074493941,4.06518219837,1,0,0,-0,0,0.9,5.8
2,fragile,208,pre,99.9692886022,0.000518864326144,1.06226371914,4.54480754245,1,0,0,-0,0,0.9,5.8
2,fragile,209,pre,99.9773240259,8.03756927522e-05,1.00964508313,4.08439447739,1,0,0,-0,0,0.9,5.8
2,fragile,210,pre,99.9621517106,-0.000151769081397,1.01821228977,4.15935753547,1,0,0,-0,0,0.9,5.8
2,fragile,211,pre,99.9477003522,-0.000144578751589,1.01734945019,4.15180768917,1,0,0,-0,0,0.9,5.8
2,fragile,212,pre,99.9342268239,-0.00013481487335,1.0161777848,4.14155561702,1,0,0,-0,0,0.9,5.8
2,fragile,213,pre,99.9343546785,1.27938655885e-06,1.00015352639,4.00134335589,1,0,0,-0,0,0.9,5.8
2,fragile,214,pre,99.8829092634,-0.000514924638475,1.06179095662,4.5406708704,1,0,0,-0,0,0.9,5.8
2,fragile,215,pre,99.964753707,0.000819068353795,1.09828820246,4.86002177149,1,0,0,-0,0,0.9,5.8
2,fragile,216,pre,99.9475511307,-0.000172101225974,1.02065214712,4.18070628727,1,0,0,-0,0,0.9,5.8
2,fragile,217,pre,99.9294351309,-0.000181271492551,1.02175257911,4.19033506718,1,0,0,-0,0,0.9,5.8
2,fragile,218,pre,99.9321555123,2.72226526111e-05,1.00326671831,4.02858378524,1,0,0,-0,0,0.9,5.8
2,fragile,219,pre,99.9617579675,0.000296181659246,1.03554179911,4.31099074221,1,0,0,-0,0,0.9,5.8
2,fragile,220,pre,100.002111711,0.000403610356808,1.04843324282,4.42379087465,1,0,0,-0,0,0.9,5.8
2,fragile,221,pre,100.011693045,9.58067244626e-05,1.01149680694,4.10059706069,1,0,0,-0,0,0.9,5.8
2,fragile,222,pre,100.047040427,0.000353370051246,1.04240440615,4.37103855381,1,0,0,-0,0,0.9,5.8
2,fragile,223,pre,100.042894906,-4.1436580009e-05,1.0049723896,4.04350840901,1,0,0,-0,0,0.9,5.8
2,fragile,224,pre,100.027794644,-0.000150949268805,1.01811391226,4.15849673225,1,0,0,-0,0,0.9,5.8
2,fragile,225,pre,100.042493689,0.000146938808514,1.01763265702,4.15428574894,1,0,0,-0,0,0.9,5.8
2,fragile,226,pre,100.037359087,-5.13255285727e-05,1.00615906343,4.053891805,1,0,0,-0,0,0.9,5.8
2,fragile,227,pre,100.013640255,-0.000237127849452,1.02845534193,4.24898424192,1,0,0,-0,0,0.9,5.8
2,fragile,228,pre,99.9864101792,-0.000272300691065,1.03267608293,4.28591572562,1,0,0,-0,0,0.9,5.8
2,fragile,229,pre,100.007570338,0.000211607959423,1.02539295513,4.22218835739,1,0,0,-0,0,0.9,5.8
2,fragile,230,pre,100.060254029,0.00052665831927,1.06319899831,4.55299123523,1,0,0,-0,0,0.9,5.8
2,fragile,231,pre,100.136235477,0.000759068774669,1.09108825296,4.7970222134,1,0,0,-0,0,0.9,5.8
2,fragile,232,pre,100.112237552,-0.00023968148377,1.02876177805,4.25166555796,1,0,0,-0,0,0.9,5.8
2,fragile,233,pre,100.117628916,5.38517497326e-05,1.00646220997,4.05654433722,1,0,0,-0,0,0.9,5.8
2,fragile,234,pre,100.132516234,0.000148687208193,1.01784246498,4.1561215686,1,0,0,-0,0,0.9,5.8
2,fragile,235,pre,100.054004996,-0.000784380898386,1.09412570781,4.82359994331,1,0,0,-0,0,0.9,5.8
2,fragile,236,pre,100.019663374,-0.000343289780337,1.04119477364,4.36045426935,1,0,0,-0,0,0.9,5.8
2,fragile,237,pre,100.002152814,-0.0001750865018,1.02101038022,4.18384082689,1,0,0,-0,0,0.9,5.8
2,fragile,238,pre,99.997818515,-4.33429916758e-05,1.005201159,4.04551014126,1,0,0,-0,0,0.9,5.8
2,fragile,239,pre,100.005109654,7.29103235241e-05,1.00874923882,4.0765558397,1,0,0,-0,0,0.9,5.8
2,fragile,240,post,99.3840430311,-0.00622971333446,2.17956560013,15.3411990012,1,-0.516129032258,0,-0,-0.48,0.9,5.8
2,fragile,241,post,98.7803419164,-0.00609295138964,2.16315416676,15.1975989591,1,-0.516129032258,0,-0,-0.48,0.9,5.8
2,fragile,242,post,98.2049931719,-0.00584155546742,2.13298665609,14.9336332408,1,-0.516129032258,0,-0,-0.48,0.9,5.8
2,fragile,243,post,97.412474422,-0.00810278443653,2.53601706222,19.3081625782,0.986688311011,-0.581906537705,0.000474552566033,-0.14631436648,-0.48,0.866364513453,5.62061073842
2,fragile,244,post,96.4982729159,-0.00942916565561,2.82767726644,25.1546849417,0.917078367958,-0.632211844795,0.00857733700257,-0.29353043085,-0.48,0.798886253487,5.26072668527
2,fragile,245,post,96.0263168263,-0.00490282343262,1.97939546207,20.1860720169,0.829427494347,-0.491242237699,0.0180065026582,-0.434507389066,0,0.69899949738,4.72799731936
2,fragile,246,post,95.5673384646,-0.00479117368481,1.98418761361,22.8608569637,0.7674891699,-0.502607791384,0.0229093260908,-0.454718634922,0,0.594466477858,4.17048788191
2,fragile,247,post,95.0218953355,-0.00572377156279,2.09065124452,26.3328869223,0.706653686198,-0.49925732875,0.0277004997756,-0.448665174423,0,0.49132505845,3.62040031174
2,fragile,248,post,94.4977761785,-0.00553104054045,2.05251289499,28.7343640051,0.641415456299,-0.489788224784,0.0334242713384,-0.43198670015,0,0.39201777106,3.09076144565
2,fragile,249,post,93.9516611567,-0.00579589473164,2.04815684437,31.1120506798,0.580205414719,-0.465452016373,0.0389553118788,-0.391832751751,0,0.301941276404,2.61035347416
2,fragile,250,post,93.4821673398,-0.00500971252228,1.90704103448,32.0637240868,0.52112320685,-0.430280011223,0.0447512066105,-0.339861702002,0,0.223812149507,2.19366479737
2,fragile,251,post,93.1565244951,-0.00348955698191,1.6674233963,31.5023352873,0.471303490998,-0.380427529867,0.0497609191328,-0.27630728719,0,0.160293232912,1.8548972422
2,fragile,252,post,92.9603327374,-0.00210826502604,1.44204213411,30.2370838275,0.435342992394,-0.318239585311,0.0532504761147,-0.210055923319,0,0.112004514907,1.59735741284
2,fragile,253,post,92.8684933705,-0.00098842979576,1.25533239079,28.7243946563,0.411828685824,-0.252382429174,0.0553587411407,-0.151912016999,0,0.0770822121487,1.41110513146
2,fragile,254,post,92.9413502077,0.000784208624095,1.18968858674,27.9475514673,0.398302422498,-0.190944251963,0.0563471709365,-0.106203946504,0,0.052667511803,1.28089339628
2,fragile,255,post,93.112245763,0.00183705778416,1.28494725511,28.2021332381,0.397882063377,-0.137380781488,0.0555629623124,-0.0716670233434,0,0.0361923340229,1.19302578146
2,fragile,256,post,93.3408842056,0.00245250436138,1.33732269758,27.9675125645,0.405485591073,-0.0960268859282,0.0537259045282,-0.0478024157965,0,0.0252032729203,1.13441745557
2,fragile,257,post,93.6587925119,0.00340009799082,1.43676117789,28.1253180913,0.417916003272,-0.0662811700383,0.0512734001668,-0.0319437988826,0,0.0178598708783,1.09525264468
2,fragile,258,post,93.9855791576,0.00348304586172,1.43714959245,27.2942713352,0.436792099964,-0.0452258572098,0.047873302176,-0.0213156544907,0,0.0129597204206,1.06911850891
2,fragile,259,post,94.3009185281,0.00334957279654,1.41498575124,26.3080137283,0.456654369916,-0.0311862709993,0.0443902563143,-0.0144855729534,0,0.00962970364975,1.05135841947
2,fragile,260,post,94.6126943745,0.00330072697936,1.40514297597,25.4920400571,0.476032179403,-0.0218708198206,0.0410406835178,-0.0100619316126,0,0.00731661592271,1.03902195159
2,fragile,261,post,94.8247837814,0.00223915032619,1.27510581905,23.6537167475,0.495327337824,-0.0155752521523,0.0377399565384,-0.00711975545499,0,0.00567989053076,1.0302927495
2,fragile,262,post,95.1315277055,0.00322962883803,1.39228086413,24.2092381627,0.508386728784,-0.0115330988147,0.0355008062122,-0.00525044840691,0,0.00447289089699,1.02385541812
2,fragile,263,post,95.4350442042,0.00318541444418,1.38568819347,23.4824102937,0.527491259624,-0.00841855139059,0.0322711773742,-0.00382051129645,0,0.00359461243803,1.01917126634
2,fragile,264,post,95.722099422,0.00300334508113,1.36294056779,22.6274793131,0.546401968439,-0.006230464003,0.02908576293,-0.00282128672674,0,0.00294604077671,1.01571221748
2,fragile,265,post,95.9942884574,0.00283949871266,1.34264766714,21.8338461151,0.564270431134,-0.00468858430219,0.0260824178489,-0.00211980180546,0,0.00245873001684,1.01311322676
2,fragile,266,post,96.2143109752,0.00228941488154,1.2761853666,20.6711935151,0.581191753585,-0.0035811559287,0.0232429191362,-0.00161731201442,0,0.00208693415145,1.01113031547
2,fragile,267,post,96.4264994822,0.0022029453908,1.26549539607,20.1099485286,0.594837496239,-0.00281169965036,0.0209535042547,-0.00126883241833,0,0.00179524853804,1.00957465887
2,fragile,268,post,96.5871467006,0.00166462070104,1.20065941001,19.09295883,0.607983257346,-0.0022294035568,0.0187505588639,-0.0010054732061,0,0.00156410527227,1.00834189479
2,fragile,269,post,96.7783690322,0.00197783346505,1.23807746366,19.0809648071,0.617912379197,-0.00181754940427,0.0170859381628,-0.000819386507381,0,0.00137574055793,1.00733728298
2,fragile,270,post,96.9654800082,0.00193153005957,1.23237898109,18.6277211493,0.629732067739,-0.00146790121919,0.0151081046978,-0.000661526604345,0,0.00122366547647,1.00652621587
2,fragile,271,post,97.1761783371,0.00217056363315,1.26095093055,18.4838489193,0.641282842398,-0.00119189761271,0.0131765746382,-0.000536993967547,0,0.00110021858738,1.00586783247
2,fragile,272,post,97.2882634117,0.00115275662758,1.13871858679,16.9716161912,0.654275407789,-0.000956593871605,0.0110060110051,-0.000430879418834,0,0.00100116584742,1.00533955119
2,fragile,273,post,97.4489555693,0.00165034906934,1.19837217539,17.2587832799,0.661165700817,-0.000814859093683,0.00985325437749,-0.000366985633738,0,0.000916801333916,1.00488960711
2,fragile,274,post,97.6044218805,0.00159409025524,1.19156366784,16.8627445076,0.671046113831,-0.00067321859159,0.00820290530815,-0.000303152454083,0,0.000847111114586,1.00451792594
2,fragile,275,post,97.7904090494,0.00190370670682,1.22867046891,16.8624235829,0.680592722641,-0.00055688499987,0.00660881505291,-0.000250737882107,0,0.000789470222148,1.00421050785
2,fragile,276,post,97.9016023969,0.00113641184057,1.1365503102,15.6681168827,0.69200058825,-0.000446440934974,0.00470510834608,-0.000200988150076,0,0.000743266049717,1.0039640856
2,fragile,277,post,98.0320568578,0.00133161888206,1.15994803439,15.641212209,0.698806839855,-0.000379531310906,0.00356869650552,-0.000170853934325,0,0.000703989283205,1.00375460951
2,fragile,278,post,98.1379912884,0.00108002666027,1.12973049161,15.1052902257,0.706786437675,-0.000314203421841,0.00223707762346,-0.000141435979497,0,0.00067147526493,1.00358120141
2,fragile,279,post,98.2786289419,0.00143203438981,1.1719513441,15.2545317037,0.713258077458,-0.000264664068953,0.00115705096318,-0.000119130360555,0,0.000644088975147,1.0034351412
2,fragile,280,post,98.4393868255,0.0016343995623,1.19612794748,15.2293065104,0.720200383237,0,0,-0,0,0.000644088975147,1.0034351412
2,fragile,281,post,98.5143344931,0.000761068850848,1.0913282621,14.3123092633,0.720200383237,0,0,-0,0,0.000644088975147,1.0034351412
2,fragile,282,post,98.6446315279,0.00132174616637,1.15860953996,14.9010204446,0.720200383237,0,0,-0,0,0.000644088975147,1.0034351412
2,fragile,283,post,98.7085919851,0.000648182566379,1.07778190797,14.1937786647,0.720200383237,0,0,-0,0,0.000644088975147,1.0034351412
2,fragile,284,post,98.7907274254,0.000831754208231,1.09981050499,14.3865288886,0.720200383237,0,0,-0,0,0.000644088975147,1.0034351412
2,fragile,285,post,98.8691549692,0.000793560605278,1.09522727263,14.3464256055,0.720200383237,0,0,-0,0,0.000644088975147,1.0034351412
2,fragile,286,post,98.8924729507,0.000235819070392,1.02829828845,13.7607969939,0.720200383237,0,0,-0,0,0.000644088975147,1.0034351412
2,fragile,287,post,98.9977811369,0.00106430906941,1.12771708833,14.6307114928,0.720200383237,0,0,-0,0,0.000644088975147,1.0034351412
2,fragile,288,post,99.0773257808,0.000803176628079,1.09638119537,14.3565224294,0.720200383237,0,0,-0,0,0.000644088975147,1.0034351412
2,fragile,289,post,99.1303503345,0.000535040377439,1.06420484529,14.0749793663,0.720200383237,0,0,-0,0,0.000644088975147,1.0034351412
2,fragile,290,post,99.1881880276,0.000583280768614,1.06999369223,14.125631777,0.720200383237,0,0,-0,0,0.000644088975147,1.0034351412
2,fragile,291,post,99.284946027,0.000975023723884,1.11700284687,14.53696188,0.720200383237,0,0,-0,0,0.000644088975147,1.0034351412
2,fragile,292,post,99.3093977908,0.000246248341687,1.029549801,13.7717477287,0.720200383237,0,0,-0,0,0.000644088975147,1.0034351412
2,fragile,293,post,99.2780463207,-0.000315744739899,1.03788936879,13.8447189468,0.720200383237,0,0,-0,0,0.000644088975147,1.0034351412
2,fragile,294,post,99.3000077219,0.000221186590369,1.02654239084,13.7454328898,0.720200383237,0,0,-0,0,0.000644088975147,1.0034351412
2,fragile,295,post,99.3845880815,0.000851403345117,1.10216840141,14.4071604823,0.720200383237,0,0,-0,0,0.000644088975147,1.0034351412
2,fragile,296,post,99.4537436738,0.000695596210203,1.08347154522,14.2435629907,0.720200383237,0,0,-0,0,0.000644088975147,1.0034351412
2,fragile,297,post,99.5108573368,0.000574108804744,1.06889305657,14.1160012149,0.720200383237,0,0,-0,0,0.000644088975147,1.0034351412
2,fragile,298,post,99.5597517891,0.000491227242667,1.05894726912,14.0289755748,0.720200383237,0,0,-0,0,0.000644088975147,1.0034351412
2,fragile,299,post,99.5722058849,0.000125083849291,1.01501006191,13.6445250117,0.720200383237,0,0,-0,0,0.000644088975147,1.0034351412
2,fragile,300,post,99.624572416,0.000525776899386,1.06309322793,14.0652527143,0.720200383237,0,0,-0,0,0.000644088975147,1.0034351412
2,fragile,301,post,99.5966739687,-0.000280075021922,1.03360900263,13.807265743,0.720200383237,0,0,-0,0,0.000644088975147,1.0034351412
2,fragile,302,post,99.611683026,0.000150687024907,1.01808244299,13.6714083461,0.720200383237,0,0,-0,0,0.000644088975147,1.0034351412
2,fragile,303,post,99.6280392968,0.000164186846315,1.01970242156,13.6855831586,0.720200383237,0,0,-0,0,0.000644088975147,1.0034351412
2,fragile,304,post,99.690361675,0.000625355009918,1.07504260119,14.1698097304,0.720200383237,0,0,-0,0,0.000644088975147,1.0034351412
2,fragile,305,post,99.6724582527,-0.000179606432323,1.02155277188,13.7017737239,0.720200383237,0,0,-0,0,0.000644088975147,1.0034351412
2,fragile,306,post,99.6737684803,1.31452465994e-05,1.00157742959,13.5269894789,0.720200383237,0,0,-0,0,0.000644088975147,1.0034351412
2,fragile,307,post,99.6859048374,0.000121753380306,1.01461040564,13.6410280193,0.720200383237,0,0,-0,0,0.000644088975147,1.0034351412
2,fragile,308,post,99.73293538,0.000471676030776,1.05660112369,14.0084468023,0.720200383237,0,0,-0,0,0.000644088975147,1.0034351412
2,fragile,309,post,99.7546160099,0.00021736323751,1.0260835885,13.7414183693,0.720200383237,0,0,-0,0,0.000644088975147,1.0034351412
2,fragile,310,post,99.7982800558,0.000437618770753,1.05251425249,13.9726866792,0.720200383237,0,0,-0,0,0.000644088975147,1.0034351412
2,fragile,311,post,99.8168005349,0.000185561923636,1.02226743084,13.7080269898,0.720200383237,0,0,-0,0,0.000644088975147,1.0034351412
2,fragile,312,post,99.8040893566,-0.000127353187967,1.01528238256,13.6469078173,0.720200383237,0,0,-0,0,0.000644088975147,1.0034351412
2,fragile,313,post,99.7863932015,-0.000177324638181,1.02127895658,13.69937784,0.720200383237,0,0,-0,0,0.000644088975147,1.0034351412
2,fragile,314,post,99.8070593063,0.000207081992014,1.02484983904,13.7306230616,0.720200383237,0,0,-0,0,0.000644088975147,1.0034351412
2,fragile,315,post,99.869992653,0.000630351340655,1.07564216088,14.1750558776,0.720200383237,0,0,-0,0,0.000644088975147,1.0034351412
2,fragile,316,post,99.8594443479,-0.000105625942636,1.01267511312,13.6240942097,0.720200383237,0,0,-0,0,0.000644088975147,1.0034351412
2,fragile,317,post,99.8715650746,0.0001213705039,1.01456446047,13.640625999,0.720200383237,0,0,-0,0,0.000644088975147,1.0034351412
2,fragile,318,post,99.8968824162,0.000253466871792,1.03041602461,13.7793271853,0.720200383237,0,0,-0,0,0.000644088975147,1.0034351412
2,fragile,319,post,99.9165273622,0.000196632909736,1.02359594917,13.7196515252,0.720200383237,0,0,-0,0,0.000644088975147,1.0034351412
2,fragile,320,post,99.8946619869,-0.000218860369765,1.02626324437,13.7429903582,0.720200383237,0,0,-0,0,0.000644088975147,1.0034351412
2,fragile,321,post,99.8744866881,-0.000201986132559,1.02423833591,13.7252724091,0.720200383237,0,0,-0,0,0.000644088975147,1.0034351412
2,fragile,322,post,99.8563684882,-0.00018142614857,1.02177113783,13.7036844259,0.720200383237,0,0,-0,0,0.000644088975147,1.0034351412
2,fragile,323,post,99.8483759728,-8.00433206947e-05,1.00960519848,13.5972324567,0.720200383237,0,0,-0,0,0.000644088975147,1.0034351412
2,fragile,324,post,99.8855907434,0.000372643388444,1.04471720661,13.9044625278,0.720200383237,0,0,-0,0,0.000644088975147,1.0034351412
2,fragile,325,post,99.8720273536,-0.000135798473632,1.01629581684,13.6557753673,0.720200383237,0,0,-0,0,0.000644088975147,1.0034351412
2,fragile,326,post,99.8986051893,0.000266083513393,1.03193002161,13.792574659,0.720200383237,0,0,-0,0,0.000644088975147,1.0034351412
2,fragile,327,post,99.8399912692,-0.000586906315286,1.07042875783,14.129438601,0.720200383237,0,0,-0,0,0.000644088975147,1.0034351412
2,fragile,328,post,99.8708175894,0.0003087095845,1.03704515014,13.8373320337,0.720200383237,0,0,-0,0,0.000644088975147,1.0034351412
2,fragile,329,post,99.9065301379,0.00035752350592,1.04290282071,13.8885866512,0.720200383237,0,0,-0,0,0.000644088975147,1.0034351412
2,fragile,330,post,99.8986761596,-7.86163521474e-05,1.00943396226,13.5957341397,0.720200383237,0,0,-0,0,0.000644088975147,1.0034351412
2,fragile,331,post,99.8761655426,-0.000225359879976,1.0270431856,13.7498148439,0.720200383237,0,0,-0,0,0.000644088975147,1.0034351412
2,fragile,332,post,99.9337693266,0.000576585800313,1.06919029604,14.1186020603,0.720200383237,0,0,-0,0,0.000644088975147,1.0034351412
2,fragile,333,post,99.8948237374,-0.000389789959936,1.04677479519,13.9224664279,0.720200383237,0,0,-0,0,0.000644088975147,1.0034351412
2,fragile,334,post,99.8579584824,-0.00036910880591,1.04429305671,13.9007512162,0.720200383237,0,0,-0,0,0.000644088975147,1.0034351412
2,fragile,335,post,99.921723639,0.000638354792959,1.07660257516,14.1834595026,0.720200383237,0,0,-0,0,0.000644088975147,1.0034351412
2,fragile,336,post,99.8750502809,-0.000467208334297,1.05606500012,14.003755721,0.720200383237,0,0,-0,0,0.000644088975147,1.0034351412
2,fragile,337,post,99.838503303,-0.000365993971023,1.04391927652,13.8974806395,0.720200383237,0,0,-0,0,0.000644088975147,1.0034351412
2,fragile,338,post,99.8983399088,0.000599154433277,1.07189853199,14.1422991249,0.720200383237,0,0,-0,0,0.000644088975147,1.0034351412
2,fragile,339,post,99.900325144,1.98723573422e-05,1.00238468288,13.5340529452,0.720200383237,0,0,-0,0,0.000644088975147,1.0034351412
2,fragile,340,post,99.9017813327,1.45763098569e-05,1.00174915718,13.5284920953,0.720200383237,0,0,-0,0,0.000644088975147,1.0034351412
2,fragile,341,post,99.8800152179,-0.000217898880597,1.02614786567,13.7419807946,0.720200383237,0,0,-0,0,0.000644088975147,1.0034351412
2,fragile,342,post,99.8767514013,-3.26779082035e-05,1.00392134898,13.5474987736,0.720200383237,0,0,-0,0,0.000644088975147,1.0034351412
2,fragile,343,post,99.8841052046,7.3626069283e-05,1.00883512831,13.5904943427,0.720200383237,0,0,-0,0,0.000644088975147,1.0034351412
2,fragile,344,post,99.8982228812,0.000141330585013,1.0169596702,13.6615840842,0.720200383237,0,0,-0,0,0.000644088975147,1.0034351412
2,fragile,345,post,99.9041776285,5.96063635336e-05,1.00715276362,13.5757736517,0.720200383237,0,0,-0,0,0.000644088975147,1.0034351412
2,fragile,346,post,99.9530151779,0.000488724470789,1.05864693649,14.0263476643,0.720200383237,0,0,-0,0,0.000644088975147,1.0034351412
2,fragile,347,post,99.9194596837,-0.000335769040003,1.0402922848,13.865744462,0.720200383237,0,0,-0,0,0.000644088975147,1.0034351412
2,fragile,348,post,99.8955435503,-0.000239382760351,1.02872593124,13.7645388683,0.720200383237,0,0,-0,0,0.000644088975147,1.0034351412
2,fragile,349,post,99.9063351544,0.000108023049051,1.01296276589,13.6266111715,0.720200383237,0,0,-0,0,0.000644088975147,1.0034351412
2,fragile,350,post,99.8773863709,-0.000289801226017,1.03477614712,13.8174782573,0.720200383237,0,0,-0,0,0.000644088975147,1.0034351412
2,fragile,351,post,99.9173479362,0.000400026216971,1.04800314604,13.9332144978,0.720200383237,0,0,-0,0,0.000644088975147,1.0034351412
2,fragile,352,post,99.9549855021,0.000376616070272,1.04519392843,13.9086338437,0.720200383237,0,0,-0,0,0.000644088975147,1.0034351412
2,fragile,353,post,99.9624034159,7.42097903961e-05,1.00890517485,13.5911072499,0.720200383237,0,0,-0,0,0.000644088975147,1.0034351412
2,fragile,354,post,99.9531803552,-9.22695522329e-05,1.01107234627,13.6100699998,0.720200383237,0,0,-0,0,0.000644088975147,1.0034351412
2,fragile,355,post,99.9715377103,0.000183642676159,1.02203712114,13.7060117799,0.720200383237,0,0,-0,0,0.000644088975147,1.0034351412
2,fragile,356,post,99.9690082168,-2.53024561059e-05,1.00303629473,13.5397545489,0.720200383237,0,0,-0,0,0.000644088975147,1.0034351412
2,fragile,357,post,100.02151812,0.000525123914884,1.06301486979,14.0645670806,0.720200383237,0,0,-0,0,0.000644088975147,1.0034351412
2,fragile,358,post,100.002462678,-0.000190531569149,1.0228637883,13.7132451176,0.720200383237,0,0,-0,0,0.000644088975147,1.0034351412
2,fragile,359,post,100.031234678,0.000287671525436,1.03452058305,13.8152420717,0.720200383237,0,0,-0,0,0.000644088975147,1.0034351412
2,fragile,360,post,100.063433628,0.000321837164655,1.03862045976,13.8511159928,0.720200383237,0,0,-0,0,0.000644088975147,1.0034351412
4,stable,0,pre,100,0,1,4,1,0,0,0,0,0.42,1.8
4,stable,1,pre,99.9796884672,-0.000203135959128,1.0243763151,4.21329275708,1,0,0,-0,0,0.42,1.8
4,stable,2,pre,99.9367091176,-0.000429973236108,1.05159678833,4.45147189791,1,0,0,-0,0,0.42,1.8
4,stable,3,pre,99.9836965365,0.000470061269141,1.0564073523,4.4935643326,1,0,0,-0,0,0.42,1.8
4,stable,4,pre,99.9856719246,1.97569061406e-05,1.00237082874,4.02074475145,1,0,0,-0,0,0.42,1.8
4,stable,5,pre,100.002234216,0.000165632933468,1.01987595202,4.17391458014,1,0,0,-0,0,0.42,1.8
4,stable,6,pre,100.036102716,0.000338620091482,1.04063441098,4.35555109606,1,0,0,-0,0,0.42,1.8
4,stable,7,pre,100.060668225,0.000245536286088,1.02946435433,4.25781310039,1,0,0,-0,0,0.42,1.8
4,stable,8,pre,100.033125238,-0.000275300763629,1.03303609164,4.28906580181,1,0,0,-0,0,0.42,1.8
4,stable,9,pre,100.02773838,-5.38521943477e-05,1.00646226332,4.05654480407,1,0,0,-0,0,0.42,1.8
4,stable,10,pre,100.003129815,-0.00024604767439,1.02952572093,4.25835005811,1,0,0,-0,0,0.42,1.8
4,stable,11,pre,99.9944741482,-8.65577033217e-05,1.0103869244,4.09088558849,1,0,0,-0,0,0.42,1.8
4,stable,12,pre,100.036424369,0.000419437414838,1.05033248978,4.44040928558,1,0,0,-0,0,0.42,1.8
4,stable,13,pre,100.035773126,-6.51008260179e-06,1.00078120991,4.00683558673,1,0,0,-0,0,0.42,1.8
4,stable,14,pre,99.9799031352,-0.000558656132994,1.06703873596,4.58658893964,1,0,0,-0,0,0.42,1.8
4,stable,15,pre,99.9780786932,-1.82482535905e-05,1.00218979043,4.01916066627,1,0,0,-0,0,0.42,1.8
4,stable,16,pre,99.9506186515,-0.000274698351936,1.03296380223,4.28843326953,1,0,0,-0,0,0.42,1.8
4,stable,17,pre,100.007381526,0.000567747989966,1.0681297588,4.59613538946,1,0,0,-0,0,0.42,1.8
4,stable,18,pre,100.048710566,0.000413174527701,1.04958094332,4.43383325409,1,0,0,-0,0,0.42,1.8
4,stable,19,pre,100.025557682,-0.000231442899248,1.02777314791,4.24301504421,1,0,0,-0,0,0.42,1.8
4,stable,20,pre,99.994148481,-0.000314061069944,1.03768732839,4.32976412344,1,0,0,-0,0,0.42,1.8
4,stable,21,pre,100.042641176,0.000484837770954,1.05818053251,4.5090796595,1,0,0,-0,0,0.42,1.8
4,stable,22,pre,100.014318333,-0.000283147787646,1.03397773452,4.29730517703,1,0,0,-0,0,0.42,1.8
4,stable,23,pre,100.04590304,0.000315751996413,1.03789023957,4.33153959623,1,0,0,-0,0,0.42,1.8
4,stable,24,pre,100.066787843,0.000208730425879,1.02504765111,4.21916694717,1,0,0,-0,0,0.42,1.8
4,stable,25,pre,100.043217585,-0.000235573017939,1.02826876215,4.24735166884,1,0,0,-0,0,0.42,1.8
4,stable,26,pre,100.059771196,0.00016545091753,1.0198541101,4.17372346341,1,0,0,-0,0,0.42,1.8
4,stable,27,pre,100.078771919,0.000189875701577,1.02278508419,4.19936948666,1,0,0,-0,0,0.42,1.8
4,stable,28,pre,100.060720103,-0.000180392349244,1.02164708191,4.18941196671,1,0,0,-0,0,0.42,1.8
4,stable,29,pre,100.069169931,8.44434401138e-05,1.01013321281,4.08866561212,1,0,0,-0,0,0.42,1.8
4,stable,30,pre,100.045171778,-0.000239844407858,1.02878132894,4.25183662825,1,0,0,-0,0,0.42,1.8
4,stable,31,pre,100.016229389,-0.000289335065238,1.03472020783,4.3038018185,1,0,0,-0,0,0.42,1.8
4,stable,32,pre,99.9824994905,-0.000337301132128,1.04047613586,4.35416618873,1,0,0,-0,0,0.42,1.8
4,stable,33,pre,99.9734787212,-9.02275532135e-05,1.01082730639,4.09473893087,1,0,0,-0,0,0.42,1.8
4,stable,34,pre,99.9461952992,-0.000272943844463,1.03275326134,4.28659103669,1,0,0,-0,0,0.42,1.8
4,stable,35,pre,99.9656893478,0.000195026411276,1.02340316935,4.20477773184,1,0,0,-0,0,0.42,1.8
4,stable,36,pre,99.9479574149,-0.000177395923249,1.02128751079,4.18626571941,1,0,0,-0,0,0.42,1.8
4,stable,37,pre,99.9469218052,-1.03615432607e-05,1.00124338519,4.01087962042,1,0,0,-0,0,0.42,1.8
4,stable,38,pre,99.9532108016,6.29213835348e-05,1.00755056602,4.06606745271,1,0,0,-0,0,0.42,1.8
4,stable,39,pre,99.8971935571,-0.000560591770633,1.06727101248,4.58862135916,1,0,0,-0,0,0.42,1.8
4,stable,40,pre,99.9390072179,0.000418479347304,1.05021752168,4.43940331467,1,0,0,-0,0,0.42,1.8
4,stable,41,pre,99.942448441,3.44326404198e-05,1.00413191685,4.03615427244,1,0,0,-0,0,0.42,1.8
4,stable,42,pre,99.9729085968,0.000304730525982,1.03656766312,4.31996705228,1,0,0,-0,0,0.42,1.8
4,stable,43,pre,100.016529197,0.000436229051922,1.05234748623,4.45804050452,1,0,0,-0,0,0.42,1.8
4,stable,44,pre,100.045722826,0.000291845446514,1.03502145358,4.30643771884,1,0,0,-0,0,0.42,1.8
4,stable,45,pre,100.096007067,0.000502486336201,1.06029836034,4.52761065301,1,0,0,-0,0,0.42,1.8
4,stable,46,pre,100.090696959,-5.30515568177e-05,1.00636618682,4.05570413466,1,0,0,-0,0,0.42,1.8
4,stable,47,pre,100.127931023,0.000371934071627,1.0446320886,4.39053077521,1,0,0,-0,0,0.42,1.8
4,stable,48,pre,100.092365295,-0.00035526596607,1.04263191593,4.37302926437,1,0,0,-0,0,0.42,1.8
4,stable,49,pre,100.039358052,-0.000529723562998,1.06356682756,4.55620974115,1,0,0,-0,0,0.42,1.8
4,stable,50,pre,99.9844743554,-0.000548771583878,1.06585259007,4.57621016307,1,0,0,-0,0,0.42,1.8
4,stable,51,pre,100.046108725,0.000616249479165,1.0739499375,4.64706195312,1,0,0,-0,0,0.42,1.8
4,stable,52,pre,100.026963533,-0.000191381998,1.02296583976,4.2009510979,1,0,0,-0,0,0.42,1.8
4,stable,53,pre,100.079070178,0.000520790363494,1.06249484362,4.54682988167,1,0,0,-0,0,0.42,1.8
4,stable,54,pre,100.059442192,-0.000196144025351,1.02353728304,4.20595122662,1,0,0,-0,0,0.42,1.8
4,stable,55,pre,100.087758829,0.000282958116242,1.03395497395,4.29710602205,1,0,0,-0,0,0.42,1.8
4,stable,56,pre,100.087749877,-8.94415484276e-08,1.00001073299,4.00009391363,1,0,0,-0,0,0.42,1.8
4,stable,57,pre,100.040805384,-0.000469143385014,1.0562972062,4.49260055426,1,0,0,-0,0,0.42,1.8
4,stable,58,pre,100.09875034,0.00057904552569,1.06948546308,4.60799780197,1,0,0,-0,0,0.42,1.8
4,stable,59,pre,100.109967449,0.000112054151922,1.01344649823,4.11765685952,1,0,0,-0,0,0.42,1.8
4,stable,60,pre,100.118730749,8.75329107165e-05,1.01050394929,4.09190955625,1,0,0,-0,0,0.42,1.8
4,stable,61,pre,100.058872969,-0.000598046743224,1.07176560919,4.62794908039,1,0,0,-0,0,0.42,1.8
4,stable,62,pre,100.054832571,-4.03810216878e-05,1.0048457226,4.04240007277,1,0,0,-0,0,0.42,1.8
4,stable,63,pre,100.042621522,-0.000122051013148,1.01464612158,4.1281535638,1,0,0,-0,0,0.42,1.8
4,stable,64,pre,99.9645258356,-0.000780928999184,1.0937114799,4.81997544914,1,0,0,-0,0,0.42,1.8
4,stable,65,pre,99.9288223962,-0.000357224890644,1.04286698688,4.37508613518,1,0,0,-0,0,0.42,1.8
4,stable,66,pre,99.9249878806,-3.83732051084e-05,1.00460478461,4.04029186536,1,0,0,-0,0,0.42,1.8
4,stable,67,pre,99.8779574545,-0.000470768104799,1.05649217258,4.49430651004,1,0,0,-0,0,0.42,1.8
4,stable,68,pre,99.8129898575,-0.000650681468011,1.07808177616,4.68321554141,1,0,0,-0,0,0.42,1.8
4,stable,69,pre,99.7561119731,-0.000570006933719,1.06840083205,4.59850728041,1,0,0,-0,0,0.42,1.8
4,stable,70,pre,99.7955286422,0.000395052323358,1.0474062788,4.41480493953,1,0,0,-0,0,0.42,1.8
4,stable,71,pre,99.7819474287,-0.000136099662022,1.01633195944,4.14290464512,1,0,0,-0,0,0.42,1.8
4,stable,72,pre,99.787706062,5.77105108843e-05,1.00692526131,4.06059603643,1,0,0,-0,0,0.42,1.8
4,stable,73,pre,99.8336936457,0.00046074804103,1.05528976492,4.48378544308,1,0,0,-0,0,0.42,1.8
4,stable,74,pre,99.807038921,-0.000267026918377,1.03204323021,4.2803782643,1,0,0,-0,0,0.42,1.8
4,stable,75,pre,99.7743097081,-0.000327978675816,1.0393574411,4.34437760961,1,0,0,-0,0,0.42,1.8
4,stable,76,pre,99.81319508,0.000389657383289,1.04675888599,4.40914025245,1,0,0,-0,0,0.42,1.8
4,stable,77,pre,99.7822536266,-0.000310041675161,1.03720500102,4.32554375892,1,0,0,-0,0,0.42,1.8
4,stable,78,pre,99.7545461518,-0.00027771794537,1.03332615344,4.29160384264,1,0,0,-0,0,0.42,1.8
4,stable,79,pre,99.7698281209,0.000153183982513,1.0183820779,4.16084318164,1,0,0,-0,0,0.42,1.8
4,stable,80,pre,99.7706534119,8.27191598029e-06,1.00099262992,4.00868551178,1,0,0,-0,0,0.42,1.8
4,stable,81,pre,99.7766734458,6.03369033796e-05,1.00724042841,4.06335374855,1,0,0,-0,0,0.42,1.8
4,stable,82,pre,99.7772888713,6.1680104312e-06,1.00074016125,4.00647641095,1,0,0,-0,0,0.42,1.8
4,stable,83,pre,99.8021057826,0.00024869212054,1.02984305446,4.26112672657,1,0,0,-0,0,0.42,1.8
4,stable,84,pre,99.8480608259,0.000460355680686,1.05524268168,4.48337346472,1,0,0,-0,0,0.42,1.8
4,stable,85,pre,99.8497683452,1.71010297344e-05,1.00205212357,4.01795608122,1,0,0,-0,0,0.42,1.8
4,stable,86,pre,99.8207376619,-0.000290785895645,1.03489430748,4.30532519043,1,0,0,-0,0,0.42,1.8
4,stable,87,pre,99.805252913,-0.000155137604698,1.01861651256,4.16289448493,1,0,0,-0,0,0.42,1.8
4,stable,88,pre,99.8217891876,0.000165671689248,1.01988060271,4.17395527371,1,0,0,-0,0,0.42,1.8
4,stable,89,pre,99.8797078285,0.000580052161783,1.06960625941,4.60905476987,1,0,0,-0,0,0.42,1.8
4,stable,90,pre,99.9214943745,0.000418281232792,1.05019374793,4.43919529443,1,0,0,-0,0,0.42,1.8
4,stable,91,pre,99.9218253903,3.31275390172e-06,1.00039753047,4.0034783916,1,0,0,-0,0,0.42,1.8
4,stable,92,pre,99.912754886,-9.0780127395e-05,1.01089361529,4.09531913376,1,0,0,-0,0,0.42,1.8
4,stable,93,pre,99.9284037145,0.000156612668125,1.01879352017,4.16444330153,1,0,0,-0,0,0.42,1.8
4,stable,94,pre,100.001870932,0.000734928422065,1.08819141065,4.77167484317,1,0,0,-0,0,0.42,1.8
4,stable,95,pre,99.9586399231,-0.000432395468246,1.05188745619,4.45401524166,1,0,0,-0,0,0.42,1.8
4,stable,96,pre,99.9857144805,0.000270820924741,1.03249851097,4.28436197098,1,0,0,-0,0,0.42,1.8
4,stable,97,pre,99.9582251859,-0.000274970021648,1.0329964026,4.28871852273,1,0,0,-0,0,0.42,1.8
4,stable,98,pre,99.9279705609,-0.000302718505513,1.03632622066,4.31785443079,1,0,0,-0,0,0.42,1.8
4,stable,99,pre,99.9445642318,0.000166042532121,1.01992510385,4.17434465873,1,0,0,-0,0,0.42,1.8
4,stable,100,pre,100.002157245,0.000576083611986,1.06913003344,4.60488779259,1,0,0,-0,0,0.42,1.8
4,stable,101,pre,99.9745874409,-0.000275730102829,1.03308761234,4.28951660797,1,0,0,-0,0,0.42,1.8
4,stable,102,pre,99.9767810447,2.19413728216e-05,1.00263296474,4.02303844146,1,0,0,-0,0,0.42,1.8
4,stable,103,pre,99.968038189,-8.74526857214e-05,1.01049432229,4.09182532001,1,0,0,-0,0,0.42,1.8
4,stable,104,pre,99.9815114532,0.000134766637466,1.0161719965,4.14150496934,1,0,0,-0,0,0.42,1.8
4,stable,105,pre,99.977407487,-4.10480932131e-05,1.00492577119,4.04310049787,1,0,0,-0,0,0.42,1.8
4,stable,106,pre,100.021322803,0.000439155951548,1.05269871419,4.46111374913,1,0,0,-0,0,0.42,1.8
4,stable,107,pre,100.002773561,-0.000185470068403,1.02225640821,4.19474357182,1,0,0,-0,0,0.42,1.8
4,stable,108,pre,99.9748096715,-0.000279670246073,1.03356042953,4.29365375838,1,0,0,-0,0,0.42,1.8
4,stable,109,pre,99.9945880088,0.000197813640819,1.0237376369,4.20770432286,1,0,0,-0,0,0.42,1.8
4,stable,110,pre,100.025684561,0.000310934007404,1.03731208089,4.32648070777,1,0,0,-0,0,0.42,1.8
4,stable,111,pre,100.021623221,-4.06037979464e-05,1.00487245575,4.04263398784,1,0,0,-0,0,0.42,1.8
4,stable,112,pre,99.9606747918,-0.000609538258721,1.07314459105,4.64001517166,1,0,0,-0,0,0.42,1.8
4,stable,113,pre,99.9457741157,-0.000149076492063,1.01788917905,4.15653031667,1,0,0,-0,0,0.42,1.8
4,stable,114,pre,99.9851945328,0.000394340284685,1.04732083416,4.41405729892,1,0,0,-0,0,0.42,1.8
4,stable,115,pre,99.993499381,8.3057330663e-05,1.00996687968,4.0872101972,1,0,0,-0,0,0.42,1.8
4,stable,116,pre,99.9677976498,-0.000257067059749,1.03084804717,4.26992041274,1,0,0,-0,0,0.42,1.8
4,stable,117,pre,99.934614274,-0.000331995755415,1.03983949065,4.34859554319,1,0,0,-0,0,0.42,1.8
4,stable,118,pre,99.9744136259,0.000398174638134,1.04778095658,4.41808337004,1,0,0,-0,0,0.42,1.8
4,stable,119,pre,99.964076183,-0.000103406231396,1.01240874777,4.10857654297,1,0,0,-0,0,0.42,1.8
4,stable,120,pre,99.9546681322,-9.41187469228e-05,1.01129424963,4.09882468427,1,0,0,-0,0,0.42,1.8
4,stable,121,pre,100.011369921,0.000567114207245,1.06805370487,4.59546991761,1,0,0,-0,0,0.42,1.8
4,stable,122,pre,99.9671938703,-0.000441807869802,1.05301694438,4.46389826329,1,0,0,-0,0,0.42,1.8
4,stable,123,pre,99.959095552,-8.10130411048e-05,1.00972156493,4.08506369316,1,0,0,-0,0,0.42,1.8
4,stable,124,pre,99.9439544877,-0.000151484074997,1.018178089,4.15905827875,1,0,0,-0,0,0.42,1.8
4,stable,125,pre,99.9699671636,0.000260238765415,1.03122865185,4.27325070369,1,0,0,-0,0,0.42,1.8
4,stable,126,pre,99.9851227566,0.000151589969721,1.01819079637,4.15916946821,1,0,0,-0,0,0.42,1.8
4,stable,127,pre,99.9121967196,-0.00072963499854,1.08755619982,4.76611674847,1,0,0,-0,0,0.42,1.8
4,stable,128,pre,99.9176804258,5.48837470108e-05,1.00658604964,4.05762793436,1,0,0,-0,0,0.42,1.8
4,stable,129,pre,99.9498814685,0.000322223802491,1.0386668563,4.33833499262,1,0,0,-0,0,0.42,1.8
4,stable,130,pre,99.9475212019,-2.36147792504e-05,1.00283377351,4.02479551821,1,0,0,-0,0,0.42,1.8
4,stable,131,pre,99.9441607072,-3.36231573614e-05,1.00403477888,4.03530431523,1,0,0,-0,0,0.42,1.8
4,stable,132,pre,99.9754577186,0.00031309595228,1.03757151427,4.32875074989,1,0,0,-0,0,0.42,1.8
4,stable,133,pre,100.009854257,0.000343990646754,1.04127887761,4.36119017909,1,0,0,-0,0,0.42,1.8
4,stable,134,pre,99.9679371899,-0.000419217224495,1.05030606694,4.44017808572,1,0,0,-0,0,0.42,1.8
4,stable,135,pre,100.005307762,0.000373755723927,1.04485068687,4.39244351012,1,0,0,-0,0,0.42,1.8
4,stable,136,pre,99.9859918074,-0.000193167949281,1.02318015391,4.20282634675,1,0,0,-0,0,0.42,1.8
4,stable,137,pre,99.9704016318,-0.000155935755343,1.01871229064,4.16373254311,1,0,0,-0,0,0.42,1.8
4,stable,138,pre,99.9061867073,-0.000642545755378,1.07710549065,4.67467304315,1,0,0,-0,0,0.42,1.8
4,stable,139,pre,99.8787905697,-0.000274256234391,1.03291074813,4.28796904611,1,0,0,-0,0,0.42,1.8
4,stable,140,pre,99.8747434296,-4.05213372097e-05,1.00486256047,4.04254740407,1,0,0,-0,0,0.42,1.8
4,stable,141,pre,99.8696365407,-5.11342429293e-05,1.00613610915,4.05369095508,1,0,0,-0,0,0.42,1.8
4,stable,142,pre,99.9142426885,0.000446544021941,1.05358528263,4.46887122304,1,0,0,-0,0,0.42,1.8
4,stable,143,pre,99.9379421932,0.000237170335292,1.02846044023,4.24902885206,1,0,0,-0,0,0.42,1.8
4,stable,144,pre,99.9706323698,0.000327051272881,1.03924615275,4.34340383652,1,0,0,-0,0,0.42,1.8
4,stable,145,pre,99.9863452754,0.000157162863479,1.01885954362,4.16502100665,1,0,0,-0,0,0.42,1.8
4,stable,146,pre,100.051940652,0.000655828247884,1.07869938975,4.68861966028,1,0,0,-0,0,0.42,1.8
4,stable,147,pre,100.028793291,-0.000231380216426,1.02776562597,4.24294922725,1,0,0,-0,0,0.42,1.8
4,stable,148,pre,100.05838787,0.000295816844113,1.03549802129,4.31060768632,1,0,0,-0,0,0.42,1.8
4,stable,149,pre,100.058913447,5.25269102799e-06,1.00063032292,4.00551532558,1,0,0,-0,0,0.42,1.8
4,stable,150,pre,100.105229115,0.00046277688782,1.05553322654,4.48591573221,1,0,0,-0,0,0.42,1.8
4,stable,151,pre,100.102220634,-3.00536434383e-05,1.00360643721,4.03155632561,1,0,0,-0,0,0.42,1.8
4,stable,152,pre,100.085294469,-0.000169103106256,1.02029237275,4.17755826157,1,0,0,-0,0,0.42,1.8
4,stable,153,pre,100.062859137,-0.000224187243753,1.02690246925,4.23539660594,1,0,0,-0,0,0.42,1.8
4,stable,154,pre,100.059782961,-3.07429120638e-05,1.00368914945,4.03228005767,1,0,0,-0,0,0.42,1.8
4,stable,155,pre,100.033256978,-0.000265136489984,1.0318163788,4.27839331448,1,0,0,-0,0,0.42,1.8
4,stable,156,pre,100.035978707,2.72078763951e-05,1.00326494517,4.02856827021,1,0,0,-0,0,0.42,1.8
4,stable,157,pre,100.021944248,-0.000140303955865,1.0168364747,4.14731915366,1,0,0,-0,0,0.42,1.8
4,stable,158,pre,99.9926005957,-0.000293415189879,1.03520982279,4.30808594937,1,0,0,-0,0,0.42,1.8
4,stable,159,pre,99.9278797508,-0.000647465903622,1.07769590843,4.6798391988,1,0,0,-0,0,0.42,1.8
4,stable,160,pre,99.9209974453,-6.88750975063e-05,1.0082650117,4.07231885238,1,0,0,-0,0,0.42,1.8
4,stable,161,pre,99.9220533577,1.05674169793e-05,1.00126809004,4.01109578783,1,0,0,-0,0,0.42,1.8
4,stable,162,pre,99.9827895606,0.000607651158355,1.072918139,4.63803371627,1,0,0,-0,0,0.42,1.8
4,stable,163,pre,99.9889635905,6.17490205876e-05,1.00740988247,4.06483647162,1,0,0,-0,0,0.42,1.8
4,stable,164,pre,100.008295097,0.000193317712001,1.02319812544,4.2029835976,1,0,0,-0,0,0.42,1.8
4,stable,165,pre,100.063477412,0.000551625209684,1.06619502516,4.57920647017,1,0,0,-0,0,0.42,1.8
4,stable,166,pre,100.068364196,4.88356499548e-05,1.00586027799,4.05127743245,1,0,0,-0,0,0.42,1.8
4,stable,167,pre,100.04246284,-0.000258870114906,1.03106441379,4.27181362065,1,0,0,-0,0,0.42,1.8
4,stable,168,pre,99.9934379491,-0.000490160933039,1.05881931196,4.51466897969,1,0,0,-0,0,0.42,1.8
4,stable,169,pre,99.9729706816,-0.000204707058387,1.02456484701,4.21494241131,1,0,0,-0,0,0.42,1.8
4,stable,170,pre,100.02294297,0.000499733101883,1.05996797223,4.52471975698,1,0,0,-0,0,0.42,1.8
4,stable,171,pre,100.022770623,-1.72307060018e-06,1.00020676847,4.00180922413,1,0,0,-0,0,0.42,1.8
4,stable,172,pre,100.031367148,8.59419853011e-05,1.01031303824,4.09023908457,1,0,0,-0,0,0.42,1.8
4,stable,173,pre,100.019366547,-0.000119975573335,1.0143970688,4.125974352,1,0,0,-0,0,0.42,1.8
4,stable,174,pre,100.031620941,0.000122512699092,1.01470152389,4.12863833405,1,0,0,-0,0,0.42,1.8
4,stable,175,pre,100.01921055,-0.000124072367532,1.0148886841,4.13027598591,1,0,0,-0,0,0.42,1.8
4,stable,176,pre,100.014114164,-5.0955375419e-05,1.00611464505,4.05350314419,1,0,0,-0,0,0.42,1.8
4,stable,177,pre,99.9858816947,-0.000282324699705,1.03387896396,4.29644093469,1,0,0,-0,0,0.42,1.8
4,stable,178,pre,100.014460948,0.000285792047613,1.03429504571,4.30008164999,1,0,0,-0,0,0.42,1.8
4,stable,179,pre,99.991678306,-0.000227819429654,1.02733833156,4.23921040114,1,0,0,-0,0,0.42,1.8
4,stable,180,pre,99.9816608079,-0.000100188336388,1.01202260037,4.10519775321,1,0,0,-0,0,0.42,1.8
4,stable,181,pre,99.9333060092,-0.000483753672685,1.05805044072,4.50794135632,1,0,0,-0,0,0.42,1.8
4,stable,182,pre,99.9659392976,0.000326497368248,1.03917968419,4.34282223666,1,0,0,-0,0,0.42,1.8
4,stable,183,pre,99.9536996759,-0.000122445416508,1.01469344998,4.12856768733,1,0,0,-0,0,0.42,1.8
4,stable,184,pre,99.996474622,0.000427856058675,1.05134272704,4.44924886161,1,0,0,-0,0,0.42,1.8
4,stable,185,pre,99.9394555415,-0.000570373539608,1.06844482475,4.59889221659,1,0,0,-0,0,0.42,1.8
4,stable,186,pre,99.9767517248,0.00037311816096,1.04477417932,4.39177406901,1,0,0,-0,0,0.42,1.8
4,stable,187,pre,99.9160409944,-0.000607432929342,1.07289195152,4.63780457581,1,0,0,-0,0,0.42,1.8
4,stable,188,pre,99.9375944983,0.000215692888803,1.02588314666,4.22647753324,1,0,0,-0,0,0.42,1.8
4,stable,189,pre,99.9200072996,-0.000175997296201,1.02111967554,4.18479716101,1,0,0,-0,0,0.42,1.8
4,stable,190,pre,99.8976060835,-0.000224216632468,1.0269059959,4.23542746409,1,0,0,-0,0,0.42,1.8
4,stable,191,pre,99.8507342368,-0.000469309006104,1.05631708073,4.49277445641,1,0,0,-0,0,0.42,1.8
4,stable,192,pre,99.8049969862,-0.000458161167099,1.05497934005,4.48106922545,1,0,0,-0,0,0.42,1.8
4,stable,193,pre,99.8440674849,0.000391391758202,1.04696701098,4.41096134611,1,0,0,-0,0,0.42,1.8
4,stable,194,pre,99.8343310228,-9.75214354975e-05,1.01170257226,4.10239750727,1,0,0,-0,0,0.42,1.8
4,stable,195,pre,99.8473512264,0.000130409594161,1.0156491513,4.13693007387,1,0,0,-0,0,0.42,1.8
4,stable,196,pre,99.8331269562,-0.000142470314129,1.0170964377,4.14959382984,1,0,0,-0,0,0.42,1.8
4,stable,197,pre,99.8554068294,0.000223146245307,1.02677754944,4.23430355757,1,0,0,-0,0,0.42,1.8
4,stable,198,pre,99.8365489562,-0.00018886963291,1.02266435595,4.19831311456,1,0,0,-0,0,0.42,1.8
4,stable,199,pre,99.833060418,-3.49431063728e-05,1.00419317276,4.03669026169,1,0,0,-0,0,0.42,1.8
4,stable,200,pre,99.8110974736,-0.000220020909132,1.0264025091,4.23102195459,1,0,0,-0,0,0.42,1.8
4,stable,201,pre,99.8094275762,-1.67307179077e-05,1.00200768615,4.0175672538,1,0,0,-0,0,0.42,1.8
4,stable,202,pre,99.8252180535,0.000158193757285,1.01898325087,4.16610344515,1,0,0,-0,0,0.42,1.8
4,stable,203,pre,99.8124951226,-0.000127460194753,1.01529522337,4.13383320449,1,0,0,-0,0,0.42,1.8
4,stable,204,pre,99.8419438513,0.000294996986131,1.03539963834,4.30974683544,1,0,0,-0,0,0.42,1.8
4,stable,205,pre,99.8857074502,0.000438232756522,1.05258793078,4.46014439435,1,0,0,-0,0,0.42,1.8
4,stable,206,pre,99.9236344544,0.000379631945748,1.04555583349,4.39861354304,1,0,0,-0,0,0.42,1.8
4,stable,207,pre,99.9174315591,-6.20782841608e-05,1.0074493941,4.06518219837,1,0,0,-0,0,0.42,1.8
4,stable,208,pre,99.9692886022,0.000518864326144,1.06226371914,4.54480754245,1,0,0,-0,0,0.42,1.8
4,stable,209,pre,99.9773240259,8.03756927522e-05,1.00964508313,4.08439447739,1,0,0,-0,0,0.42,1.8
4,stable,210,pre,99.9621517106,-0.000151769081397,1.01821228977,4.15935753547,1,0,0,-0,0,0.42,1.8
4,stable,211,pre,99.9477003522,-0.000144578751589,1.01734945019,4.15180768917,1,0,0,-0,0,0.42,1.8
4,stable,212,pre,99.9342268239,-0.00013481487335,1.0161777848,4.14155561702,1,0,0,-0,0,0.42,1.8
4,stable,213,pre,99.9343546785,1.27938655885e-06,1.00015352639,4.00134335589,1,0,0,-0,0,0.42,1.8
4,stable,214,pre,99.8829092634,-0.000514924638475,1.06179095662,4.5406708704,1,0,0,-0,0,0.42,1.8
4,stable,215,pre,99.964753707,0.000819068353795,1.09828820246,4.86002177149,1,0,0,-0,0,0.42,1.8
4,stable,216,pre,99.9475511307,-0.000172101225974,1.02065214712,4.18070628727,1,0,0,-0,0,0.42,1.8
4,stable,217,pre,99.9294351309,-0.000181271492551,1.02175257911,4.19033506718,1,0,0,-0,0,0.42,1.8
4,stable,218,pre,99.9321555123,2.72226526111e-05,1.00326671831,4.02858378524,1,0,0,-0,0,0.42,1.8
4,stable,219,pre,99.9617579675,0.000296181659246,1.03554179911,4.31099074221,1,0,0,-0,0,0.42,1.8
4,stable,220,pre,100.002111711,0.000403610356808,1.04843324282,4.42379087465,1,0,0,-0,0,0.42,1.8
4,stable,221,pre,100.011693045,9.58067244626e-05,1.01149680694,4.10059706069,1,0,0,-0,0,0.42,1.8
4,stable,222,pre,100.047040427,0.000353370051246,1.04240440615,4.37103855381,1,0,0,-0,0,0.42,1.8
4,stable,223,pre,100.042894906,-4.1436580009e-05,1.0049723896,4.04350840901,1,0,0,-0,0,0.42,1.8
4,stable,224,pre,100.027794644,-0.000150949268805,1.01811391226,4.15849673225,1,0,0,-0,0,0.42,1.8
4,stable,225,pre,100.042493689,0.000146938808514,1.01763265702,4.15428574894,1,0,0,-0,0,0.42,1.8
4,stable,226,pre,100.037359087,-5.13255285727e-05,1.00615906343,4.053891805,1,0,0,-0,0,0.42,1.8
4,stable,227,pre,100.013640255,-0.000237127849452,1.02845534193,4.24898424192,1,0,0,-0,0,0.42,1.8
4,stable,228,pre,99.9864101792,-0.000272300691065,1.03267608293,4.28591572562,1,0,0,-0,0,0.42,1.8
4,stable,229,pre,100.007570338,0.000211607959423,1.02539295513,4.22218835739,1,0,0,-0,0,0.42,1.8
4,stable,230,pre,100.060254029,0.00052665831927,1.06319899831,4.55299123523,1,0,0,-0,0,0.42,1.8
4,stable,231,pre,100.136235477,0.000759068774669,1.09108825296,4.7970222134,1,0,0,-0,0,0.42,1.8
4,stable,232,pre,100.112237552,-0.00023968148377,1.02876177805,4.25166555796,1,0,0,-0,0,0.42,1.8
4,stable,233,pre,100.117628916,5.38517497326e-05,1.00646220997,4.05654433722,1,0,0,-0,0,0.42,1.8
4,stable,234,pre,100.132516234,0.000148687208193,1.01784246498,4.1561215686,1,0,0,-0,0,0.42,1.8
4,stable,235,pre,100.054004996,-0.000784380898386,1.09412570781,4.82359994331,1,0,0,-0,0,0.42,1.8
4,stable,236,pre,100.019663374,-0.000343289780337,1.04119477364,4.36045426935,1,0,0,-0,0,0.42,1.8
4,stable,237,pre,100.002152814,-0.0001750865018,1.02101038022,4.18384082689,1,0,0,-0,0,0.42,1.8
4,stable,238,pre,99.997818515,-4.33429916758e-05,1.005201159,4.04551014126,1,0,0,-0,0,0.42,1.8
4,stable,239,pre,100.005109654,7.29103235241e-05,1.00874923882,4.0765558397,1,0,0,-0,0,0.42,1.8
4,stable,240,post,98.7895241132,-0.0122297133345,3.33156560013,26.4411990012,1,-0.68085106383,0,-0,-0.96,0.42,1.8
4,stable,241,post,97.6137745846,-0.0119729513896,3.30075416676,26.1715989591,1,-0.68085106383,0,-0,-0.96,0.42,1.8
4,stable,242,post,96.5078798061,-0.0113939554674,3.23127465609,25.5636532408,1,-0.68085106383,0,-0,-0.96,0.42,1.8
4,stable,243,post,95.413576196,-0.0114037845688,3.23245414826,25.5739737972,1,-0.68085106383,0,-0,-0.96,0.42,1.8
4,stable,244,post,94.4773307712,-0.00986095676054,3.04731481126,23.9540045986,1,-0.68085106383,0,-0,-0.96,0.42,1.8
4,stable,245,post,94.7285924788,0.00265596183227,1.32838388819,7.93215825226,0.969629233636,-0.0233161406275,0.00617169389537,-0.0107427425791,0,0.406737354841,1.77473781874
4,stable,246,post,95.0625361649,0.00351906891714,1.42991887885,8.60583020673,0.975767126357,-0.0184925902866,0.0035157320631,-0.00847845420892,0,0.396270127422,1.75480024271
4,stable,247,post,95.3285900798,0.00279481605374,1.33537792645,7.28033499971,0.98983005461,0,0,-0,0,0.396270127422,1.75480024271
4,stable,248,post,95.6158177865,0.0030084978824,1.36101974589,7.50470091979,0.98983005461,0,0,-0,0,0.396270127422,1.75480024271
4,stable,249,post,95.8357728619,0.00229776280641,1.27573153677,6.75842909001,0.98983005461,0,0,-0,0,0.396270127422,1.75480024271
4,stable,250,post,96.0596811825,0.00233365009432,1.28003801132,6.79611074231,0.98983005461,0,0,-0,0,0.396270127422,1.75480024271
4,stable,251,post,96.3097411488,0.00259979059217,1.31197487106,7.07555826506,0.98983005461,0,0,-0,0,0.396270127422,1.75480024271
4,stable,252,post,96.5320237826,0.00230533808157,1.27664056979,6.76638312892,0.98983005461,0,0,-0,0,0.396270127422,1.75480024271
4,stable,253,post,96.6965905956,0.00170333833124,1.20440059975,6.13428339107,0.98983005461,0,0,-0,0,0.396270127422,1.75480024271
4,stable,254,post,96.8891876086,0.00198978538994,1.23877424679,6.43505280271,0.98983005461,0,0,-0,0,0.396270127422,1.75480024271
4,stable,255,post,97.067900449,0.0018428085585,1.22113702702,6.2807271297,0.98983005461,0,0,-0,0,0.396270127422,1.75480024271
4,stable,256,post,97.2270323725,0.00163804538587,1.1965654463,6.06572579844,0.98983005461,0,0,-0,0,0.396270127422,1.75480024271
4,stable,257,post,97.4298218881,0.00208355970611,1.25002716473,6.53351583469,0.98983005461,0,0,-0,0,0.396270127422,1.75480024271
4,stable,258,post,97.6127621228,0.00187590099048,1.22510811886,6.31547418328,0.98983005461,0,0,-0,0,0.396270127422,1.75480024271
4,stable,259,post,97.7697673402,0.00160715752509,1.19285890301,6.03329354462,0.98983005461,0,0,-0,0,0.396270127422,1.75480024271
4,stable,260,post,97.9182074067,0.00151711003308,1.18205320397,5.93874367801,0.98983005461,0,0,-0,0,0.396270127422,1.75480024271
4,stable,261,post,97.9640095365,0.000467649706519,1.05611796478,4.83681033512,0.98983005461,0,0,-0,0,0.396270127422,1.75480024271
4,stable,262,post,98.1115963683,0.00150540766194,1.18064891943,5.92645618831,0.98983005461,0,0,-0,0,0.396270127422,1.75480024271
4,stable,263,post,98.2607528554,0.00151911932965,1.18229431956,5.94085343941,0.98983005461,0,0,-0,0,0.396270127422,1.75480024271
4,stable,264,post,98.3988797786,0.00140473104801,1.16856772576,5.82074574368,0.98983005461,0,0,-0,0,0.396270127422,1.75480024271
4,stable,265,post,98.5282208707,0.00131359381487,1.15763125778,5.72505164889,0.98983005461,0,0,-0,0,0.396270127422,1.75480024271
4,stable,266,post,98.6108029012,0.000837805055341,1.10053660664,5.22547345138,0.98983005461,0,0,-0,0,0.396270127422,1.75480024271
4,stable,267,post,98.6922548736,0.000825653468742,1.09907841625,5.21271428545,0.98983005461,0,0,-0,0,0.396270127422,1.75480024271
4,stable,268,post,98.7277598601,0.000359689840483,1.04316278086,4.72345247578,0.98983005461,0,0,-0,0,0.396270127422,1.75480024271
4,stable,269,post,98.8011526956,0.000743109836207,1.08917318034,5.12604347129,0.98983005461,0,0,-0,0,0.396270127422,1.75480024271
4,stable,270,post,98.8766388125,0.000763728894,1.09164746728,5.14769348198,0.98983005461,0,0,-0,0,0.396270127422,1.75480024271
4,stable,271,post,98.9821638159,0.00106666988809,1.12800038657,5.46578152577,0.98983005461,0,0,-0,0,0.396270127422,1.75480024271
4,stable,272,post,98.9930107383,0.000109578611937,1.01314943343,4.46083568581,0.98983005461,0,0,-0,0,0.396270127422,1.75480024271
4,stable,273,post,99.0589003419,0.000665377129884,1.07984525559,5.04442412965,0.98983005461,0,0,-0,0,0.396270127422,1.75480024271
4,stable,274,post,99.1247010375,0.00066403776635,1.07968453196,5.04301779794,0.98983005461,0,0,-0,0,0.396270127422,1.75480024271
4,stable,275,post,99.2264241547,0.00102568741144,1.12308248937,5.42274992529,0.98983005461,0,0,-0,0,0.396270127422,1.75480024271
4,stable,276,post,99.2569439687,0.000307530193239,1.03690362319,4.66868484618,0.98983005461,0,0,-0,0,0.396270127422,1.75480024271
4,stable,277,post,99.3114977826,0.000549471152212,1.06593653827,4.9227228531,0.98983005461,0,0,-0,0,0.396270127422,1.75480024271
4,stable,278,post,99.345465934,0.000341977961997,1.04103735544,4.70485500337,0.98983005461,0,0,-0,0,0.396270127422,1.75480024271
4,stable,279,post,99.4185821037,0.000735708229312,1.08828498752,5.11827178405,0.98983005461,0,0,-0,0,0.396270127422,1.75480024271
4,stable,280,post,99.5156365156,0.00097574384446,1.11708926134,5.37030917996,0.98983005461,0,0,-0,0,0.396270127422,1.75480024271
4,stable,281,post,99.5295654662,0.000139957662984,1.01679491956,4.49273368941,0.98983005461,0,0,-0,0,0.396270127422,1.75480024271
4,stable,282,post,99.6028571619,0.000736110152383,1.08833321829,5.11869380328,0.98983005461,0,0,-0,0,0.396270127422,1.75480024271
4,stable,283,post,99.6124193123,9.5998164252e-05,1.01151977971,4.44657621574,0.98983005461,0,0,-0,0,0.396270127422,1.75480024271
4,stable,284,post,99.6434146285,0.000311110754635,1.03733329056,4.67244443564,0.98983005461,0,0,-0,0,0.396270127422,1.75480024271
4,stable,285,post,99.6735769173,0.000302656474829,1.03631877698,4.66356744185,0.98983005461,0,0,-0,0,0.396270127422,1.75480024271
4,stable,286,post,99.650949153,-0.000227044456572,1.02724533479,4.58417482268,0.98983005461,0,0,-0,0,0.396270127422,1.75480024271
4,stable,287,post,99.7135380824,0.000627884457553,1.07534613491,5.00505682371,0.98983005461,0,0,-0,0,0.396270127422,1.75480024271
4,stable,288,post,99.7526016037,0.000391680731901,1.04700168783,4.75704291177,0.98983005461,0,0,-0,0,0.396270127422,1.75480024271
4,stable,289,post,99.7672712286,0.0001470492606,1.01764591127,4.50017986691,0.98983005461,0,0,-0,0,0.396270127422,1.75480024271
4,stable,290,post,99.7889681633,0.000217451830478,1.02609421966,4.57410256528,0.98983005461,0,0,-0,0,0.396270127422,1.75480024271
4,stable,291,post,99.8518641124,0.0006300910536,1.07561092643,5.00737374956,0.98983005461,0,0,-0,0,0.396270127422,1.75480024271
4,stable,292,post,99.8439779576,-7.89816623567e-05,1.00947779948,4.42870888875,0.98983005461,0,0,-0,0,0.396270127422,1.75480024271
4,stable,293,post,99.78185465,-0.000622397500402,1.07468770005,4.9992955187,0.98983005461,0,0,-0,0,0.396270127422,1.75480024271
4,stable,294,post,99.7750746968,-6.79500647827e-05,1.00815400777,4.4171257113,0.98983005461,0,0,-0,0,0.396270127422,1.75480024271
4,stable,295,post,99.832839456,0.000578782269686,1.06945387236,4.95349952645,0.98983005461,0,0,-0,0,0.396270127422,1.75480024271
4,stable,296,post,99.8766304836,0.000438547339211,1.05262568071,4.80625284945,0.98983005461,0,0,-0,0,0.396270127422,1.75480024271
4,stable,297,post,99.9097693181,0.000331742648812,1.03980911786,4.69410792453,0.98983005461,0,0,-0,0,0.396270127422,1.75480024271
4,stable,298,post,99.9360195739,0.000262705120338,1.03152461444,4.62161851963,0.98983005461,0,0,-0,0,0.396270127422,1.75480024271
4,stable,299,post,99.9269872635,-9.03850151338e-05,1.01084620182,4.44068240917,0.98983005461,0,0,-0,0,0.396270127422,1.75480024271
4,stable,300,post,99.9592304779,0.000322615686532,1.03871388238,4.68452461413,0.98983005461,0,0,-0,0,0.396270127422,1.75480024271
4,stable,301,post,99.9120976616,-0.000471631600265,1.05659579203,4.84099132355,0.98983005461,0,0,-0,0,0.396270127422,1.75480024271
4,stable,302,post,99.9091075591,-2.99277794189e-05,1.00359133353,4.37720231167,0.98983005461,0,0,-0,0,0.396270127422,1.75480024271
4,stable,303,post,99.9084969983,-6.11118168205e-06,1.0007333418,4.35219488404,0.98983005461,0,0,-0,0,0.396270127422,1.75480024271
4,stable,304,post,99.9549437082,0.000464784460632,1.05577413528,4.83380182694,0.98983005461,0,0,-0,0,0.396270127422,1.75480024271
4,stable,305,post,99.9218635832,-0.000331005139643,1.03972061676,4.6933335399,0.98983005461,0,0,-0,0,0.396270127422,1.75480024271
4,stable,306,post,99.9089139976,-0.000129605517349,1.01555266208,4.48186393649,0.98983005461,0,0,-0,0,0.396270127422,1.75480024271
4,stable,307,post,99.9076308343,-1.28434136072e-05,1.00154120963,4.35926372756,0.98983005461,0,0,-0,0,0.396270127422,1.75480024271
4,stable,308,post,99.9420816718,0.000344767449479,1.04137209394,4.70778396523,0.98983005461,0,0,-0,0,0.396270127422,1.75480024271
4,stable,309,post,99.9518468616,9.77037156254e-05,1.01172444588,4.44836704468,0.98983005461,0,0,-0,0,0.396270127422,1.75480024271
4,stable,310,post,99.9843159183,0.000324794239652,1.03897530876,4.68681209491,0.98983005461,0,0,-0,0,0.396270127422,1.75480024271
4,stable,311,post,99.9922331865,7.91819664228e-05,1.00950183597,4.42891920802,0.98983005461,0,0,-0,0,0.396270127422,1.75480024271
4,stable,312,post,99.9694718769,-0.000227656687447,1.02731880249,4.5848176651,0.98983005461,0,0,-0,0,0.396270127422,1.75480024271
4,stable,313,post,99.9422939955,-0.000271898769169,1.0326278523,4.6312718509,0.98983005461,0,0,-0,0,0.396270127422,1.75480024271
4,stable,314,post,99.9540788828,0.000117909966128,1.01414919594,4.46958360771,0.98983005461,0,0,-0,0,0.396270127422,1.75480024271
4,stable,315,post,100.008695999,0.00054627284987,1.06555274198,4.91936463564,0.98983005461,0,0,-0,0,0.396270127422,1.75480024271
4,stable,316,post,99.9902059162,-0.000184901842699,1.02218822112,4.53992507811,0.98983005461,0,0,-0,0,0.396270127422,1.75480024271
4,stable,317,post,99.9948678551,4.66228690166e-05,1.00559474428,4.39473215574,0.98983005461,0,0,-0,0,0.396270127422,1.75480024271
4,stable,318,post,100.013167475,0.000182988846108,1.02195866153,4.53791643169,0.98983005461,0,0,-0,0,0.396270127422,1.75480024271
4,stable,319,post,100.026188098,0.000130180611787,1.01562167341,4.48246778565,0.98983005461,0,0,-0,0,0.396270127422,1.75480024271
4,stable,320,post,99.9980329995,-0.000281516890856,1.0337820269,4.64137087867,0.98983005461,0,0,-0,0,0.396270127422,1.75480024271
4,stable,321,post,99.9719305511,-0.000261063692801,1.03132764314,4.61989502072,0.98983005461,0,0,-0,0,0.396270127422,1.75480024271
4,stable,322,post,99.9482270997,-0.000237129179368,1.02845550152,4.59476378161,0.98983005461,0,0,-0,0,0.396270127422,1.75480024271
4,stable,323,post,99.9349783835,-0.000132564576269,1.01590774915,4.48497094836,0.98983005461,0,0,-0,0,0.396270127422,1.75480024271
4,stable,324,post,99.9672748075,0.000323122164059,1.03877465969,4.68505641554,0.98983005461,0,0,-0,0,0.396270127422,1.75480024271
4,stable,325,post,99.9490333411,-0.000182491029584,1.02189892355,4.53739372434,0.98983005461,0,0,-0,0,0.396270127422,1.75480024271
4,stable,326,post,99.9712302931,0.000222058051414,1.02664696617,4.57893909726,0.98983005461,0,0,-0,0,0.396270127422,1.75480024271
4,stable,327,post,99.9084264052,-0.000628417028567,1.07541004343,5.00561602327,0.98983005461,0,0,-0,0,0.396270127422,1.75480024271
4,stable,328,post,99.9353623478,0.000269569976654,1.0323483972,4.62882661876,0.98983005461,0,0,-0,0,0.396270127422,1.75480024271
4,stable,329,post,99.9674087173,0.000320619565195,1.03847434782,4.68242868673,0.98983005461,0,0,-0,0,0.396270127422,1.75480024271
4,stable,330,post,99.9560718237,-0.000113412327783,1.01360947933,4.46486108745,0.98983005461,0,0,-0,0,0.396270127422,1.75480024271
4,stable,331,post,99.9302696655,-0.000258168298173,1.03098019578,4.61685485636,0.98983005461,0,0,-0,0,0.396270127422,1.75480024271
4,stable,332,post,99.9848116371,0.000545651409626,1.06547816916,4.91871212338,0.98983005461,0,0,-0,0,0.396270127422,1.75480024271
4,stable,333,post,99.9429310373,-0.000418957368172,1.05027488418,4.78568337986,0.98983005461,0,0,-0,0,0.396270127422,1.75480024271
4,stable,334,post,99.9033005146,-0.000396610162307,1.04759321948,4.7622188137,0.98983005461,0,0,-0,0,0.396270127422,1.75480024271
4,stable,335,post,99.9645024647,0.000612424322978,1.07349091876,4.9888236824,0.98983005461,0,0,-0,0,0.396270127422,1.75480024271
4,stable,336,post,99.9153662327,-0.000491657647404,1.05899891769,4.86201867305,0.98983005461,0,0,-0,0,0.396270127422,1.75480024271
4,stable,337,post,99.8765020465,-0.000389046731418,1.04668560777,4.75427721126,0.98983005461,0,0,-0,0,0.396270127422,1.75480024271
4,stable,338,post,99.9341892351,0.000577418454047,1.06929021449,4.95206752003,0.98983005461,0,0,-0,0,0.396270127422,1.75480024271
4,stable,339,post,99.9341270705,-6.22055688523e-07,1.00007464668,4.34643130175,0.98983005461,0,0,-0,0,0.396270127422,1.75480024271
4,stable,340,post,99.9336526388,-4.74745564023e-06,1.00056969468,4.3507629717,0.98983005461,0,0,-0,0,0.396270127422,1.75480024271
4,stable,341,post,99.9100592036,-0.000236118866328,1.02833426396,4.59370295292,0.98983005461,0,0,-0,0,0.396270127422,1.75480024271
4,stable,342,post,99.9050780957,-4.98571624275e-05,1.00598285949,4.39812816382,0.98983005461,0,0,-0,0,0.396270127422,1.75480024271
4,stable,343,post,99.9108156192,5.74280996441e-05,1.00689137196,4.4060776479,0.98983005461,0,0,-0,0,0.396270127422,1.75480024271
4,stable,344,post,99.9234109556,0.000126057848664,1.01512694184,4.47813888437,0.98983005461,0,0,-0,0,0.396270127422,1.75480024271
4,stable,345,post,99.9279281965,4.52060108496e-05,1.0054247213,4.39324445467,0.98983005461,0,0,-0,0,0.396270127422,1.75480024271
4,stable,346,post,99.9754199007,0.000475146670931,1.05701760051,4.84468214775,0.98983005461,0,0,-0,0,0.396270127422,1.75480024271
4,stable,347,post,99.9405774144,-0.00034857127152,1.04182855258,4.71177797837,0.98983005461,0,0,-0,0,0.396270127422,1.75480024271
4,stable,348,post,99.9154501433,-0.000251453724243,1.03017444691,4.60980455373,0.98983005461,0,0,-0,0,0.396270127422,1.75480024271
4,stable,349,post,99.9251065971,9.66415825398e-05,1.0115969899,4.44725180494,0.98983005461,0,0,-0,0,0.396270127422,1.75480024271
4,stable,350,post,99.8950803593,-0.000300532579461,1.03606390954,4.66133735171,0.98983005461,0,0,-0,0,0.396270127422,1.75480024271
4,stable,351,post,99.9340378289,0.000389907841923,1.04678894103,4.75518137729,0.98983005461,0,0,-0,0,0.396270127422,1.75480024271
4,stable,352,post,99.9707279154,0.000367075660096,1.04404907921,4.73120758638,0.98983005461,0,0,-0,0,0.396270127422,1.75480024271
4,stable,353,post,99.9772476522,6.52143315502e-05,1.00782571979,4.4142531914,0.98983005461,0,0,-0,0,0.396270127422,1.75480024271
4,stable,354,post,99.9671753331,-0.000100751187546,1.01209014251,4.4515668902,0.98983005461,0,0,-0,0,0.396270127422,1.75480024271
4,stable,355,post,99.9847356613,0.000175645514612,1.02107746175,4.53020593362,0.98983005461,0,0,-0,0,0.396270127422,1.75480024271
4,stable,356,post,99.9814519348,-3.2842817186e-05,1.00394113806,4.38026310132,0.98983005461,0,0,-0,0,0.396270127422,1.75480024271
4,stable,357,post,100.03325717,0.000518014261679,1.0621617114,4.88969311804,0.98983005461,0,0,-0,0,0.396270127422,1.75480024271
4,stable,358,post,100.013529044,-0.000197235116651,1.023668214,4.55287501576,0.98983005461,0,0,-0,0,0.396270127422,1.75480024271
4,stable,359,post,100.041671898,0.000281350886746,1.03376210641,4.64119657436,0.98983005461,0,0,-0,0,0.396270127422,1.75480024271
4,stable,360,post,100.073277809,0.000315877562901,1.03790530755,4.67744958432,0.98983005461,0,0,-0,0,0.396270127422,1.75480024271
4,fragile,0,pre,100,0,1,4,1,0,0,0,0,0.9,5.8
4,fragile,1,pre,99.9796884672,-0.000203135959128,1.0243763151,4.21329275708,1,0,0,-0,0,0.9,5.8
4,fragile,2,pre,99.9367091176,-0.000429973236108,1.05159678833,4.45147189791,1,0,0,-0,0,0.9,5.8
4,fragile,3,pre,99.9836965365,0.000470061269141,1.0564073523,4.4935643326,1,0,0,-0,0,0.9,5.8
4,fragile,4,pre,99.9856719246,1.97569061406e-05,1.00237082874,4.02074475145,1,0,0,-0,0,0.9,5.8
4,fragile,5,pre,100.002234216,0.000165632933468,1.01987595202,4.17391458014,1,0,0,-0,0,0.9,5.8
4,fragile,6,pre,100.036102716,0.000338620091482,1.04063441098,4.35555109606,1,0,0,-0,0,0.9,5.8
4,fragile,7,pre,100.060668225,0.000245536286088,1.02946435433,4.25781310039,1,0,0,-0,0,0.9,5.8
4,fragile,8,pre,100.033125238,-0.000275300763629,1.03303609164,4.28906580181,1,0,0,-0,0,0.9,5.8
4,fragile,9,pre,100.02773838,-5.38521943477e-05,1.00646226332,4.05654480407,1,0,0,-0,0,0.9,5.8
4,fragile,10,pre,100.003129815,-0.00024604767439,1.02952572093,4.25835005811,1,0,0,-0,0,0.9,5.8
4,fragile,11,pre,99.9944741482,-8.65577033217e-05,1.0103869244,4.09088558849,1,0,0,-0,0,0.9,5.8
4,fragile,12,pre,100.036424369,0.000419437414838,1.05033248978,4.44040928558,1,0,0,-0,0,0.9,5.8
4,fragile,13,pre,100.035773126,-6.51008260179e-06,1.00078120991,4.00683558673,1,0,0,-0,0,0.9,5.8
4,fragile,14,pre,99.9799031352,-0.000558656132994,1.06703873596,4.58658893964,1,0,0,-0,0,0.9,5.8
4,fragile,15,pre,99.9780786932,-1.82482535905e-05,1.00218979043,4.01916066627,1,0,0,-0,0,0.9,5.8
4,fragile,16,pre,99.9506186515,-0.000274698351936,1.03296380223,4.28843326953,1,0,0,-0,0,0.9,5.8
4,fragile,17,pre,100.007381526,0.000567747989966,1.0681297588,4.59613538946,1,0,0,-0,0,0.9,5.8
4,fragile,18,pre,100.048710566,0.000413174527701,1.04958094332,4.43383325409,1,0,0,-0,0,0.9,5.8
4,fragile,19,pre,100.025557682,-0.000231442899248,1.02777314791,4.24301504421,1,0,0,-0,0,0.9,5.8
4,fragile,20,pre,99.994148481,-0.000314061069944,1.03768732839,4.32976412344,1,0,0,-0,0,0.9,5.8
4,fragile,21,pre,100.042641176,0.000484837770954,1.05818053251,4.5090796595,1,0,0,-0,0,0.9,5.8
4,fragile,22,pre,100.014318333,-0.000283147787646,1.03397773452,4.29730517703,1,0,0,-0,0,0.9,5.8
4,fragile,23,pre,100.04590304,0.000315751996413,1.03789023957,4.33153959623,1,0,0,-0,0,0.9,5.8
4,fragile,24,pre,100.066787843,0.000208730425879,1.02504765111,4.21916694717,1,0,0,-0,0,0.9,5.8
4,fragile,25,pre,100.043217585,-0.000235573017939,1.02826876215,4.24735166884,1,0,0,-0,0,0.9,5.8
4,fragile,26,pre,100.059771196,0.00016545091753,1.0198541101,4.17372346341,1,0,0,-0,0,0.9,5.8
4,fragile,27,pre,100.078771919,0.000189875701577,1.02278508419,4.19936948666,1,0,0,-0,0,0.9,5.8
4,fragile,28,pre,100.060720103,-0.000180392349244,1.02164708191,4.18941196671,1,0,0,-0,0,0.9,5.8
4,fragile,29,pre,100.069169931,8.44434401138e-05,1.01013321281,4.08866561212,1,0,0,-0,0,0.9,5.8
4,fragile,30,pre,100.045171778,-0.000239844407858,1.02878132894,4.25183662825,1,0,0,-0,0,0.9,5.8
4,fragile,31,pre,100.016229389,-0.000289335065238,1.03472020783,4.3038018185,1,0,0,-0,0,0.9,5.8
4,fragile,32,pre,99.9824994905,-0.000337301132128,1.04047613586,4.35416618873,1,0,0,-0,0,0.9,5.8
4,fragile,33,pre,99.9734787212,-9.02275532135e-05,1.01082730639,4.09473893087,1,0,0,-0,0,0.9,5.8
4,fragile,34,pre,99.9461952992,-0.000272943844463,1.03275326134,4.28659103669,1,0,0,-0,0,0.9,5.8
4,fragile,35,pre,99.9656893478,0.000195026411276,1.02340316935,4.20477773184,1,0,0,-0,0,0.9,5.8
4,fragile,36,pre,99.9479574149,-0.000177395923249,1.02128751079,4.18626571941,1,0,0,-0,0,0.9,5.8
4,fragile,37,pre,99.9469218052,-1.03615432607e-05,1.00124338519,4.01087962042,1,0,0,-0,0,0.9,5.8
4,fragile,38,pre,99.9532108016,6.29213835348e-05,1.00755056602,4.06606745271,1,0,0,-0,0,0.9,5.8
4,fragile,39,pre,99.8971935571,-0.000560591770633,1.06727101248,4.58862135916,1,0,0,-0,0,0.9,5.8
4,fragile,40,pre,99.9390072179,0.000418479347304,1.05021752168,4.43940331467,1,0,0,-0,0,0.9,5.8
4,fragile,41,pre,99.942448441,3.44326404198e-05,1.00413191685,4.03615427244,1,0,0,-0,0,0.9,5.8
4,fragile,42,pre,99.9729085968,0.000304730525982,1.03656766312,4.31996705228,1,0,0,-0,0,0.9,5.8
4,fragile,43,pre,100.016529197,0.000436229051922,1.05234748623,4.45804050452,1,0,0,-0,0,0.9,5.8
4,fragile,44,pre,100.045722826,0.000291845446514,1.03502145358,4.30643771884,1,0,0,-0,0,0.9,5.8
4,fragile,45,pre,100.096007067,0.000502486336201,1.06029836034,4.52761065301,1,0,0,-0,0,0.9,5.8
4,fragile,46,pre,100.090696959,-5.30515568177e-05,1.00636618682,4.05570413466,1,0,0,-0,0,0.9,5.8
4,fragile,47,pre,100.127931023,0.000371934071627,1.0446320886,4.39053077521,1,0,0,-0,0,0.9,5.8
4,fragile,48,pre,100.092365295,-0.00035526596607,1.04263191593,4.37302926437,1,0,0,-0,0,0.9,5.8
4,fragile,49,pre,100.039358052,-0.000529723562998,1.06356682756,4.55620974115,1,0,0,-0,0,0.9,5.8
4,fragile,50,pre,99.9844743554,-0.000548771583878,1.06585259007,4.57621016307,1,0,0,-0,0,0.9,5.8
4,fragile,51,pre,100.046108725,0.000616249479165,1.0739499375,4.64706195312,1,0,0,-0,0,0.9,5.8
4,fragile,52,pre,100.026963533,-0.000191381998,1.02296583976,4.2009510979,1,0,0,-0,0,0.9,5.8
4,fragile,53,pre,100.079070178,0.000520790363494,1.06249484362,4.54682988167,1,0,0,-0,0,0.9,5.8
4,fragile,54,pre,100.059442192,-0.000196144025351,1.02353728304,4.20595122662,1,0,0,-0,0,0.9,5.8
4,fragile,55,pre,100.087758829,0.000282958116242,1.03395497395,4.29710602205,1,0,0,-0,0,0.9,5.8
4,fragile,56,pre,100.087749877,-8.94415484276e-08,1.00001073299,4.00009391363,1,0,0,-0,0,0.9,5.8
4,fragile,57,pre,100.040805384,-0.000469143385014,1.0562972062,4.49260055426,1,0,0,-0,0,0.9,5.8
4,fragile,58,pre,100.09875034,0.00057904552569,1.06948546308,4.60799780197,1,0,0,-0,0,0.9,5.8
4,fragile,59,pre,100.109967449,0.000112054151922,1.01344649823,4.11765685952,1,0,0,-0,0,0.9,5.8
4,fragile,60,pre,100.118730749,8.75329107165e-05,1.01050394929,4.09190955625,1,0,0,-0,0,0.9,5.8
4,fragile,61,pre,100.058872969,-0.000598046743224,1.07176560919,4.62794908039,1,0,0,-0,0,0.9,5.8
4,fragile,62,pre,100.054832571,-4.03810216878e-05,1.0048457226,4.04240007277,1,0,0,-0,0,0.9,5.8
4,fragile,63,pre,100.042621522,-0.000122051013148,1.01464612158,4.1281535638,1,0,0,-0,0,0.9,5.8
4,fragile,64,pre,99.9645258356,-0.000780928999184,1.0937114799,4.81997544914,1,0,0,-0,0,0.9,5.8
4,fragile,65,pre,99.9288223962,-0.000357224890644,1.04286698688,4.37508613518,1,0,0,-0,0,0.9,5.8
4,fragile,66,pre,99.9249878806,-3.83732051084e-05,1.00460478461,4.04029186536,1,0,0,-0,0,0.9,5.8
4,fragile,67,pre,99.8779574545,-0.000470768104799,1.05649217258,4.49430651004,1,0,0,-0,0,0.9,5.8
4,fragile,68,pre,99.8129898575,-0.000650681468011,1.07808177616,4.68321554141,1,0,0,-0,0,0.9,5.8
4,fragile,69,pre,99.7561119731,-0.000570006933719,1.06840083205,4.59850728041,1,0,0,-0,0,0.9,5.8
4,fragile,70,pre,99.7955286422,0.000395052323358,1.0474062788,4.41480493953,1,0,0,-0,0,0.9,5.8
4,fragile,71,pre,99.7819474287,-0.000136099662022,1.01633195944,4.14290464512,1,0,0,-0,0,0.9,5.8
4,fragile,72,pre,99.787706062,5.77105108843e-05,1.00692526131,4.06059603643,1,0,0,-0,0,0.9,5.8
4,fragile,73,pre,99.8336936457,0.00046074804103,1.05528976492,4.48378544308,1,0,0,-0,0,0.9,5.8
4,fragile,74,pre,99.807038921,-0.000267026918377,1.03204323021,4.2803782643,1,0,0,-0,0,0.9,5.8
4,fragile,75,pre,99.7743097081,-0.000327978675816,1.0393574411,4.34437760961,1,0,0,-0,0,0.9,5.8
4,fragile,76,pre,99.81319508,0.000389657383289,1.04675888599,4.40914025245,1,0,0,-0,0,0.9,5.8
4,fragile,77,pre,99.7822536266,-0.000310041675161,1.03720500102,4.32554375892,1,0,0,-0,0,0.9,5.8
4,fragile,78,pre,99.7545461518,-0.00027771794537,1.03332615344,4.29160384264,1,0,0,-0,0,0.9,5.8
4,fragile,79,pre,99.7698281209,0.000153183982513,1.0183820779,4.16084318164,1,0,0,-0,0,0.9,5.8
4,fragile,80,pre,99.7706534119,8.27191598029e-06,1.00099262992,4.00868551178,1,0,0,-0,0,0.9,5.8
4,fragile,81,pre,99.7766734458,6.03369033796e-05,1.00724042841,4.06335374855,1,0,0,-0,0,0.9,5.8
4,fragile,82,pre,99.7772888713,6.1680104312e-06,1.00074016125,4.00647641095,1,0,0,-0,0,0.9,5.8
4,fragile,83,pre,99.8021057826,0.00024869212054,1.02984305446,4.26112672657,1,0,0,-0,0,0.9,5.8
4,fragile,84,pre,99.8480608259,0.000460355680686,1.05524268168,4.48337346472,1,0,0,-0,0,0.9,5.8
4,fragile,85,pre,99.8497683452,1.71010297344e-05,1.00205212357,4.01795608122,1,0,0,-0,0,0.9,5.8
4,fragile,86,pre,99.8207376619,-0.000290785895645,1.03489430748,4.30532519043,1,0,0,-0,0,0.9,5.8
4,fragile,87,pre,99.805252913,-0.000155137604698,1.01861651256,4.16289448493,1,0,0,-0,0,0.9,5.8
4,fragile,88,pre,99.8217891876,0.000165671689248,1.01988060271,4.17395527371,1,0,0,-0,0,0.9,5.8
4,fragile,89,pre,99.8797078285,0.000580052161783,1.06960625941,4.60905476987,1,0,0,-0,0,0.9,5.8
4,fragile,90,pre,99.9214943745,0.000418281232792,1.05019374793,4.43919529443,1,0,0,-0,0,0.9,5.8
4,fragile,91,pre,99.9218253903,3.31275390172e-06,1.00039753047,4.0034783916,1,0,0,-0,0,0.9,5.8
4,fragile,92,pre,99.912754886,-9.0780127395e-05,1.01089361529,4.09531913376,1,0,0,-0,0,0.9,5.8
4,fragile,93,pre,99.9284037145,0.000156612668125,1.01879352017,4.16444330153,1,0,0,-0,0,0.9,5.8
4,fragile,94,pre,100.001870932,0.000734928422065,1.08819141065,4.77167484317,1,0,0,-0,0,0.9,5.8
4,fragile,95,pre,99.9586399231,-0.000432395468246,1.05188745619,4.45401524166,1,0,0,-0,0,0.9,5.8
4,fragile,96,pre,99.9857144805,0.000270820924741,1.03249851097,4.28436197098,1,0,0,-0,0,0.9,5.8
4,fragile,97,pre,99.9582251859,-0.000274970021648,1.0329964026,4.28871852273,1,0,0,-0,0,0.9,5.8
4,fragile,98,pre,99.9279705609,-0.000302718505513,1.03632622066,4.31785443079,1,0,0,-0,0,0.9,5.8
4,fragile,99,pre,99.9445642318,0.000166042532121,1.01992510385,4.17434465873,1,0,0,-0,0,0.9,5.8
4,fragile,100,pre,100.002157245,0.000576083611986,1.06913003344,4.60488779259,1,0,0,-0,0,0.9,5.8
4,fragile,101,pre,99.9745874409,-0.000275730102829,1.03308761234,4.28951660797,1,0,0,-0,0,0.9,5.8
4,fragile,102,pre,99.9767810447,2.19413728216e-05,1.00263296474,4.02303844146,1,0,0,-0,0,0.9,5.8
4,fragile,103,pre,99.968038189,-8.74526857214e-05,1.01049432229,4.09182532001,1,0,0,-0,0,0.9,5.8
4,fragile,104,pre,99.9815114532,0.000134766637466,1.0161719965,4.14150496934,1,0,0,-0,0,0.9,5.8
4,fragile,105,pre,99.977407487,-4.10480932131e-05,1.00492577119,4.04310049787,1,0,0,-0,0,0.9,5.8
4,fragile,106,pre,100.021322803,0.000439155951548,1.05269871419,4.46111374913,1,0,0,-0,0,0.9,5.8
4,fragile,107,pre,100.002773561,-0.000185470068403,1.02225640821,4.19474357182,1,0,0,-0,0,0.9,5.8
4,fragile,108,pre,99.9748096715,-0.000279670246073,1.03356042953,4.29365375838,1,0,0,-0,0,0.9,5.8
4,fragile,109,pre,99.9945880088,0.000197813640819,1.0237376369,4.20770432286,1,0,0,-0,0,0.9,5.8
4,fragile,110,pre,100.025684561,0.000310934007404,1.03731208089,4.32648070777,1,0,0,-0,0,0.9,5.8
4,fragile,111,pre,100.021623221,-4.06037979464e-05,1.00487245575,4.04263398784,1,0,0,-0,0,0.9,5.8
4,fragile,112,pre,99.9606747918,-0.000609538258721,1.07314459105,4.64001517166,1,0,0,-0,0,0.9,5.8
4,fragile,113,pre,99.9457741157,-0.000149076492063,1.01788917905,4.15653031667,1,0,0,-0,0,0.9,5.8
4,fragile,114,pre,99.9851945328,0.000394340284685,1.04732083416,4.41405729892,1,0,0,-0,0,0.9,5.8
4,fragile,115,pre,99.993499381,8.3057330663e-05,1.00996687968,4.0872101972,1,0,0,-0,0,0.9,5.8
4,fragile,116,pre,99.9677976498,-0.000257067059749,1.03084804717,4.26992041274,1,0,0,-0,0,0.9,5.8
4,fragile,117,pre,99.934614274,-0.000331995755415,1.03983949065,4.34859554319,1,0,0,-0,0,0.9,5.8
4,fragile,118,pre,99.9744136259,0.000398174638134,1.04778095658,4.41808337004,1,0,0,-0,0,0.9,5.8
4,fragile,119,pre,99.964076183,-0.000103406231396,1.01240874777,4.10857654297,1,0,0,-0,0,0.9,5.8
4,fragile,120,pre,99.9546681322,-9.41187469228e-05,1.01129424963,4.09882468427,1,0,0,-0,0,0.9,5.8
4,fragile,121,pre,100.011369921,0.000567114207245,1.06805370487,4.59546991761,1,0,0,-0,0,0.9,5.8
4,fragile,122,pre,99.9671938703,-0.000441807869802,1.05301694438,4.46389826329,1,0,0,-0,0,0.9,5.8
4,fragile,123,pre,99.959095552,-8.10130411048e-05,1.00972156493,4.08506369316,1,0,0,-0,0,0.9,5.8
4,fragile,124,pre,99.9439544877,-0.000151484074997,1.018178089,4.15905827875,1,0,0,-0,0,0.9,5.8
4,fragile,125,pre,99.9699671636,0.000260238765415,1.03122865185,4.27325070369,1,0,0,-0,0,0.9,5.8
4,fragile,126,pre,99.9851227566,0.000151589969721,1.01819079637,4.15916946821,1,0,0,-0,0,0.9,5.8
4,fragile,127,pre,99.9121967196,-0.00072963499854,1.08755619982,4.76611674847,1,0,0,-0,0,0.9,5.8
4,fragile,128,pre,99.9176804258,5.48837470108e-05,1.00658604964,4.05762793436,1,0,0,-0,0,0.9,5.8
4,fragile,129,pre,99.9498814685,0.000322223802491,1.0386668563,4.33833499262,1,0,0,-0,0,0.9,5.8
4,fragile,130,pre,99.9475212019,-2.36147792504e-05,1.00283377351,4.02479551821,1,0,0,-0,0,0.9,5.8
4,fragile,131,pre,99.9441607072,-3.36231573614e-05,1.00403477888,4.03530431523,1,0,0,-0,0,0.9,5.8
4,fragile,132,pre,99.9754577186,0.00031309595228,1.03757151427,4.32875074989,1,0,0,-0,0,0.9,5.8
4,fragile,133,pre,100.009854257,0.000343990646754,1.04127887761,4.36119017909,1,0,0,-0,0,0.9,5.8
4,fragile,134,pre,99.9679371899,-0.000419217224495,1.05030606694,4.44017808572,1,0,0,-0,0,0.9,5.8
4,fragile,135,pre,100.005307762,0.000373755723927,1.04485068687,4.39244351012,1,0,0,-0,0,0.9,5.8
4,fragile,136,pre,99.9859918074,-0.000193167949281,1.02318015391,4.20282634675,1,0,0,-0,0,0.9,5.8
4,fragile,137,pre,99.9704016318,-0.000155935755343,1.01871229064,4.16373254311,1,0,0,-0,0,0.9,5.8
4,fragile,138,pre,99.9061867073,-0.000642545755378,1.07710549065,4.67467304315,1,0,0,-0,0,0.9,5.8
4,fragile,139,pre,99.8787905697,-0.000274256234391,1.03291074813,4.28796904611,1,0,0,-0,0,0.9,5.8
4,fragile,140,pre,99.8747434296,-4.05213372097e-05,1.00486256047,4.04254740407,1,0,0,-0,0,0.9,5.8
4,fragile,141,pre,99.8696365407,-5.11342429293e-05,1.00613610915,4.05369095508,1,0,0,-0,0,0.9,5.8
4,fragile,142,pre,99.9142426885,0.000446544021941,1.05358528263,4.46887122304,1,0,0,-0,0,0.9,5.8
4,fragile,143,pre,99.9379421932,0.000237170335292,1.02846044023,4.24902885206,1,0,0,-0,0,0.9,5.8
4,fragile,144,pre,99.9706323698,0.000327051272881,1.03924615275,4.34340383652,1,0,0,-0,0,0.9,5.8
4,fragile,145,pre,99.9863452754,0.000157162863479,1.01885954362,4.16502100665,1,0,0,-0,0,0.9,5.8
4,fragile,146,pre,100.051940652,0.000655828247884,1.07869938975,4.68861966028,1,0,0,-0,0,0.9,5.8
4,fragile,147,pre,100.028793291,-0.000231380216426,1.02776562597,4.24294922725,1,0,0,-0,0,0.9,5.8
4,fragile,148,pre,100.05838787,0.000295816844113,1.03549802129,4.31060768632,1,0,0,-0,0,0.9,5.8
4,fragile,149,pre,100.058913447,5.25269102799e-06,1.00063032292,4.00551532558,1,0,0,-0,0,0.9,5.8
4,fragile,150,pre,100.105229115,0.00046277688782,1.05553322654,4.48591573221,1,0,0,-0,0,0.9,5.8
4,fragile,151,pre,100.102220634,-3.00536434383e-05,1.00360643721,4.03155632561,1,0,0,-0,0,0.9,5.8
4,fragile,152,pre,100.085294469,-0.000169103106256,1.02029237275,4.17755826157,1,0,0,-0,0,0.9,5.8
4,fragile,153,pre,100.062859137,-0.000224187243753,1.02690246925,4.23539660594,1,0,0,-0,0,0.9,5.8
4,fragile,154,pre,100.059782961,-3.07429120638e-05,1.00368914945,4.03228005767,1,0,0,-0,0,0.9,5.8
4,fragile,155,pre,100.033256978,-0.000265136489984,1.0318163788,4.27839331448,1,0,0,-0,0,0.9,5.8
4,fragile,156,pre,100.035978707,2.72078763951e-05,1.00326494517,4.02856827021,1,0,0,-0,0,0.9,5.8
4,fragile,157,pre,100.021944248,-0.000140303955865,1.0168364747,4.14731915366,1,0,0,-0,0,0.9,5.8
4,fragile,158,pre,99.9926005957,-0.000293415189879,1.03520982279,4.30808594937,1,0,0,-0,0,0.9,5.8
4,fragile,159,pre,99.9278797508,-0.000647465903622,1.07769590843,4.6798391988,1,0,0,-0,0,0.9,5.8
4,fragile,160,pre,99.9209974453,-6.88750975063e-05,1.0082650117,4.07231885238,1,0,0,-0,0,0.9,5.8
4,fragile,161,pre,99.9220533577,1.05674169793e-05,1.00126809004,4.01109578783,1,0,0,-0,0,0.9,5.8
4,fragile,162,pre,99.9827895606,0.000607651158355,1.072918139,4.63803371627,1,0,0,-0,0,0.9,5.8
4,fragile,163,pre,99.9889635905,6.17490205876e-05,1.00740988247,4.06483647162,1,0,0,-0,0,0.9,5.8
4,fragile,164,pre,100.008295097,0.000193317712001,1.02319812544,4.2029835976,1,0,0,-0,0,0.9,5.8
4,fragile,165,pre,100.063477412,0.000551625209684,1.06619502516,4.57920647017,1,0,0,-0,0,0.9,5.8
4,fragile,166,pre,100.068364196,4.88356499548e-05,1.00586027799,4.05127743245,1,0,0,-0,0,0.9,5.8
4,fragile,167,pre,100.04246284,-0.000258870114906,1.03106441379,4.27181362065,1,0,0,-0,0,0.9,5.8
4,fragile,168,pre,99.9934379491,-0.000490160933039,1.05881931196,4.51466897969,1,0,0,-0,0,0.9,5.8
4,fragile,169,pre,99.9729706816,-0.000204707058387,1.02456484701,4.21494241131,1,0,0,-0,0,0.9,5.8
4,fragile,170,pre,100.02294297,0.000499733101883,1.05996797223,4.52471975698,1,0,0,-0,0,0.9,5.8
4,fragile,171,pre,100.022770623,-1.72307060018e-06,1.00020676847,4.00180922413,1,0,0,-0,0,0.9,5.8
4,fragile,172,pre,100.031367148,8.59419853011e-05,1.01031303824,4.09023908457,1,0,0,-0,0,0.9,5.8
4,fragile,173,pre,100.019366547,-0.000119975573335,1.0143970688,4.125974352,1,0,0,-0,0,0.9,5.8
4,fragile,174,pre,100.031620941,0.000122512699092,1.01470152389,4.12863833405,1,0,0,-0,0,0.9,5.8
4,fragile,175,pre,100.01921055,-0.000124072367532,1.0148886841,4.13027598591,1,0,0,-0,0,0.9,5.8
4,fragile,176,pre,100.014114164,-5.0955375419e-05,1.00611464505,4.05350314419,1,0,0,-0,0,0.9,5.8
4,fragile,177,pre,99.9858816947,-0.000282324699705,1.03387896396,4.29644093469,1,0,0,-0,0,0.9,5.8
4,fragile,178,pre,100.014460948,0.000285792047613,1.03429504571,4.30008164999,1,0,0,-0,0,0.9,5.8
4,fragile,179,pre,99.991678306,-0.000227819429654,1.02733833156,4.23921040114,1,0,0,-0,0,0.9,5.8
4,fragile,180,pre,99.9816608079,-0.000100188336388,1.01202260037,4.10519775321,1,0,0,-0,0,0.9,5.8
4,fragile,181,pre,99.9333060092,-0.000483753672685,1.05805044072,4.50794135632,1,0,0,-0,0,0.9,5.8
4,fragile,182,pre,99.9659392976,0.000326497368248,1.03917968419,4.34282223666,1,0,0,-0,0,0.9,5.8
4,fragile,183,pre,99.9536996759,-0.000122445416508,1.01469344998,4.12856768733,1,0,0,-0,0,0.9,5.8
4,fragile,184,pre,99.996474622,0.000427856058675,1.05134272704,4.44924886161,1,0,0,-0,0,0.9,5.8
4,fragile,185,pre,99.9394555415,-0.000570373539608,1.06844482475,4.59889221659,1,0,0,-0,0,0.9,5.8
4,fragile,186,pre,99.9767517248,0.00037311816096,1.04477417932,4.39177406901,1,0,0,-0,0,0.9,5.8
4,fragile,187,pre,99.9160409944,-0.000607432929342,1.07289195152,4.63780457581,1,0,0,-0,0,0.9,5.8
4,fragile,188,pre,99.9375944983,0.000215692888803,1.02588314666,4.22647753324,1,0,0,-0,0,0.9,5.8
4,fragile,189,pre,99.9200072996,-0.000175997296201,1.02111967554,4.18479716101,1,0,0,-0,0,0.9,5.8
4,fragile,190,pre,99.8976060835,-0.000224216632468,1.0269059959,4.23542746409,1,0,0,-0,0,0.9,5.8
4,fragile,191,pre,99.8507342368,-0.000469309006104,1.05631708073,4.49277445641,1,0,0,-0,0,0.9,5.8
4,fragile,192,pre,99.8049969862,-0.000458161167099,1.05497934005,4.48106922545,1,0,0,-0,0,0.9,5.8
4,fragile,193,pre,99.8440674849,0.000391391758202,1.04696701098,4.41096134611,1,0,0,-0,0,0.9,5.8
4,fragile,194,pre,99.8343310228,-9.75214354975e-05,1.01170257226,4.10239750727,1,0,0,-0,0,0.9,5.8
4,fragile,195,pre,99.8473512264,0.000130409594161,1.0156491513,4.13693007387,1,0,0,-0,0,0.9,5.8
4,fragile,196,pre,99.8331269562,-0.000142470314129,1.0170964377,4.14959382984,1,0,0,-0,0,0.9,5.8
4,fragile,197,pre,99.8554068294,0.000223146245307,1.02677754944,4.23430355757,1,0,0,-0,0,0.9,5.8
4,fragile,198,pre,99.8365489562,-0.00018886963291,1.02266435595,4.19831311456,1,0,0,-0,0,0.9,5.8
4,fragile,199,pre,99.833060418,-3.49431063728e-05,1.00419317276,4.03669026169,1,0,0,-0,0,0.9,5.8
4,fragile,200,pre,99.8110974736,-0.000220020909132,1.0264025091,4.23102195459,1,0,0,-0,0,0.9,5.8
4,fragile,201,pre,99.8094275762,-1.67307179077e-05,1.00200768615,4.0175672538,1,0,0,-0,0,0.9,5.8
4,fragile,202,pre,99.8252180535,0.000158193757285,1.01898325087,4.16610344515,1,0,0,-0,0,0.9,5.8
4,fragile,203,pre,99.8124951226,-0.000127460194753,1.01529522337,4.13383320449,1,0,0,-0,0,0.9,5.8
4,fragile,204,pre,99.8419438513,0.000294996986131,1.03539963834,4.30974683544,1,0,0,-0,0,0.9,5.8
4,fragile,205,pre,99.8857074502,0.000438232756522,1.05258793078,4.46014439435,1,0,0,-0,0,0.9,5.8
4,fragile,206,pre,99.9236344544,0.000379631945748,1.04555583349,4.39861354304,1,0,0,-0,0,0.9,5.8
4,fragile,207,pre,99.9174315591,-6.20782841608e-05,1.0074493941,4.06518219837,1,0,0,-0,0,0.9,5.8
4,fragile,208,pre,99.9692886022,0.000518864326144,1.06226371914,4.54480754245,1,0,0,-0,0,0.9,5.8
4,fragile,209,pre,99.9773240259,8.03756927522e-05,1.00964508313,4.08439447739,1,0,0,-0,0,0.9,5.8
4,fragile,210,pre,99.9621517106,-0.000151769081397,1.01821228977,4.15935753547,1,0,0,-0,0,0.9,5.8
4,fragile,211,pre,99.9477003522,-0.000144578751589,1.01734945019,4.15180768917,1,0,0,-0,0,0.9,5.8
4,fragile,212,pre,99.9342268239,-0.00013481487335,1.0161777848,4.14155561702,1,0,0,-0,0,0.9,5.8
4,fragile,213,pre,99.9343546785,1.27938655885e-06,1.00015352639,4.00134335589,1,0,0,-0,0,0.9,5.8
4,fragile,214,pre,99.8829092634,-0.000514924638475,1.06179095662,4.5406708704,1,0,0,-0,0,0.9,5.8
4,fragile,215,pre,99.964753707,0.000819068353795,1.09828820246,4.86002177149,1,0,0,-0,0,0.9,5.8
4,fragile,216,pre,99.9475511307,-0.000172101225974,1.02065214712,4.18070628727,1,0,0,-0,0,0.9,5.8
4,fragile,217,pre,99.9294351309,-0.000181271492551,1.02175257911,4.19033506718,1,0,0,-0,0,0.9,5.8
4,fragile,218,pre,99.9321555123,2.72226526111e-05,1.00326671831,4.02858378524,1,0,0,-0,0,0.9,5.8
4,fragile,219,pre,99.9617579675,0.000296181659246,1.03554179911,4.31099074221,1,0,0,-0,0,0.9,5.8
4,fragile,220,pre,100.002111711,0.000403610356808,1.04843324282,4.42379087465,1,0,0,-0,0,0.9,5.8
4,fragile,221,pre,100.011693045,9.58067244626e-05,1.01149680694,4.10059706069,1,0,0,-0,0,0.9,5.8
4,fragile,222,pre,100.047040427,0.000353370051246,1.04240440615,4.37103855381,1,0,0,-0,0,0.9,5.8
4,fragile,223,pre,100.042894906,-4.1436580009e-05,1.0049723896,4.04350840901,1,0,0,-0,0,0.9,5.8
4,fragile,224,pre,100.027794644,-0.000150949268805,1.01811391226,4.15849673225,1,0,0,-0,0,0.9,5.8
4,fragile,225,pre,100.042493689,0.000146938808514,1.01763265702,4.15428574894,1,0,0,-0,0,0.9,5.8
4,fragile,226,pre,100.037359087,-5.13255285727e-05,1.00615906343,4.053891805,1,0,0,-0,0,0.9,5.8
4,fragile,227,pre,100.013640255,-0.000237127849452,1.02845534193,4.24898424192,1,0,0,-0,0,0.9,5.8
4,fragile,228,pre,99.9864101792,-0.000272300691065,1.03267608293,4.28591572562,1,0,0,-0,0,0.9,5.8
4,fragile,229,pre,100.007570338,0.000211607959423,1.02539295513,4.22218835739,1,0,0,-0,0,0.9,5.8
4,fragile,230,pre,100.060254029,0.00052665831927,1.06319899831,4.55299123523,1,0,0,-0,0,0.9,5.8
4,fragile,231,pre,100.136235477,0.000759068774669,1.09108825296,4.7970222134,1,0,0,-0,0,0.9,5.8
4,fragile,232,pre,100.112237552,-0.00023968148377,1.02876177805,4.25166555796,1,0,0,-0,0,0.9,5.8
4,fragile,233,pre,100.117628916,5.38517497326e-05,1.00646220997,4.05654433722,1,0,0,-0,0,0.9,5.8
4,fragile,234,pre,100.132516234,0.000148687208193,1.01784246498,4.1561215686,1,0,0,-0,0,0.9,5.8
4,fragile,235,pre,100.054004996,-0.000784380898386,1.09412570781,4.82359994331,1,0,0,-0,0,0.9,5.8
4,fragile,236,pre,100.019663374,-0.000343289780337,1.04119477364,4.36045426935,1,0,0,-0,0,0.9,5.8
4,fragile,237,pre,100.002152814,-0.0001750865018,1.02101038022,4.18384082689,1,0,0,-0,0,0.9,5.8
4,fragile,238,pre,99.997818515,-4.33429916758e-05,1.005201159,4.04551014126,1,0,0,-0,0,0.9,5.8
4,fragile,239,pre,100.005109654,7.29103235241e-05,1.00874923882,4.0765558397,1,0,0,-0,0,0.9,5.8
4,fragile,240,post,98.7895241132,-0.0122297133345,3.33156560013,26.4411990012,1,-0.68085106383,0,-0,-0.96,0.9,5.8
4,fragile,241,post,97.6137745846,-0.0119729513896,3.30075416676,26.1715989591,1,-0.68085106383,0,-0,-0.96,0.9,5.8
4,fragile,242,post,96.0987039503,-0.0156427870843,3.97919967651,35.3958618021,0.94200382147,-0.73126577874,0.00651299709861,-0.264516918205,-0.96,0.839191513056,5.47568806963
4,fragile,243,post,93.9753277145,-0.0223435527198,5.0241734624,52.3375724223,0.810086875298,-0.768299628947,0.022155784183,-0.532163484482,-0.96,0.716855079842,4.82322709249
4,fragile,244,post,90.9217977431,-0.0330325051059,6.55056187451,80.1510137096,0.618598241452,-0.796652167833,0.0444993369027,-0.802956957562,-0.96,0.532267273506,3.83875879203
4,fragile,245,post,88.1626949443,-0.030815857865,5.57865135366,86.369890755,0.350413270486,-0.685008360192,0.0775318420086,-0.97860934428,0,0.307299608154,2.63893124349
4,fragile,246,post,84.5553222864,-0.0417778919713,6.70720841725,113.614641053,0.2,-0.631436678805,0.108347699874,-0.770957089655,0,0.130068093291,1.69369649755
4,fragile,247,post,82.8702351843,-0.0201300689059,3.81566305537,74.5618382768,0.2,-0.49692864795,0.150125591845,-0.444505318512,0,0.0278829625986,1.14870913386
4,fragile,248,post,83.1350544035,0.00319049404376,1.47960701893,39.924892839,0.2,-0.192821466209,0.170255660751,-0.10749748186,0,0.00317089780307,1.01691145495
4,fragile,249,post,83.9073515339,0.0092467853163,2.12041851934,41.5093624366,0.2,-0.0259840551543,0.167065166707,-0.0120047570898,0,0.000411183529557,1.00219297882
4,fragile,250,post,84.7333041904,0.00979549394194,2.1767858826,41.5589691707,0.2,-0.00326488479481,0.157818381391,-0.00147401063257,0,7.23305105763e-05,1.00038576272
4,fragile,251,post,85.5631578092,0.00974606492453,2.16974728316,41.4455621828,0.2,-0.000541662531702,0.148022887449,-0.000243880240054,0,1.62660875754e-05,1.00008675247
4,fragile,252,post,86.3418436839,0.00905955258823,2.08719256799,40.7151000731,0.2,-0.00011420275627,0.138276822524,-5.13971100133e-05,0,4.45065998611e-06,1.00002373685
4,fragile,253,post,87.0418537707,0.00807473713524,1.9689803237,39.6791332962,0.2,-2.93015511088e-05,0.129217269936,-1.31860843717e-05,0,1.4193762225e-06,1.00000757001
4,fragile,254,post,87.7408002498,0.00799793559392,1.95975583162,39.5980301708,0.2,-8.79090848643e-06,0.121142532801,-3.95594359523e-06,0,5.09963901758e-07,1.00000271981
4,fragile,255,post,88.402033887,0.00750796075864,1.90095649039,39.0834254271,0.2,-2.96134592947e-06,0.113144597207,-1.33260961458e-06,0,2.03616863924e-07,1.00000108596
4,fragile,256,post,89.021208451,0.00697966139609,1.83755981648,38.5286694074,0.2,-1.1085101739e-06,0.105636636448,-4.98830131215e-07,0,8.89432705413e-08,1.00000047436
4,fragile,257,post,89.6573085629,0.0071200814713,1.85440996051,38.6760957646,0.2,-4.54211177997e-07,0.0986569750522,-2.04395122937e-07,0,4.19558859581e-08,1.00000022376
4,fragile,258,post,90.2532369392,0.00662474291478,1.7949692307,38.1559845565,0.2,-1.99819755776e-07,0.0915368935809,-8.99189080669e-08,0,2.12848726094e-08,1.00000011352
4,fragile,259,post,90.8040792605,0.00608474744263,1.73016973141,37.2310654501,0.210527099582,-9.45563479379e-08,0.0849121506661,-4.25503605954e-08,0,1.15031805185e-08,1.00000006135
4,fragile,260,post,91.326696635,0.00573894012478,1.6886728343,35.6266781884,0.247035582702,-4.77189231706e-08,0.0788274032235,-2.14735164515e-08,0,6.56673995491e-09,1.00000003502
4,fragile,261,post,91.7338526589,0.00444832812784,1.53379938564,33.1007913711,0.281469222633,-2.54194713641e-08,0.0730884630987,-1.14387624046e-08,0,3.93713940212e-09,1.000000021
4,fragile,262,post,92.2175248997,0.00525870870687,1.63104505065,33.0442318606,0.308159190936,-1.43939446553e-08,0.0686401349709,-6.47727518812e-09,0,2.44811062324e-09,1.00000001306
4,fragile,263,post,92.6851455978,0.00505803073379,1.60696369143,31.7607433219,0.33971144291,-8.32790660091e-09,0.063381426264,-3.74755800162e-09,0,1.58660303666e-09,1.00000000846
4,fragile,264,post,93.1256556133,0.00474149874924,1.56897985194,30.3965464245,0.370059627151,-5.00937769772e-09,0.0583233955302,-2.25421997527e-09,0,1.0683915481e-09,1.0000000057
4,fragile,265,post,93.5419015767,0.00445976429492,1.53517171666,29.1334594804,0.398508619546,-3.12838400382e-09,0.053581896781,-1.40777280612e-09,0,7.44765615654e-10,1.00000000397
4,fragile,266,post,93.8984375331,0.00380426527368,1.45651183366,27.5353935802,0.42526720525,-2.02022866597e-09,0.0491221324861,-9.09102901523e-10,0,5.3577644289e-10,1.00000000286
4,fragile,267,post,94.2392173409,0.00362266852563,1.43472022362,26.5686468727,0.448092796849,-1.35481623657e-09,0.0453178672124,-6.09667307284e-10,0,3.95623038917e-10,1.00000000211
4,fragile,268,post,94.5220701135,0.00299693849445,1.35963261971,25.172605957,0.469828807973,-9.31138885914e-10,0.0416951986867,-4.19012499051e-10,0,2.99298326491e-10,1.0000000016
4,fragile,269,post,94.8278432588,0.00322971799363,1.3875661595,24.8056489762,0.487810438918,-6.61074951521e-10,0.0386982601923,-2.97483728381e-10,0,2.30911262496e-10,1.00000000123
4,fragile,270,post,95.123055323,0.00310830118775,1.37299614272,24.0192988579,0.507188746865,-4.73979126722e-10,0.0354685421987,-2.13290607126e-10,0,1.81878939019e-10,1.00000000097
4,fragile,271,post,95.435315371,0.00327731945201,1.39327833438,23.5626745923,0.52583855398,-3.46008612152e-10,0.0323602410109,-1.55703875522e-10,0,1.46084944646e-10,1.00000000078
4,fragile,272,post,95.6449260273,0.00219395515537,1.26327461875,21.756568912,0.545502470684,-2.54773293867e-10,0.0290829215589,-1.14647982269e-10,0,1.19729086653e-10,1.00000000064
4,fragile,273,post,95.8968697518,0.00263069340837,1.31568320908,21.7675772256,0.55866620161,-1.96112258058e-10,0.0268889664035,-8.82505161434e-11,0,9.94416116772e-11,1.00000000053
4,fragile,274,post,96.1385552842,0.00251709454074,1.30205134495,21.1116369591,0.574450362055,-1.5023803048e-10,0.0242582729952,-6.76071137263e-11,0,8.38997464528e-11,1.00000000045
4,fragile,275,post,96.4055075384,0.00277289698096,1.33274763776,20.8667422348,0.589552929296,-1.16549916599e-10,0.0217411784544,-5.24474624755e-11,0,7.18428585274e-11,1.00000000038
4,fragile,276,post,96.5941587255,0.00195493858454,1.23459263018,19.4422149344,0.606190311179,-9.01723859766e-11,0.0189682814735,-4.05775736931e-11,0,6.25146806669e-11,1.00000000033
4,fragile,277,post,96.7974886019,0.00210277904093,1.25233348494,19.1986399423,0.617919942684,-7.25573456796e-11,0.0170133428889,-3.26508055582e-11,0,5.50087483546e-11,1.00000000029
4,fragile,278,post,96.9725171638,0.00180656039939,1.21678724795,18.4586434442,0.630536616927,-5.82548468261e-11,0.014910563848,-2.62146810733e-11,0,4.89823848895e-11,1.00000000026
4,fragile,279,post,97.1779897956,0.00211663324195,1.25399598905,18.4156816074,0.641375979322,-4.75958650102e-11,0.0131040034486,-2.14181392556e-11,0,4.40586747158e-11,1.00000000023
4,fragile,280,post,97.3995931333,0.00227778997162,1.27333479661,18.1531029922,0.654075778772,-3.83041518234e-11,0.0109873702067,-1.72368683212e-11,0,4.00961762512e-11,1.00000000021
4,fragile,281,post,97.5328909171,0.00136763049224,1.16411565908,16.7327663846,0.667742518601,-3.04448813993e-11,0.00870958023504,-1.37001966301e-11,0,3.69467057615e-11,1.0000000002
4,fragile,282,post,97.7177598315,0.00189365791064,1.22723894929,17.0060985535,0.675948301554,-2.56112435304e-11,0.0073419497428,-1.1525059589e-11,0,3.42972667755e-11,1.00000000018
4,fragile,283,post,97.8338613985,0.00118742641837,1.14249117021,15.8782492728,0.687310249017,-2.06355486498e-11,0.00544829183216,-9.28599689261e-12,0,3.21625548462e-11,1.00000000017
4,fragile,284,post,97.965065875,0.00134019627216,1.16082355267,15.79642263,0.694434807527,-1.75052797382e-11,0.0042608654138,-7.87737588234e-12,0,3.03516638388e-11,1.00000000016
4,fragile,285,post,98.0898509204,0.00127296029313,1.15275523518,15.4524248125,0.702475985159,-1.45535927172e-11,0.00292066914164,-6.54911672283e-12,0,2.88461197646e-11,1.00000000015
4,fragile,286,post,98.157343791,0.000687835292271,1.08254023508,14.5783596618,0.710113746918,-1.20568875146e-11,0.00164770884851,-5.42559938164e-12,0,2.75988555389e-11,1.00000000015
4,fragile,287,post,98.3037569864,0.00149050597779,1.17886071734,15.2808454819,0.714240758671,-1.06180310186e-11,0.000959873556238,-4.7781139584e-12,0,2.6500438537e-11,1.00000000014
4,fragile,288,post,98.4222872693,0.00120502903061,1.14460348367,14.7852804819,0.720000000008,0,0,-0,0,2.6500438537e-11,1.00000000014
4,fragile,289,post,98.5122803382,0.000913938840124,1.10967266081,14.4796357818,0.720000000008,0,0,-0,0,2.6500438537e-11,1.00000000014
4,fragile,290,post,98.6049783125,0.000940536427957,1.11286437135,14.5075632491,0.720000000008,0,0,-0,0,2.6500438537e-11,1.00000000014
4,fragile,291,post,98.7344203911,0.00131187282385,1.15742473886,14.8974664648,0.720000000008,0,0,-0,0,2.6500438537e-11,1.00000000014
4,fragile,292,post,98.7901081354,0.000563856511573,1.06766278139,14.1120493369,0.720000000008,0,0,-0,0,2.6500438537e-11,1.00000000014
4,fragile,293,post,98.7884999984,-1.62784519099e-05,1.00195341423,13.5370923742,0.720000000008,0,0,-0,0,2.6500438537e-11,1.00000000014
4,fragile,294,post,98.8382572041,0.000503547266652,1.060425672,14.0487246297,0.720000000008,0,0,-0,0,2.6500438537e-11,1.00000000014
4,fragile,295,post,98.9487841008,0.00111763548779,1.13411625854,14.6935172619,0.720000000008,0,0,-0,0,2.6500438537e-11,1.00000000014
4,fragile,296,post,99.0424954539,0.000946621086358,1.11359453036,14.5139521404,0.720000000008,0,0,-0,0,2.6500438537e-11,1.00000000014
4,fragile,297,post,99.1228311832,0.000810795058382,1.09729540701,14.371334811,0.720000000008,0,0,-0,0,2.6500438537e-11,1.00000000014
4,fragile,298,post,99.1936692294,0.000714393900566,1.08572726807,14.2701135953,0.720000000008,0,0,-0,0,2.6500438537e-11,1.00000000014
4,fragile,299,post,99.2269546017,0.000335503155155,1.04026037862,13.8722783126,0.720000000008,0,0,-0,0,2.6500438537e-11,1.00000000014
4,fragile,300,post,99.2988385038,0.000724176986107,1.08690123833,14.2803858351,0.720000000008,0,0,-0,0,2.6500438537e-11,1.00000000014
4,fragile,301,post,99.2896033854,-9.30076126414e-05,1.01116091352,13.617657993,0.720000000008,0,0,-0,0,2.6500438537e-11,1.00000000014
4,fragile,302,post,99.3220832562,0.000327069082967,1.03924828996,13.8634225368,0.720000000008,0,0,-0,0,2.6500438537e-11,1.00000000014
4,fragile,303,post,99.3549140242,0.000330493903889,1.03965926847,13.8670185988,0.720000000008,0,0,-0,0,2.6500438537e-11,1.00000000014
4,fragile,304,post,99.432656117,0.000782162554309,1.09385950652,14.3412706817,0.720000000008,0,0,-0,0,2.6500438537e-11,1.00000000014
4,fragile,305,post,99.429498605,-3.17557858349e-05,1.0038106943,13.5533435748,0.720000000008,0,0,-0,0,2.6500438537e-11,1.00000000014
4,fragile,306,post,99.4446677933,0.000152550616104,1.01830607393,13.6801781466,0.720000000008,0,0,-0,0,2.6500438537e-11,1.00000000014
4,fragile,307,post,99.4698499603,0.000253195869793,1.03038350438,13.785855663,0.720000000008,0,0,-0,0,2.6500438537e-11,1.00000000014
4,fragile,308,post,99.5291128927,0.000595610482541,1.0714732579,14.1453910064,0.720000000008,0,0,-0,0,2.6500438537e-11,1.00000000014
4,fragile,309,post,99.5623829243,0.000334218513107,1.04010622157,13.8709294385,0.720000000008,0,0,-0,0,2.6500438537e-11,1.00000000014
4,fragile,310,post,99.6169380627,0.000547799235027,1.0657359082,14.0951891965,0.720000000008,0,0,-0,0,2.6500438537e-11,1.00000000014
4,fragile,311,post,99.6457762437,0.000289448843978,1.03473386128,13.8239212859,0.720000000008,0,0,-0,0,2.6500438537e-11,1.00000000014
4,fragile,312,post,99.6428466688,-2.9400322281e-05,1.00352803867,13.5508703381,0.720000000008,0,0,-0,0,2.6500438537e-11,1.00000000014
4,fragile,313,post,99.6343806875,-8.49668720206e-05,1.01019602464,13.6092152153,0.720000000008,0,0,-0,0,2.6500438537e-11,1.00000000014
4,fragile,314,post,99.6636938718,0.000294164252552,1.03529971031,13.8288724649,0.720000000008,0,0,-0,0,2.6500438537e-11,1.00000000014
4,fragile,315,post,99.7347255114,0.000712459434166,1.0854951321,14.2680824056,0.720000000008,0,0,-0,0,2.6500438537e-11,1.00000000014
4,fragile,316,post,99.7319122449,-2.82078901138e-05,1.00338494681,13.5496182843,0.720000000008,0,0,-0,0,2.6500438537e-11,1.00000000014
4,fragile,317,post,99.7512986628,0.0001943664121,1.02332396945,13.7240847324,0.720000000008,0,0,-0,0,2.6500438537e-11,1.00000000014
4,fragile,318,post,99.7834530123,0.000322293229988,1.0386751876,13.8584078912,0.720000000008,0,0,-0,0,2.6500438537e-11,1.00000000014
4,fragile,319,post,99.8095525804,0.000261527883982,1.03138334608,13.7946042779,0.720000000008,0,0,-0,0,2.6500438537e-11,1.00000000014
4,fragile,320,post,99.7938166275,-0.000157672217541,1.0189206661,13.6855558281,0.720000000008,0,0,-0,0,2.6500438537e-11,1.00000000014
4,fragile,321,post,99.7794181104,-0.000144293067478,1.0173151681,13.6715077206,0.720000000008,0,0,-0,0,2.6500438537e-11,1.00000000014
4,fragile,322,post,99.7667440826,-0.000127028530118,1.01524342361,13.6533799563,0.720000000008,0,0,-0,0,2.6500438537e-11,1.00000000014
4,fragile,323,post,99.7638755394,-2.87529118899e-05,1.00345034943,13.5501905572,0.720000000008,0,0,-0,0,2.6500438537e-11,1.00000000014
4,fragile,324,post,99.8058853798,0.000421004072427,1.05052048869,13.9620542758,0.720000000008,0,0,-0,0,2.6500438537e-11,1.00000000014
4,fragile,325,post,99.7968832782,-9.02001676368e-05,1.01082402012,13.6147101757,0.720000000008,0,0,-0,0,2.6500438537e-11,1.00000000014
4,fragile,326,post,99.8277329896,0.000309077229329,1.03708926752,13.8445310905,0.720000000008,0,0,-0,0,2.6500438537e-11,1.00000000014
4,fragile,327,post,99.7732051669,-0.000546368414379,1.06556420973,14.0936868348,0.720000000008,0,0,-0,0,2.6500438537e-11,1.00000000014
4,fragile,328,post,99.8078256844,0.000346931947331,1.04163183368,13.8842785444,0.720000000008,0,0,-0,0,2.6500438537e-11,1.00000000014
4,fragile,329,post,99.847114042,0.000393562594963,1.0472275114,13.9332407244,0.720000000008,0,0,-0,0,2.6500438537e-11,1.00000000014
4,fragile,330,post,99.8426573829,-4.46358275844e-05,1.00535629931,13.5668676187,0.720000000008,0,0,-0,0,2.6500438537e-11,1.00000000014
4,fragile,331,post,99.8233576326,-0.00019332033402,1.02319844008,13.7229863504,0.720000000008,0,0,-0,0,2.6500438537e-11,1.00000000014
4,fragile,332,post,99.8839483518,0.000606795236989,1.07281542844,14.1571349986,0.720000000008,0,0,-0,0,2.6500438537e-11,1.00000000014
4,fragile,333,post,99.8478661911,-0.000361306096102,1.04335673153,13.8993714006,0.720000000008,0,0,-0,0,2.6500438537e-11,1.00000000014
4,fragile,334,post,99.8136989115,-0.000342251949636,1.04107023396,13.8793645468,0.720000000008,0,0,-0,0,2.6500438537e-11,1.00000000014
4,fragile,335,post,99.8799650125,0.000663677576874,1.07964130922,14.2168614554,0.720000000008,0,0,-0,0,2.6500438537e-11,1.00000000014
4,fragile,336,post,99.8356948422,-0.000443331996031,1.05319983952,13.9854985956,0.720000000008,0,0,-0,0,2.6500438537e-11,1.00000000014
4,fragile,337,post,99.8014090209,-0.000343481456958,1.04121777483,13.8806555295,0.720000000008,0,0,-0,0,2.6500438537e-11,1.00000000014
4,fragile,338,post,99.8633431307,0.00062038102522,1.07444572303,14.1714000762,0.720000000008,0,0,-0,0,2.6500438537e-11,1.00000000014
4,fragile,339,post,99.8673264073,3.98864794547e-05,1.00478637753,13.5618808031,0.720000000008,0,0,-0,0,2.6500438537e-11,1.00000000014
4,fragile,340,post,99.8706667475,3.34472188091e-05,1.00401366626,13.5551195795,0.720000000008,0,0,-0,0,2.6500438537e-11,1.00000000014
4,fragile,341,post,99.8506840389,-0.000200105884097,1.02401270609,13.730111178,0.720000000008,0,0,-0,0,2.6500438537e-11,1.00000000014
4,fragile,342,post,99.8490963004,-1.59012534475e-05,1.00190815041,13.5366963158,0.720000000008,0,0,-0,0,2.6500438537e-11,1.00000000014
4,fragile,343,post,99.858027646,8.94444360664e-05,1.01073333233,13.6139166576,0.720000000008,0,0,-0,0,2.6500438537e-11,1.00000000014
4,fragile,344,post,99.8736312226,0.000156245401544,1.01874944819,13.6840576713,0.720000000008,0,0,-0,0,2.6500438537e-11,1.00000000014
4,fragile,345,post,99.8809891082,7.36692408968e-05,1.00884030891,13.5973527027,0.720000000008,0,0,-0,0,2.6500438537e-11,1.00000000014
4,fragile,346,post,99.9311403603,0.000501984072026,1.06023808864,14.0470832753,0.720000000008,0,0,-0,0,2.6500438537e-11,1.00000000014
4,fragile,347,post,99.8988411581,-0.000323266831498,1.03879201978,13.8594301728,0.720000000008,0,0,-0,0,2.6500438537e-11,1.00000000014
4,fragile,348,post,99.8761073003,-0.00022759468206,1.02731136185,13.7589744159,0.720000000008,0,0,-0,0,2.6500438537e-11,1.00000000014
4,fragile,349,post,99.8880070277,0.000119137788478,1.01429653462,13.6450946776,0.720000000008,0,0,-0,0,2.6500438537e-11,1.00000000014
4,fragile,350,post,99.8601100696,-0.000279321364117,1.03351856369,13.813287432,0.720000000008,0,0,-0,0,2.6500438537e-11,1.00000000014
4,fragile,351,post,99.9010518648,0.000409907465752,1.04918889589,13.9504028388,0.720000000008,0,0,-0,0,2.6500438537e-11,1.00000000014
4,fragile,352,post,99.9396144082,0.000385932898912,1.04631194787,13.9252295436,0.720000000008,0,0,-0,0,2.6500438537e-11,1.00000000014
4,fragile,353,post,99.9479091846,8.29944387552e-05,1.00995933265,13.6071441604,0.720000000008,0,0,-0,0,2.6500438537e-11,1.00000000014
4,fragile,354,post,99.9395152434,-8.39866858434e-05,1.0100784023,13.6081860199,0.720000000008,0,0,-0,0,2.6500438537e-11,1.00000000014
4,fragile,355,post,99.9586507374,0.000191452422528,1.0229742907,13.7210250434,0.720000000008,0,0,-0,0,2.6500438537e-11,1.00000000014
4,fragile,356,post,99.9568576148,-1.79388049878e-05,1.0021526566,13.538835745,0.720000000008,0,0,-0,0,2.6500438537e-11,1.00000000014
4,fragile,357,post,100.010055506,0.000532066951856,1.06384803422,14.0786702992,0.720000000008,0,0,-0,0,2.6500438537e-11,1.00000000014
4,fragile,358,post,99.991656837,-0.000183985120704,1.02207821448,13.7131843765,0.720000000008,0,0,-0,0,2.6500438537e-11,1.00000000014
4,fragile,359,post,100.021043107,0.000293844038617,1.03526128463,13.8285362403,0.720000000008,0,0,-0,0,2.6500438537e-11,1.00000000014
4,fragile,360,post,100.053821081,0.000327657101877,1.03931885223,13.8640399567,0.720000000008,0,0,-0,0,2.6500438537e-11,1.00000000014
